source_id,occurrenceID,species,scientificName,taxonRank,decimalLatitude,decimalLongitude,coordinateUncertaintyInMeters,countryCode,country,stateProvince,locality,eventDate,year,month,day,basisOfRecord,institutionCode,collectionCode,catalogNumber,recordedBy,identifiedBy,datasetName,gbif_datasetKey,source_doi,download_timestamp_utc,qa_flags
manual_kyrgyzstan_dryad_2025,1095,,Anaphalis racemifera,species,41.33,74.296,,,Kyrgyzstan,Ysyk-Köl Region,"Ak-Shyyrak Mts.: N side, Aldake, archa forest with spruce",8/16/1958,1958,8,16,HerbariumSpecimen,LE,,,Ubukeeva & Filatova,A.N.Sennikov,Kyrgyzstan vascular plants (Sennikov & Lazkov 2025),,10.5061/dryad.x3ffbg7wt,2026-04-29T23:08:25Z,
manual_kyrgyzstan_dryad_2025,1096,,Anaphalis racemifera,species,41.33,74.296,,,Kyrgyzstan,Ysyk-Köl Region,"Ak-Shyyrak Mts.: N side, Aldake, archa forest with spruce",8/16/1958,1958,8,16,HerbariumSpecimen,FRU,,,Ubukeeva & Filatova,A.N.Sennikov,Kyrgyzstan vascular plants (Sennikov & Lazkov 2025),,10.5061/dryad.x3ffbg7wt,2026-04-29T23:08:25Z,
manual_kyrgyzstan_dryad_2025,1097,,Anaphalis racemifera,species,42.63,75.041,,,Kyrgyzstan,Chüy Region,Kyrgyz Range: Tuyuk,7/27/1939,1939,7,27,HerbariumSpecimen,LE,,,P.S. Massagetov,A.N.Sennikov,Kyrgyzstan vascular plants (Sennikov & Lazkov 2025),,10.5061/dryad.x3ffbg7wt,2026-04-29T23:08:25Z,
manual_kyrgyzstan_dryad_2025,1098,,Anaphalis racemifera,species,40.55,74.359,,,Kyrgyzstan,Osh Region,Kulun Lake,7/14/1974,1974,7,14,HerbariumSpecimen,FRU,,,Aydarova et al.,A.N.Sennikov,Kyrgyzstan vascular plants (Sennikov & Lazkov 2025),,10.5061/dryad.x3ffbg7wt,2026-04-29T23:08:25Z,
manual_kyrgyzstan_dryad_2025,1099,,Anaphalis racemifera,species,41.742,73.9,,,Kyrgyzstan,Naryn Region,left side of Köbük River at its confluence with Kökömeren,7/20/1961,1961,7,20,HerbariumSpecimen,FRU,,,Aidarova et al.,A.N.Sennikov,Kyrgyzstan vascular plants (Sennikov & Lazkov 2025),,10.5061/dryad.x3ffbg7wt,2026-04-29T23:08:25Z,
manual_kyrgyzstan_dryad_2025,1100,,Anaphalis racemifera,species,40.653,73.856,,,Kyrgyzstan,Osh Region,"Kara-Kulja River, Ak-Tash",8/10/1974,1974,8,10,HerbariumSpecimen,FRU,,,Aidarova et al.,A.N.Sennikov,Kyrgyzstan vascular plants (Sennikov & Lazkov 2025),,10.5061/dryad.x3ffbg7wt,2026-04-29T23:08:25Z,
manual_kyrgyzstan_dryad_2025,1101,,Anaphalis racemifera,species,41.2,73.753,,,Kyrgyzstan,Jalal-Abad Region,"",8/2/1915,1915,8,2,HerbariumSpecimen,LE,,,M. Spiridonov,A.N.Sennikov,Kyrgyzstan vascular plants (Sennikov & Lazkov 2025),,10.5061/dryad.x3ffbg7wt,2026-04-29T23:08:25Z,
manual_kyrgyzstan_dryad_2025,1102,,Anaphalis racemifera,species,40.316,73.6,,,Kyrgyzstan,Osh Region,upper reaches of Kulmambet River,8/30/1947,1947,8,30,HerbariumSpecimen,FRU,,,A. Gusarova & Khizhniakova,A.N.Sennikov,Kyrgyzstan vascular plants (Sennikov & Lazkov 2025),,10.5061/dryad.x3ffbg7wt,2026-04-29T23:08:25Z,
manual_kyrgyzstan_dryad_2025,1103,,Anaphalis racemifera,species,41.174,73.554,,,Kyrgyzstan,Jalal-Abad Region,Fergana Range: upper reaches of Kök-Art River,7/31/1962,1962,7,31,HerbariumSpecimen,LE,,,M. Pryakhin,A.N.Sennikov,Kyrgyzstan vascular plants (Sennikov & Lazkov 2025),,10.5061/dryad.x3ffbg7wt,2026-04-29T23:08:25Z,
manual_kyrgyzstan_dryad_2025,1104,,Anaphalis racemifera,species,41.555,73.26,,,Kyrgyzstan,Osh Region,Kara-Suu Lake,7/30/1974,1974,7,30,HerbariumSpecimen,LE,,,V. Botschantzev,A.N.Sennikov,Kyrgyzstan vascular plants (Sennikov & Lazkov 2025),,10.5061/dryad.x3ffbg7wt,2026-04-29T23:08:25Z,
manual_kyrgyzstan_dryad_2025,1105,,Anaphalis racemifera,species,41.33,73.12,,,Kyrgyzstan,Jalal-Abad Region,Kuroves-Suu,8/18/1911,1911,8,18,HerbariumSpecimen,LE,,,Z. von Minkwitz,A.N.Sennikov,Kyrgyzstan vascular plants (Sennikov & Lazkov 2025),,10.5061/dryad.x3ffbg7wt,2026-04-29T23:08:25Z,
manual_kyrgyzstan_dryad_2025,1106,,Anaphalis racemifera,species,41.357,73.041,,,Kyrgyzstan,Jalal-Abad Region,Kyzyl-Üngkür,7/13/1945,1945,7,13,HerbariumSpecimen,LE,,,Matveeva,A.N.Sennikov,Kyrgyzstan vascular plants (Sennikov & Lazkov 2025),,10.5061/dryad.x3ffbg7wt,2026-04-29T23:08:25Z,
manual_kyrgyzstan_dryad_2025,1107,,Anaphalis racemifera,species,41.357,73.041,,,Kyrgyzstan,Jalal-Abad Region,Kyzyl-Üngkür,8/5/1945,1945,8,5,HerbariumSpecimen,LE,,,Matveeva,A.N.Sennikov,Kyrgyzstan vascular plants (Sennikov & Lazkov 2025),,10.5061/dryad.x3ffbg7wt,2026-04-29T23:08:25Z,
manual_kyrgyzstan_dryad_2025,1108,,Anaphalis racemifera,species,41.25,72.975,,,Kyrgyzstan,Jalal-Abad Region,along Kara-Ünkür River,13/08/1895,1895,8,13,HerbariumSpecimen,LE,,,S. Korshinsky,A.N.Sennikov,Kyrgyzstan vascular plants (Sennikov & Lazkov 2025),,10.5061/dryad.x3ffbg7wt,2026-04-29T23:08:25Z,
manual_kyrgyzstan_dryad_2025,1109,,Anaphalis racemifera,species,40.2,72.96,,,Kyrgyzstan,Osh Region,Alay Range: Sary-Koy,8/21/1937,1937,8,21,HerbariumSpecimen,FRU,,,V. Vandysheva,A.N.Sennikov,Kyrgyzstan vascular plants (Sennikov & Lazkov 2025),,10.5061/dryad.x3ffbg7wt,2026-04-29T23:08:25Z,
manual_kyrgyzstan_dryad_2025,1110,,Anaphalis racemifera,species,41.346,72.885,,,Kyrgyzstan,Jalal-Abad Region,Arstanbap,7/18/1962,1962,7,18,HerbariumSpecimen,LE,,,V. Botschantzev,A.N.Sennikov,Kyrgyzstan vascular plants (Sennikov & Lazkov 2025),,10.5061/dryad.x3ffbg7wt,2026-04-29T23:08:25Z,
manual_kyrgyzstan_dryad_2025,1111,,Anaphalis racemifera,species,41.73,72.85,,,Kyrgyzstan,Jalal-Abad Region,Ayukty River,7/20/1927,1927,7,20,HerbariumSpecimen,LE,,,R. Āboliņš,A.N.Sennikov,Kyrgyzstan vascular plants (Sennikov & Lazkov 2025),,10.5061/dryad.x3ffbg7wt,2026-04-29T23:08:25Z,
manual_kyrgyzstan_dryad_2025,1112,,Anaphalis racemifera,species,41.617,72.711,,,Kyrgyzstan,Jalal-Abad Region,Kayyngdy River,8/11/1979,1979,8,11,HerbariumSpecimen,LE,,,V. Botschantzev et al.,A.N.Sennikov,Kyrgyzstan vascular plants (Sennikov & Lazkov 2025),,10.5061/dryad.x3ffbg7wt,2026-04-29T23:08:25Z,
manual_kyrgyzstan_dryad_2025,1113,,Anaphalis racemifera,species,41.617,72.711,,,Kyrgyzstan,Jalal-Abad Region,Kayyngdy River,8/11/1979,1979,8,11,HerbariumSpecimen,FRU,,,V. Botschantzev et al.,A.N.Sennikov,Kyrgyzstan vascular plants (Sennikov & Lazkov 2025),,10.5061/dryad.x3ffbg7wt,2026-04-29T23:08:25Z,
manual_kyrgyzstan_dryad_2025,1114,,Anaphalis racemifera,species,41.354,72.57,,,Kyrgyzstan,Jalal-Abad Region,Sere-Suu,7/29/1911,1911,7,29,HerbariumSpecimen,LE,,,Z. von Minkwitz,A.N.Sennikov,Kyrgyzstan vascular plants (Sennikov & Lazkov 2025),,10.5061/dryad.x3ffbg7wt,2026-04-29T23:08:25Z,
manual_kyrgyzstan_dryad_2025,1115,,Anaphalis racemifera,species,42.09,72.47,,,Kyrgyzstan,Jalal-Abad Region,"W part of Suusamyr Range, Uzun-Akmat",28/07/1881,1881,7,28,HerbariumSpecimen,LE,,,A. Fetissov,A.N.Sennikov,Kyrgyzstan vascular plants (Sennikov & Lazkov 2025),,10.5061/dryad.x3ffbg7wt,2026-04-29T23:08:25Z,
manual_kyrgyzstan_dryad_2025,1116,,Anaphalis racemifera,species,41.514,72.402,,,Kyrgyzstan,Jalal-Abad Region,Kyzyl-Beyit,6/29/1978,1978,6,29,HerbariumSpecimen,FRU,,,B. Sultanova,A.N.Sennikov,Kyrgyzstan vascular plants (Sennikov & Lazkov 2025),,10.5061/dryad.x3ffbg7wt,2026-04-29T23:08:25Z,
manual_kyrgyzstan_dryad_2025,1117,,Anaphalis racemifera,species,42.08,72.382,,,Kyrgyzstan,Jalal-Abad Region,"left side of Uzun-Akmat River, Jangy-Jer",6/29/1973,1973,6,29,HerbariumSpecimen,FRU,,,Aidarova et al.,A.N.Sennikov,Kyrgyzstan vascular plants (Sennikov & Lazkov 2025),,10.5061/dryad.x3ffbg7wt,2026-04-29T23:08:25Z,
manual_kyrgyzstan_dryad_2025,1118,,Anaphalis racemifera,species,42.31,72.337,,,Kyrgyzstan,Talas Region,Talas Ala-Too: Besh-Tash,7/31/1930,1930,7,31,HerbariumSpecimen,LE,,,M.M. Iljin,A.N.Sennikov,Kyrgyzstan vascular plants (Sennikov & Lazkov 2025),,10.5061/dryad.x3ffbg7wt,2026-04-29T23:08:25Z,
manual_kyrgyzstan_dryad_2025,1119,,Anaphalis racemifera,species,42.11,72.315,,,Kyrgyzstan,Jalal-Abad Region,Terek-Say,8/18/1966,1966,8,18,HerbariumSpecimen,FRU,,,Barchev,A.N.Sennikov,Kyrgyzstan vascular plants (Sennikov & Lazkov 2025),,10.5061/dryad.x3ffbg7wt,2026-04-29T23:08:25Z,
manual_kyrgyzstan_dryad_2025,1120,,Anaphalis racemifera,species,42.125,72.31,,,Kyrgyzstan,Jalal-Abad Region,Terek & Uzun-Akmat,29/07/1881,1881,7,29,HerbariumSpecimen,LE,,,A. Fetissov,A.N.Sennikov,Kyrgyzstan vascular plants (Sennikov & Lazkov 2025),,10.5061/dryad.x3ffbg7wt,2026-04-29T23:08:25Z,
manual_kyrgyzstan_dryad_2025,1121,,Anaphalis racemifera,species,42.4,72.266,,,Kyrgyzstan,Talas Region,"mouth of Besh-Tash River, left side",7/28/1922,1922,7,28,HerbariumSpecimen,LE,,,E. Korovin,A.N.Sennikov,Kyrgyzstan vascular plants (Sennikov & Lazkov 2025),,10.5061/dryad.x3ffbg7wt,2026-04-29T23:08:25Z,
manual_kyrgyzstan_dryad_2025,1122,,Anaphalis virgata,species,39.198,72.238,,,Kyrgyzstan,Osh Region,Ters-Agar,7/31/2004,2004,7,31,HerbariumSpecimen,FRU,,,G. Lazkov,A.N.Sennikov,Kyrgyzstan vascular plants (Sennikov & Lazkov 2025),,10.5061/dryad.x3ffbg7wt,2026-04-29T23:08:25Z,
manual_kyrgyzstan_dryad_2025,1123,,Anaphalis virgata,species,39.755,72.197,,,Kyrgyzstan,Batken Region,"Isfayram-Say, mouth of Tengiz-Bay",6/22/1931,1931,6,22,HerbariumSpecimen,LE,,,S. Lipschitz,A.N.Sennikov,Kyrgyzstan vascular plants (Sennikov & Lazkov 2025),,10.5061/dryad.x3ffbg7wt,2026-04-29T23:08:25Z,
manual_kyrgyzstan_dryad_2025,1124,,Anaphalis virgata,species,40.074,72.169,,,Kyrgyzstan,Batken Region,"Egin-Jay, right side of Pum River",5/25/1963,1963,5,25,HerbariumSpecimen,LE,,,Aidarova & Ubukeeva,A.N.Sennikov,Kyrgyzstan vascular plants (Sennikov & Lazkov 2025),,10.5061/dryad.x3ffbg7wt,2026-04-29T23:08:25Z,
manual_kyrgyzstan_dryad_2025,1125,,Anaphalis virgata,species,40.074,72.169,,,Kyrgyzstan,Batken Region,"Egin-Jay, right side of Pum River",5/25/1963,1963,5,25,HerbariumSpecimen,FRU,,,Aidarova & Ubukeeva,A.N.Sennikov,Kyrgyzstan vascular plants (Sennikov & Lazkov 2025),,10.5061/dryad.x3ffbg7wt,2026-04-29T23:08:25Z,
manual_kyrgyzstan_dryad_2025,1126,,Anaphalis virgata,species,40.135,72.147,,,Kyrgyzstan,Batken Region,Chauvay,7/2/1960,1960,7,2,HerbariumSpecimen,FRU,,,V. Janaeva,A.N.Sennikov,Kyrgyzstan vascular plants (Sennikov & Lazkov 2025),,10.5061/dryad.x3ffbg7wt,2026-04-29T23:08:25Z,
manual_kyrgyzstan_dryad_2025,1127,,Anaphalis virgata,species,39.979,72.119,,,Kyrgyzstan,Batken Region,Katta-Karagandy,8/21/1975,1975,8,21,HerbariumSpecimen,LE,,,Aidarova & Sudnitsyna,A.N.Sennikov,Kyrgyzstan vascular plants (Sennikov & Lazkov 2025),,10.5061/dryad.x3ffbg7wt,2026-04-29T23:08:25Z,
manual_kyrgyzstan_dryad_2025,1128,,Anaphalis virgata,species,39.979,72.119,,,Kyrgyzstan,Batken Region,Katta-Karagandy,8/21/1975,1975,8,21,HerbariumSpecimen,FRU,,,Aidarova & Sudnitsyna,A.N.Sennikov,Kyrgyzstan vascular plants (Sennikov & Lazkov 2025),,10.5061/dryad.x3ffbg7wt,2026-04-29T23:08:25Z,
manual_kyrgyzstan_dryad_2025,1129,,Anaphalis virgata,species,39.385,72.046,,,Kyrgyzstan,Batken Region,Sürmö-Tash River,6/12/1913,1913,6,12,HerbariumSpecimen,LE,,,N. Desiatova,A.N.Sennikov,Kyrgyzstan vascular plants (Sennikov & Lazkov 2025),,10.5061/dryad.x3ffbg7wt,2026-04-29T23:08:25Z,
manual_kyrgyzstan_dryad_2025,1130,,Anaphalis racemifera,species,41.75,71.98,,,Kyrgyzstan,Jalal-Abad Region,"Kojo-Ata River, N side of Kelty-Say",9/11/1927,1927,9,11,HerbariumSpecimen,LE,,,N. Dzens-Litowska,A.N.Sennikov,Kyrgyzstan vascular plants (Sennikov & Lazkov 2025),,10.5061/dryad.x3ffbg7wt,2026-04-29T23:08:25Z,
manual_kyrgyzstan_dryad_2025,1131,,Anaphalis racemifera,species,41.86,71.977,,,Kyrgyzstan,Osh Region,"Kara-Kulja River, Ak-Tash",8/24/1983,1983,8,24,HerbariumSpecimen,FRU,,,Aidarova,A.N.Sennikov,Kyrgyzstan vascular plants (Sennikov & Lazkov 2025),,10.5061/dryad.x3ffbg7wt,2026-04-29T23:08:25Z,
manual_kyrgyzstan_dryad_2025,1132,,Anaphalis racemifera,species,41.62,71.96,,,Kyrgyzstan,Jalal-Abad Region,"right side of Aflatun, opposite to headquarters of Arkyt collective farms",9/8/1945,1945,9,8,HerbariumSpecimen,LE,,,O. Knorring & A. Pyataeva,A.N.Sennikov,Kyrgyzstan vascular plants (Sennikov & Lazkov 2025),,10.5061/dryad.x3ffbg7wt,2026-04-29T23:08:25Z,
manual_kyrgyzstan_dryad_2025,1133,,Anaphalis racemifera,species,41.693,71.874,,,Kyrgyzstan,Jalal-Abad Region,"along Aflatun River, 6 km S of Aslam-Buka river",9/3/1931,1931,9,3,HerbariumSpecimen,LE,,,O. von Knorring & L. Emme,A.N.Sennikov,Kyrgyzstan vascular plants (Sennikov & Lazkov 2025),,10.5061/dryad.x3ffbg7wt,2026-04-29T23:08:25Z,
manual_kyrgyzstan_dryad_2025,1134,,Anaphalis virgata,species,39.94,71.846,,,Kyrgyzstan,Batken Region,"near Shohimardon, Kurban-Köl Lake",05/07/1871,1871,7,5,HerbariumSpecimen,LE,,,O. Fedtschenko,A.N.Sennikov,Kyrgyzstan vascular plants (Sennikov & Lazkov 2025),,10.5061/dryad.x3ffbg7wt,2026-04-29T23:08:25Z,
manual_kyrgyzstan_dryad_2025,1135,,Anaphalis virgata,species,39.91,71.84,,,Kyrgyzstan,Batken Region,Kanda-Kush near Shohimardan,7/27/1915,1915,7,27,HerbariumSpecimen,LE,,,V. Drobov,A.N.Sennikov,Kyrgyzstan vascular plants (Sennikov & Lazkov 2025),,10.5061/dryad.x3ffbg7wt,2026-04-29T23:08:25Z,
manual_kyrgyzstan_dryad_2025,1136,,Anaphalis virgata,species,39.91,71.638,,,Kyrgyzstan,Batken Region,Ak-Suu,6/27/1974,1974,6,27,HerbariumSpecimen,FRU,,,Aidarova et al.,A.N.Sennikov,Kyrgyzstan vascular plants (Sennikov & Lazkov 2025),,10.5061/dryad.x3ffbg7wt,2026-04-29T23:08:25Z,
manual_kyrgyzstan_dryad_2025,1137,,Anaphalis virgata,species,39.798,71.623,,,Kyrgyzstan,Batken Region,right side of Kara-Kazyk River,6/17/1963,1963,6,17,HerbariumSpecimen,FRU,,,Aidarova & Ubukeeva,A.N.Sennikov,Kyrgyzstan vascular plants (Sennikov & Lazkov 2025),,10.5061/dryad.x3ffbg7wt,2026-04-29T23:08:25Z,
manual_kyrgyzstan_dryad_2025,1138,,Anaphalis sarawschanica,species,39.672,71.596,,,Kyrgyzstan,Osh Region,"Alay Range: S side, upper course of Kök-Suu River, drainage basin of Abramov glacier",8/16/1987,1987,8,16,HerbariumSpecimen,TASH,,,V. Nozdryukhin,A.N.Sennikov,Kyrgyzstan vascular plants (Sennikov & Lazkov 2025),,10.5061/dryad.x3ffbg7wt,2026-04-29T23:08:25Z,
manual_kyrgyzstan_dryad_2025,1139,,Anaphalis virgata,species,39.894,71.366,,,Kyrgyzstan,Batken Region,Gavian (S of Khaidarken),6/22/1968,1968,6,22,HerbariumSpecimen,FRU,,,Ubukeeva & B. Sultanova,A.N.Sennikov,Kyrgyzstan vascular plants (Sennikov & Lazkov 2025),,10.5061/dryad.x3ffbg7wt,2026-04-29T23:08:25Z,
manual_kyrgyzstan_dryad_2025,1140,,Anaphalis racemifera,species,42.095,71.297,,,Kyrgyzstan,Jalal-Abad Region,Upper reaches of Chandalash River,8/14/1938,1938,8,14,HerbariumSpecimen,LE,,,Pyataeva & Momotov,A.N.Sennikov,Kyrgyzstan vascular plants (Sennikov & Lazkov 2025),,10.5061/dryad.x3ffbg7wt,2026-04-29T23:08:25Z,
manual_kyrgyzstan_dryad_2025,1141,,Anaphalis virgata,species,40.094,71.27,,,Kyrgyzstan,Batken Region,Katran-Too,7/23/1938,1938,7,23,HerbariumSpecimen,LE,,,Glybin,A.N.Sennikov,Kyrgyzstan vascular plants (Sennikov & Lazkov 2025),,10.5061/dryad.x3ffbg7wt,2026-04-29T23:08:25Z,
manual_kyrgyzstan_dryad_2025,1142,,Anaphalis virgata,species,39.61,70.966,,,Kyrgyzstan,Batken Region,Ak-Terek River,7/14/1913,1913,7,14,HerbariumSpecimen,LE,,,Z. von Minkwitz,A.N.Sennikov,Kyrgyzstan vascular plants (Sennikov & Lazkov 2025),,10.5061/dryad.x3ffbg7wt,2026-04-29T23:08:25Z,
manual_kyrgyzstan_dryad_2025,1143,,Anaphalis virgata,species,39.698,70.872,,,Kyrgyzstan,Batken Region,"Kalay-Mahmud River, Kak-Say",9/15/1975,1975,9,15,HerbariumSpecimen,LE,,,Aidarova & Sudnitsyna,A.N.Sennikov,Kyrgyzstan vascular plants (Sennikov & Lazkov 2025),,10.5061/dryad.x3ffbg7wt,2026-04-29T23:08:25Z,
manual_kyrgyzstan_dryad_2025,1144,,Anaphalis racemifera,species,41.705,70.556,,,Kyrgyzstan,Jalal-Abad Region,Kök-Suu Range: at mouth of Ispara-Say,9/19/2001,2001,9,19,HerbariumSpecimen,FRU,,,G. Lazkov,A.N.Sennikov,Kyrgyzstan vascular plants (Sennikov & Lazkov 2025),,10.5061/dryad.x3ffbg7wt,2026-04-29T23:08:25Z,
manual_kyrgyzstan_dryad_2025,1145,,Anaphalis virgata,species,39.77,70.42,,,Kyrgyzstan,Batken Region,N side of Daud Mts. facing to Karavshin River,8/19/1937,1937,8,19,HerbariumSpecimen,LE,,,K. Afanasiev,A.N.Sennikov,Kyrgyzstan vascular plants (Sennikov & Lazkov 2025),,10.5061/dryad.x3ffbg7wt,2026-04-29T23:08:25Z,
manual_kyrgyzstan_dryad_2025,1146,,Anaphalis virgata,species,39.7,70.036,,,Kyrgyzstan,Batken Region,Jeti-Köpürök down from Muzrad River,8/3/1913,1913,8,3,HerbariumSpecimen,LE,,,Z. von Minkwitz,A.N.Sennikov,Kyrgyzstan vascular plants (Sennikov & Lazkov 2025),,10.5061/dryad.x3ffbg7wt,2026-04-29T23:08:25Z,
manual_kyrgyzstan_dryad_2025,1147,,Anaphalis virgata,species,39.741,70.022,,,Kyrgyzstan,Batken Region,Turkestan Range: Leylek River at its confluence with Jeti-Köpürök,7/16/2005,2005,7,16,HerbariumSpecimen,LE,,,G. Lazkov,A.N.Sennikov,Kyrgyzstan vascular plants (Sennikov & Lazkov 2025),,10.5061/dryad.x3ffbg7wt,2026-04-29T23:08:25Z,
manual_kyrgyzstan_dryad_2025,1148,,Anaphalis virgata,species,39.73547,70.00974,,,Kyrgyzstan,Batken Region,"Turkestan Range, middle course of Leylek River",8/19/2011,2011,8,19,HerbariumSpecimen,H,,1748389,A. Sennikov & G. Lazkov,A.N.Sennikov,Kyrgyzstan vascular plants (Sennikov & Lazkov 2025),,10.5061/dryad.x3ffbg7wt,2026-04-29T23:08:25Z,
manual_kyrgyzstan_dryad_2025,1149,,Anaphalis sarawschanica,species,39.582,69.855,,,Kyrgyzstan,Batken Region,Kyrk-Bulak,7/18/2007,2007,7,18,HerbariumSpecimen,FRU,,,M. Ganybaeva,A.N.Sennikov,Kyrgyzstan vascular plants (Sennikov & Lazkov 2025),,10.5061/dryad.x3ffbg7wt,2026-04-29T23:08:25Z,
manual_kyrgyzstan_dryad_2025,1150,,Anaphalis virgata,species,39.61,69.792,,,Kyrgyzstan,Batken Region,Ashat,7/21/2007,2007,7,21,HerbariumSpecimen,FRU,,,M. Ganybaeva,A.N.Sennikov,Kyrgyzstan vascular plants (Sennikov & Lazkov 2025),,10.5061/dryad.x3ffbg7wt,2026-04-29T23:08:25Z,
manual_kyrgyzstan_dryad_2025,1151,,Anaphalis virgata,species,39.64,69.77,,,Kyrgyzstan,Batken Region,Abdyvi-Shor,9/12/1940,1940,9,12,HerbariumSpecimen,LE,,,K. Afanasiev,A.N.Sennikov,Kyrgyzstan vascular plants (Sennikov & Lazkov 2025),,10.5061/dryad.x3ffbg7wt,2026-04-29T23:08:25Z,
manual_kyrgyzstan_dryad_2025,1152,,Anaphalis virgata,species,39.7,69.65,,,Kyrgyzstan,Batken Region,Urusalak,7/30/1956,1956,7,30,HerbariumSpecimen,FRU,,,Aidarova & Faleeva,A.N.Sennikov,Kyrgyzstan vascular plants (Sennikov & Lazkov 2025),,10.5061/dryad.x3ffbg7wt,2026-04-29T23:08:25Z,
manual_kyrgyzstan_dryad_2025,1153,,Anaphalis virgata,species,39.65,69.383,,,Kyrgyzstan,Batken Region,Gush River at its mouth,7/13/1937,1937,7,13,HerbariumSpecimen,LE,,,K. Afanasiev,A.N.Sennikov,Kyrgyzstan vascular plants (Sennikov & Lazkov 2025),,10.5061/dryad.x3ffbg7wt,2026-04-29T23:08:25Z,
manual_kyrgyzstan_dryad_2025,1154,,Sisymbrium irio,species,40.294089,72.187364,,,Kyrgyzstan,"",Karavan Village,6/29/2024,2024,6,29,HerbariumSpecimen,ALTB,,,German D.A.,D.A.German,Kyrgyzstan vascular plants (Sennikov & Lazkov 2025),,10.5061/dryad.x3ffbg7wt,2026-04-29T23:08:25Z,
manual_kyrgyzstan_dryad_2025,1155,,Amberboa bucharica,species,41.866,73.221,,,Kyrgyzstan,"","Suusamyr Range (S side), Zagyra Mts., pass along the road to Torkent",6/1/2018,2018,6,1,HerbariumSpecimen,FRU,,,G.A.Lazkov,G.A.Lazkov,Kyrgyzstan vascular plants (Sennikov & Lazkov 2025),,10.5061/dryad.x3ffbg7wt,2026-04-29T23:08:25Z,
manual_kyrgyzstan_dryad_2025,1156,,Asperuginoides axillaris,species,42.7,71.51,,,Kyrgyzstan,"",Ak-Tash Mts.,"",,,,HerbariumSpecimen,FRU,,,G.A.Lazkov,G.A.Lazkov,Kyrgyzstan vascular plants (Sennikov & Lazkov 2025),,10.5061/dryad.x3ffbg7wt,2026-04-29T23:08:25Z,
manual_kyrgyzstan_dryad_2025,1157,,Asperuginoides axillaris,species,42.7,71.51,,,Kyrgyzstan,"",Ak-Tash Mts.,"",,,,HerbariumSpecimen,LE,,,G.A.Lazkov,G.A.Lazkov,Kyrgyzstan vascular plants (Sennikov & Lazkov 2025),,10.5061/dryad.x3ffbg7wt,2026-04-29T23:08:25Z,
manual_kyrgyzstan_dryad_2025,1158,,Asperuginoides axillaris,species,41.528,72.535,,,Kyrgyzstan,"",Fergana Range: 5 km upstream the Bekechal River,4/19/1990,1990,4,19,HerbariumSpecimen,FRU,,,"G.Lazkov, S.Sheremetova",G.A.Lazkov,Kyrgyzstan vascular plants (Sennikov & Lazkov 2025),,10.5061/dryad.x3ffbg7wt,2026-04-29T23:08:25Z,
manual_kyrgyzstan_dryad_2025,1159,,Asperuginoides axillaris,species,41.528,72.535,,,Kyrgyzstan,"",Fergana Range: 5 km upstream the Bekechal River,4/19/1990,1990,4,19,HerbariumSpecimen,LE,,,"G.Lazkov, S.Sheremetova",G.A.Lazkov,Kyrgyzstan vascular plants (Sennikov & Lazkov 2025),,10.5061/dryad.x3ffbg7wt,2026-04-29T23:08:25Z,
manual_kyrgyzstan_dryad_2025,1160,,Asperuginoides axillaris,species,41.29,73.06,,,Kyrgyzstan,"",near Kök-Alma Village,4/20/2018,2018,4,20,HerbariumSpecimen,FRU,,,G.A.Lazkov,G.A.Lazkov,Kyrgyzstan vascular plants (Sennikov & Lazkov 2025),,10.5061/dryad.x3ffbg7wt,2026-04-29T23:08:25Z,
manual_kyrgyzstan_dryad_2025,1161,,Asperuginoides axillaris,species,40.170833,72.108333,,,Kyrgyzstan,"",Alay Range: 7 km S of Uch-Korgon,4/26/2017,2017,4,26,HerbariumSpecimen,FRU,,,G.A.Lazkov,G.A.Lazkov,Kyrgyzstan vascular plants (Sennikov & Lazkov 2025),,10.5061/dryad.x3ffbg7wt,2026-04-29T23:08:25Z,
manual_kyrgyzstan_dryad_2025,1162,,Erodium ciconium,species,41.949936,72.540184,,,Kyrgyzstan,"",Talas Ala-Too: between the confluence of Kara-Kulja and Uzun-Akhmat rivers and Ak-Tektir Village,5/12/2016,2016,5,12,HerbariumSpecimen,FRU,,,G.A.Lazkov,G.A.Lazkov,Kyrgyzstan vascular plants (Sennikov & Lazkov 2025),,10.5061/dryad.x3ffbg7wt,2026-04-29T23:08:25Z,
manual_kyrgyzstan_dryad_2025,1163,,Acantholimon tataricum,species,41.871944,71.385,,,Kyrgyzstan,"",Chatkal Range (N side): Ayu-Chachy Ravine,8/29/2023,2023,8,29,HerbariumSpecimen,FRU,,,G.A.Lazkov,G.A.Lazkov,Kyrgyzstan vascular plants (Sennikov & Lazkov 2025),,10.5061/dryad.x3ffbg7wt,2026-04-29T23:08:25Z,
manual_kyrgyzstan_dryad_2025,1164,,Shangwua masarica,species,39.453,72.526,,,Kyrgyzstan,"Osh Region, Chon-Alay District",Ylai-Suu,7/6/2007,2007,7,6,HerbariumSpecimen,FRU,,,A.Akimaliev,G.A.Lazkov,Kyrgyzstan vascular plants (Sennikov & Lazkov 2025),,10.5061/dryad.x3ffbg7wt,2026-04-29T23:08:25Z,
manual_kyrgyzstan_dryad_2025,1165,,Shangwua masarica,species,39.66547,71.30106,,,Kyrgyzstan,"Batken Region, Batken District",Yangi-Daban,7/9/2023,2023,7,9,HerbariumSpecimen,FRU,,,"G.Lazkov, U.Neveraev",G.A.Lazkov,Kyrgyzstan vascular plants (Sennikov & Lazkov 2025),,10.5061/dryad.x3ffbg7wt,2026-04-29T23:08:25Z,
manual_kyrgyzstan_dryad_2025,1166,,Shangwua masarica,species,39.610165,71.978004,,,Kyrgyzstan,"",Kök-Suu River,11/07/2024,2024,7,11,HerbariumSpecimen,FRU,,,G.Lazkov,G.A.Lazkov,Kyrgyzstan vascular plants (Sennikov & Lazkov 2025),,10.5061/dryad.x3ffbg7wt,2026-04-29T23:08:25Z,
manual_kyrgyzstan_dryad_2025,1167,,Delphinium vvedenskyi,species,39.882,71.8867,,,Kyrgyzstan,"","Джайляу Шаид, по склонам гор",7/26/1948,1948,7,26,HerbariumSpecimen,LE,,,Н.Шафеев,M.G.Pakhomova,Kyrgyzstan vascular plants (Sennikov & Lazkov 2025),,10.5061/dryad.x3ffbg7wt,2026-04-29T23:08:25Z,
manual_kyrgyzstan_dryad_2025,1168,,Delphinium vvedenskyi,species,39.84,71.45,,,Kyrgyzstan,"","басс. р. Сох, Аллаудинсай",7/6/1950,1959,7,6,HerbariumSpecimen,TASH,,,Короткова,M.G.Pakhomova,Kyrgyzstan vascular plants (Sennikov & Lazkov 2025),,10.5061/dryad.x3ffbg7wt,2026-04-29T23:08:25Z,
manual_kyrgyzstan_dryad_2025,1169,,Delphinium vvedenskyi,species,39.938,71.554,,,Kyrgyzstan,"","басс. р. Шахимардан, окр. киш. Ярдан, верховья р. Аксу, уроч. Шивали",7/14/1961,1961,7,14,HerbariumSpecimen,TASH,,,Пятаева,M.G.Pakhomova,Kyrgyzstan vascular plants (Sennikov & Lazkov 2025),,10.5061/dryad.x3ffbg7wt,2026-04-29T23:08:25Z,
manual_kyrgyzstan_dryad_2025,1170,,Delphinium vvedenskyi,species,39.865,71.755,,,Kyrgyzstan,"","слияние Акташа и Сурметаша, окр. киш. Ярдан, 10 км от с. Дуоба",8/27/1962,1962,8,27,HerbariumSpecimen,TASH,,,Белолипов,M.G.Pakhomova,Kyrgyzstan vascular plants (Sennikov & Lazkov 2025),,10.5061/dryad.x3ffbg7wt,2026-04-29T23:08:25Z,
manual_kyrgyzstan_dryad_2025,1171,,Chesneya trijuga,species,39.882,71.8867,,,Kyrgyzstan,"",за Зеленым озером на реке Шаид,6/4/1950,1950,6,4,HerbariumSpecimen,LE,,,Н.Шафеев,G.A.Lazkov,Kyrgyzstan vascular plants (Sennikov & Lazkov 2025),,10.5061/dryad.x3ffbg7wt,2026-04-29T23:08:25Z,
manual_kyrgyzstan_dryad_2025,1172,,Chesneya trijuga,species,39.882,71.8867,,,Kyrgyzstan,"",за Зеленым озером на реке Шаид,6/4/1950,1950,6,4,HerbariumSpecimen,TASH,,,Н.Шафеев,G.A.Lazkov,Kyrgyzstan vascular plants (Sennikov & Lazkov 2025),,10.5061/dryad.x3ffbg7wt,2026-04-29T23:08:25Z,
manual_kyrgyzstan_dryad_2025,1173,,Chesneya trijuga,species,39.927,71.663,,,Kyrgyzstan,"","басс. р. Шахимардан, ущ. р. Бексу",7/29/1966,1966,7,29,HerbariumSpecimen,TASH,,,Халкузиев П.,G.A.Lazkov,Kyrgyzstan vascular plants (Sennikov & Lazkov 2025),,10.5061/dryad.x3ffbg7wt,2026-04-29T23:08:25Z,
manual_kyrgyzstan_dryad_2025,1174,,Chesneya trijuga,species,39.94,71.68,,,Kyrgyzstan,"","басс. р. Шахимардан, ущ. р. Бува",9/7/1968,1968,9,7,HerbariumSpecimen,TASH,,,Халкузиев П.,G.A.Lazkov,Kyrgyzstan vascular plants (Sennikov & Lazkov 2025),,10.5061/dryad.x3ffbg7wt,2026-04-29T23:08:25Z,
manual_kyrgyzstan_dryad_2025,1175,,Chesneya trijuga,species,39.945,71.846,,,Kyrgyzstan,"","Шахимардан, окр. Куль-Курбан",5/25/1972,1972,5,25,HerbariumSpecimen,FRU,,,Горбунова,G.A.Lazkov,Kyrgyzstan vascular plants (Sennikov & Lazkov 2025),,10.5061/dryad.x3ffbg7wt,2026-04-29T23:08:25Z,
manual_kyrgyzstan_dryad_2025,1176,,Chesneya trijuga,species,39.98,72.139,,,Kyrgyzstan,"","басс. р. Исфайрам, ущ. Катта-Караганды",8/21/1975,1975,8,21,HerbariumSpecimen,FRU,,,"Айдарова, Судницына",G.A.Lazkov,Kyrgyzstan vascular plants (Sennikov & Lazkov 2025),,10.5061/dryad.x3ffbg7wt,2026-04-29T23:08:25Z,
manual_kyrgyzstan_dryad_2025,1177,,Chesneya trijuga,species,39.967,71.869,,,Kyrgyzstan,"","уроч. Кичик, в 5 км южнее Шахимардана",5/26/1972,1972,5,26,HerbariumSpecimen,FRU,,,Горбунова,G.A.Lazkov,Kyrgyzstan vascular plants (Sennikov & Lazkov 2025),,10.5061/dryad.x3ffbg7wt,2026-04-29T23:08:25Z,
manual_kyrgyzstan_dryad_2025,1178,,Hippolytia senecionis var. denudata,variety,40.239,72.939,,,Kyrgyzstan,"Osh Region, Chon-Alay District","Alay Range: Kök-Bel collective farm, Jumalay",6/17/1934,1934,6,17,HerbariumSpecimen,FRU,,,I. Vykhodtsev,A.N.Sennikov,Kyrgyzstan vascular plants (Sennikov & Lazkov 2025),,10.5061/dryad.x3ffbg7wt,2026-04-29T23:08:25Z,
manual_kyrgyzstan_dryad_2025,1179,,Hippolytia senecionis var. senecionis,variety,40.829,75.296,,,Kyrgyzstan,Naryn Region,"At-Bashi Range, Tash-Rabat locality",8/9/1986,1986,8,9,HerbariumSpecimen,FRU,,,"R. Aydarova, K. Kasiev",A.N.Sennikov,Kyrgyzstan vascular plants (Sennikov & Lazkov 2025),,10.5061/dryad.x3ffbg7wt,2026-04-29T23:08:25Z,
manual_kyrgyzstan_dryad_2025,1180,,Hippolytia senecionis var. senecionis,variety,39.579,71.981,,,Kyrgyzstan,"Osh Region, Chon-Alay District","Chon-Alay District, Alay Range: nothern-eastern slope, Kurundu-Su locality ",8/1/1948,1948,8,1,HerbariumSpecimen,FRU,,,Kashchenko,A.N.Sennikov,Kyrgyzstan vascular plants (Sennikov & Lazkov 2025),,10.5061/dryad.x3ffbg7wt,2026-04-29T23:08:25Z,
manual_kyrgyzstan_dryad_2025,1181,,Hippolytia senecionis var. senecionis,variety,40.365,74.046,,,Kyrgyzstan,"Osh Region,  District","Alay Range, Kara-Tuma pass.",8/26/1946,1946,8,26,HerbariumSpecimen,FRU,,,Tkachenko,A.N.Sennikov,Kyrgyzstan vascular plants (Sennikov & Lazkov 2025),,10.5061/dryad.x3ffbg7wt,2026-04-29T23:08:25Z,
manual_kyrgyzstan_dryad_2025,1182,,Hippolytia senecionis var. senecionis,variety,41.625,72.934,,,Kyrgyzstan,"Jalal-Abad Region, ","Uch-Terek District, Ispy plateau",8/24/1946,1946,8,24,HerbariumSpecimen,FRU,,,Tkachenko,A.N.Sennikov,Kyrgyzstan vascular plants (Sennikov & Lazkov 2025),,10.5061/dryad.x3ffbg7wt,2026-04-29T23:08:25Z,
manual_kyrgyzstan_dryad_2025,1183,,Hippolytia senecionis var. senecionis,variety,40.899,76.149,,,Kyrgyzstan,Naryn Region,"eastern part of Aksay, Surteke",8/19/1957,1957,8,19,HerbariumSpecimen,FRU,,,Vinogradova,A.N.Sennikov,Kyrgyzstan vascular plants (Sennikov & Lazkov 2025),,10.5061/dryad.x3ffbg7wt,2026-04-29T23:08:25Z,
manual_kyrgyzstan_dryad_2025,1184,,Hippolytia senecionis var. senecionis,variety,40.914,76.531,,,Kyrgyzstan,Naryn Region,"Aksay, slope to Bash-Kashkasu River, downstream",8/10/1951,1951,8,10,HerbariumSpecimen,FRU,,,unknown,A.N.Sennikov,Kyrgyzstan vascular plants (Sennikov & Lazkov 2025),,10.5061/dryad.x3ffbg7wt,2026-04-29T23:08:25Z,
manual_kyrgyzstan_dryad_2025,1185,,Hippolytia senecionis var. senecionis,variety,41.516,73.592,,,Kyrgyzstan,"Osh Region, Toktogul District","Kanachuu River, Karala-Archa locality",7/23/1986,1986,7,23,HerbariumSpecimen,FRU,,,Arbaeva,A.N.Sennikov,Kyrgyzstan vascular plants (Sennikov & Lazkov 2025),,10.5061/dryad.x3ffbg7wt,2026-04-29T23:08:25Z,
manual_kyrgyzstan_dryad_2025,1186,,Hippolytia senecionis var. senecionis,variety,41.893,75.24,,,Kyrgyzstan,Naryn Region,"Sonkul Lake, sai ",7/22/1996,1996,7,22,HerbariumSpecimen,FRU,,,Lazkov,A.N.Sennikov,Kyrgyzstan vascular plants (Sennikov & Lazkov 2025),,10.5061/dryad.x3ffbg7wt,2026-04-29T23:08:25Z,
manual_kyrgyzstan_dryad_2025,1187,,Hippolytia senecionis var. megacephala,variety,41.536,70.808,,,Kyrgyzstan,Osh Region,"Alabuka District, Chatkal Range, Chapchama pass, on the ridge",7/25/1960,1960,7,25,HerbariumSpecimen,FRU,,,Ubukeeva,A.N.Sennikov,Kyrgyzstan vascular plants (Sennikov & Lazkov 2025),,10.5061/dryad.x3ffbg7wt,2026-04-29T23:08:25Z,
manual_kyrgyzstan_dryad_2025,1188,,Hippolytia senecionis var. megacephala,variety,41.327,75.678,,,Kyrgyzstan,Naryn Region,"At-Bashi River valley, stony riverside","",,7,29,HerbariumSpecimen,FRU,,,Elizarova,A.N.Sennikov,Kyrgyzstan vascular plants (Sennikov & Lazkov 2025),,10.5061/dryad.x3ffbg7wt,2026-04-29T23:08:25Z,
manual_kyrgyzstan_dryad_2025,1189,,Hippolytia senecionis var. megacephala,variety,41.314,76.588,,,Kyrgyzstan,Naryn Region,"At-Bashi District, At-Bashi River, upstream, Jany-Jer locality",8/11/1987,1987,8,11,HerbariumSpecimen,FRU,,,"Aydarova, Kashkaraeva",A.N.Sennikov,Kyrgyzstan vascular plants (Sennikov & Lazkov 2025),,10.5061/dryad.x3ffbg7wt,2026-04-29T23:08:25Z,
manual_kyrgyzstan_dryad_2025,1190,,Hippolytia senecionis var. megacephala,variety,41.334,76.738,,,Kyrgyzstan,Naryn Region,"At-Bashi District, At-Bashi River, upstream, Ulan locality",8/12/1987,1987,8,12,HerbariumSpecimen,FRU,,,"Aydarova, Kashkaraeva",A.N.Sennikov,Kyrgyzstan vascular plants (Sennikov & Lazkov 2025),,10.5061/dryad.x3ffbg7wt,2026-04-29T23:08:25Z,
manual_kyrgyzstan_dryad_2025,1191,,Hippolytia senecionis var. megacephala,variety,41.704,71.032,,,Kyrgyzstan,Osh Region,"Ala-Buka district, Chatkal Range (northern macroslope), Chon-Chaar-Tash locality, in belt of creeping juniper",7/12/1960,1960,7,12,HerbariumSpecimen,FRU,,,Ubukeeva,A.N.Sennikov,Kyrgyzstan vascular plants (Sennikov & Lazkov 2025),,10.5061/dryad.x3ffbg7wt,2026-04-29T23:08:25Z,
manual_kyrgyzstan_dryad_2025,1192,,Hippolytia senecionis var. megacephala,variety,41.352,70.962,,,Kyrgyzstan,"",In vicinities of the pass in Chon-Tash gorge from Kok-Serek,7/30/1945,1945,7,30,HerbariumSpecimen,FRU,,,"L. I. Popova, V. I. Tkachenko",A.N.Sennikov,Kyrgyzstan vascular plants (Sennikov & Lazkov 2025),,10.5061/dryad.x3ffbg7wt,2026-04-29T23:08:25Z,
manual_kyrgyzstan_dryad_2025,1193,,Hippolytia senecionis var. megacephala,variety,41.398,76.381,,,Kyrgyzstan,Naryn Region,"Central Tien-Shan, Naryn Range, Burchan-Su River, subalpine meadow",7/7/1953,1953,7,7,HerbariumSpecimen,FRU,,,Kashchenko,A.N.Sennikov,Kyrgyzstan vascular plants (Sennikov & Lazkov 2025),,10.5061/dryad.x3ffbg7wt,2026-04-29T23:08:25Z,
manual_kyrgyzstan_dryad_2025,1194,,Hippolytia senecionis var. megacephala,variety,42.253,74.222,,,Kyrgyzstan,Frunze Region,"Susamyr, Keregetash locality, left riverside of Karakol Zapadny River southern-western slope, cereal-forb steppe ",8/20/1952,1952,8,29,HerbariumSpecimen,FRU,,,"Sharashova, Shihotov, Popova etc.",A.N.Sennikov,Kyrgyzstan vascular plants (Sennikov & Lazkov 2025),,10.5061/dryad.x3ffbg7wt,2026-04-29T23:08:25Z,
manual_kyrgyzstan_dryad_2025,1195,,Hippolytia senecionis var. megacephala,variety,41.962,73.293,,,Kyrgyzstan,"","Susamyr Range (easrtern slope), Boorteke depression ",8/1/1960,1960,8,1,HerbariumSpecimen,FRU,,,Botbaeva,A.N.Sennikov,Kyrgyzstan vascular plants (Sennikov & Lazkov 2025),,10.5061/dryad.x3ffbg7wt,2026-04-29T23:08:25Z,
manual_kyrgyzstan_dryad_2025,1196,,Hippolytia senecionis var. megacephala,variety,41.765,73.729,,,Kyrgyzstan,"","Sarykamysh Range, Kyzyl-Kul locality, southern slope, denudations ",7/5/1961,1961,7,5,HerbariumSpecimen,FRU,,,"Aydarova, Arbaeva, Ubukeeva",A.N.Sennikov,Kyrgyzstan vascular plants (Sennikov & Lazkov 2025),,10.5061/dryad.x3ffbg7wt,2026-04-29T23:08:25Z,
manual_kyrgyzstan_dryad_2025,1197,,Hippolytia senecionis var. megacephala,variety,42.334,73.817,,,Kyrgyzstan,Chui Region,"Kyrgyz Range, Tue-Ashu Pass., eastern expos., rocks",8/10/1970,1970,8,10,HerbariumSpecimen,FRU,,,Arbaeva,A.N.Sennikov,Kyrgyzstan vascular plants (Sennikov & Lazkov 2025),,10.5061/dryad.x3ffbg7wt,2026-04-29T23:08:25Z,
manual_kyrgyzstan_dryad_2025,1198,,Hippolytia senecionis var. senecionis,variety,41.134,73.962,,,Kyrgyzstan,"","Jangyzkyr Range, top, stony-gravel habitats",7/23/1957,1957,7,23,HerbariumSpecimen,FRU,,,"Aydarova, Ubukeeva",A.N.Sennikov,Kyrgyzstan vascular plants (Sennikov & Lazkov 2025),,10.5061/dryad.x3ffbg7wt,2026-04-29T23:08:25Z,
manual_kyrgyzstan_dryad_2025,1199,,Hippolytia senecionis var. senecionis,variety,41.547,76.163,,,Kyrgyzstan,"","Naryn District, Naryn River basin, Nura mountains, Chet-Nura River gorge, black earth slope",7/31/1931,1931,7,31,HerbariumSpecimen,FRU,,,"Sovetkina, Uspenskaya",A.N.Sennikov,Kyrgyzstan vascular plants (Sennikov & Lazkov 2025),,10.5061/dryad.x3ffbg7wt,2026-04-29T23:08:25Z,
manual_kyrgyzstan_dryad_2025,1200,,Hippolytia senecionis var. senecionis,variety,41.238,73.324,,,Kyrgyzstan,"","Fergana Range, Kara-Alma locality, nut-fruit forest",8/10/1952,1952,8,10,HerbariumSpecimen,FRU,,,Kashchenko,A.N.Sennikov,Kyrgyzstan vascular plants (Sennikov & Lazkov 2025),,10.5061/dryad.x3ffbg7wt,2026-04-29T23:08:25Z,
manual_kyrgyzstan_dryad_2025,1201,,Hippolytia senecionis var. senecionis,variety,42.768,76.035,,,Kyrgyzstan,"","Kemin Range, pass Ilyich-Novorossiyka",7/27/1944,1944,7,27,HerbariumSpecimen,FRU,,,"",A.N.Sennikov,Kyrgyzstan vascular plants (Sennikov & Lazkov 2025),,10.5061/dryad.x3ffbg7wt,2026-04-29T23:08:25Z,
manual_kyrgyzstan_dryad_2025,1202,,Hippolytia senecionis var. senecionis,variety,40.049,72.831,,,Kyrgyzstan,Osh Region,"Ak-Buura River basin, jailoo Ak-Tash, 2800 m",7/5/1974,1974,7,5,HerbariumSpecimen,FRU,,,"Aydarova, B.Sultanova, A.Mursaliev",A.N.Sennikov,Kyrgyzstan vascular plants (Sennikov & Lazkov 2025),,10.5061/dryad.x3ffbg7wt,2026-04-29T23:08:25Z,
manual_kyrgyzstan_dryad_2025,1203,,Hippolytia senecionis var. senecionis,variety,41.418,75.772,,,Kyrgyzstan,"","Naryn District, 7 km to southern-west from western end of Ala-Myshschyk Range ",8/6/1937,1937,8,7,HerbariumSpecimen,FRU,,,exp. Vychodtsev,A.N.Sennikov,Kyrgyzstan vascular plants (Sennikov & Lazkov 2025),,10.5061/dryad.x3ffbg7wt,2026-04-29T23:08:25Z,
manual_kyrgyzstan_dryad_2025,1204,,Hippolytia senecionis var. senecionis,variety,39.781,73.785,,,Kyrgyzstan,Osh Region,"Alay Range, Kok-Suu River Basin, 3600 m, western slope, stony-steppe slope",8/9/1989,1989,8,9,HerbariumSpecimen,FRU,,,"Shmakov A. I., Ebel A.L., Kashcheev",A.N.Sennikov,Kyrgyzstan vascular plants (Sennikov & Lazkov 2025),,10.5061/dryad.x3ffbg7wt,2026-04-29T23:08:25Z,
manual_kyrgyzstan_dryad_2025,1205,,Hippolytia senecionis var. senecionis,variety,40.801,74.306,,,Kyrgyzstan,"","Ak-Tala District left side of Arpa River, watershed of Shilbi-sai and Adybay",8/5/1987,1987,8,5,HerbariumSpecimen,FRU,,,"Aydarova, Kashkaraeva",A.N.Sennikov,Kyrgyzstan vascular plants (Sennikov & Lazkov 2025),,10.5061/dryad.x3ffbg7wt,2026-04-29T23:08:25Z,
manual_kyrgyzstan_dryad_2025,1206,,Hippolytia senecionis var. senecionis,variety,41.026,74.159,,,Kyrgyzstan,"","Toguz-Toro District, Ak-Teke Range, north-western slope, subalpine belt",8/3/1957,1957,8,3,HerbariumSpecimen,FRU,,,"Aydarova, Ubukeeva",A.N.Sennikov,Kyrgyzstan vascular plants (Sennikov & Lazkov 2025),,10.5061/dryad.x3ffbg7wt,2026-04-29T23:08:25Z,
manual_kyrgyzstan_dryad_2025,1207,,Hippolytia senecionis var. senecionis,variety,41.716,70.94,,,Kyrgyzstan,Osh Region,"Alabuka District, Chatkal Range (northern slope), Chon-Chaar-Tash, in the belt of creeping juniper ",7/12/1960,1960,7,12,HerbariumSpecimen,FRU,,,Ubukeeva,A.N.Sennikov,Kyrgyzstan vascular plants (Sennikov & Lazkov 2025),,10.5061/dryad.x3ffbg7wt,2026-04-29T23:08:25Z,
manual_kyrgyzstan_dryad_2025,1208,,Hippolytia senecionis var. megacephala,variety,41.547,76.163,,,Kyrgyzstan,"","Naryn District, Naryn River basin, Nura mountains, Chet-Nura gorge ",7/31/1926,1926,7,31,HerbariumSpecimen,FRU,,,"Sovetkina M., Uspenskaya M. ",A.N.Sennikov,Kyrgyzstan vascular plants (Sennikov & Lazkov 2025),,10.5061/dryad.x3ffbg7wt,2026-04-29T23:08:25Z,
manual_kyrgyzstan_dryad_2025,1209,,Hippolytia senecionis var. senecionis,variety,40.273,73.558,,,Kyrgyzstan,Osh Region,"Budalyk locality, 3000 m, creeping juniper with Ligularia meadow",8/25/1947,1947,8,25,HerbariumSpecimen,FRU,,,"Gusarova A. N., Khizhnikova",A.N.Sennikov,Kyrgyzstan vascular plants (Sennikov & Lazkov 2025),,10.5061/dryad.x3ffbg7wt,2026-04-29T23:08:25Z,
manual_kyrgyzstan_dryad_2025,1210,,Hippolytia senecionis var. senecionis,variety,41.186,77.005,,,Kyrgyzstan,"","Aksay syrts, eastern Ak-Say, Ak-Baytal locality, on alluvium, along riverbad",8/12/1965,1965,8,12,HerbariumSpecimen,FRU,,,Popova L.,A.N.Sennikov,Kyrgyzstan vascular plants (Sennikov & Lazkov 2025),,10.5061/dryad.x3ffbg7wt,2026-04-29T23:08:25Z,
manual_kyrgyzstan_dryad_2025,1211,,Hippolytia senecionis var. senecionis,variety,41.088,76.644,,,Kyrgyzstan,"","Aksay syrts, eastern Ak-Say, valley of Mudyuryum River, Kodzhegat mountains, Caragana communities","",,,,HerbariumSpecimen,FRU,,,"",A.N.Sennikov,Kyrgyzstan vascular plants (Sennikov & Lazkov 2025),,10.5061/dryad.x3ffbg7wt,2026-04-29T23:08:25Z,
manual_kyrgyzstan_dryad_2025,1212,,Hippolytia senecionis var. senecionis,variety,39.533,73.265,,,Kyrgyzstan,"",Kyzyl-Art,8/11/1952,1952,8,11,HerbariumSpecimen,FRU,,,Vovchenko,A.N.Sennikov,Kyrgyzstan vascular plants (Sennikov & Lazkov 2025),,10.5061/dryad.x3ffbg7wt,2026-04-29T23:08:25Z,
manual_kyrgyzstan_dryad_2025,1213,,Hippolytia senecionis var. senecionis,variety,42.235,73.678,,,Kyrgyzstan,Chüy Region,"Lowermost part of the southern side of Kyrgyz Ala-Too, slopes along Kichi-Korumdu [Кичи-Корумду] River",7/25/2009,2009,7,25,HerbariumSpecimen,H,,,"Sennikov, Alexander",A.N.Sennikov,Kyrgyzstan vascular plants (Sennikov & Lazkov 2025),,10.5061/dryad.x3ffbg7wt,2026-04-29T23:08:25Z,
manual_kyrgyzstan_dryad_2025,1214,,Hippolytia senecionis var. megacephala,variety,40.925,74.725,,,Kyrgyzstan,"",Dschaman-daban Schlucht,21/07/1867,1867,7,21,HerbariumSpecimen,LE,,,R.F. von der Osten-Sacken,A.N.Sennikov,Kyrgyzstan vascular plants (Sennikov & Lazkov 2025),,10.5061/dryad.x3ffbg7wt,2026-04-29T23:08:25Z,
manual_kyrgyzstan_dryad_2025,1215,,Hippolytia tomentosa,species,39.8,71.96,,,Kyrgyzstan,"","Sürmö-Tash Nature Reserve, Isfairam-Say River Basin","",2012,,,HerbariumSpecimen,FRU,,,"",A.N.Sennikov,Kyrgyzstan vascular plants (Sennikov & Lazkov 2025),,10.5061/dryad.x3ffbg7wt,2026-04-29T23:08:25Z,
manual_kyrgyzstan_dryad_2025,1216,,Rhaponticum integrifolium,species,41.3252,72.916,,,Kyrgyzstan,"","Ошская обл., Ферганский хр., Кировский лесхоз, Гумханское лнсничество, Курмайдан кыры",5/28/1973,1973,5,28,HerbariumSpecimen,FRU,,,Takhtajan et al.,G.A.Lazkov,Kyrgyzstan vascular plants (Sennikov & Lazkov 2025),,10.5061/dryad.x3ffbg7wt,2026-04-29T23:08:25Z,
manual_kyrgyzstan_dryad_2025,1217,,Rhaponticum integrifolium,species,41.3252,72.916,,,Kyrgyzstan,"","Джалалал-Абадская обл., Базар-Курганский район, уроч. Курмайдан,  Гавинский лесхоз, скл. Западный",6/20/1956,1956,6,20,HerbariumSpecimen,FRU,,,Lebedeva,G.A.Lazkov,Kyrgyzstan vascular plants (Sennikov & Lazkov 2025),,10.5061/dryad.x3ffbg7wt,2026-04-29T23:08:25Z,
manual_kyrgyzstan_dryad_2025,1218,,Rhaponticum integrifolium,species,41.2586,72.8114,,,Kyrgyzstan,"","Ферганский хр., южн. скл., уроч. Тамчи-Булак, склон восточный",6/4/1955,1955,6,4,HerbariumSpecimen,FRU,,,Lebedeva,G.A.Lazkov,Kyrgyzstan vascular plants (Sennikov & Lazkov 2025),,10.5061/dryad.x3ffbg7wt,2026-04-29T23:08:25Z,
manual_kyrgyzstan_dryad_2025,1219,,Rhaponticum integrifolium,species,41.2586,72.8114,,,Kyrgyzstan,"","Джалалал-Абадская обл., Базар-Курганский район, уроч. Тамчи-Булак",6/4/1955,1955,6,4,HerbariumSpecimen,FRU,,,Lebedeva,G.A.Lazkov,Kyrgyzstan vascular plants (Sennikov & Lazkov 2025),,10.5061/dryad.x3ffbg7wt,2026-04-29T23:08:25Z,
manual_kyrgyzstan_dryad_2025,1220,,Rhaponticum integrifolium,species,41.2586,72.8114,,,Kyrgyzstan,"","Джалалал-Абадская обл., Базар-Курганский район, Ферганский хр., южн. скл., уроч. Тамчи-Булак, склон восточный",6/4/1955,1955,6,4,HerbariumSpecimen,FRU,,,"Lebedeva, Faleeva",G.A.Lazkov,Kyrgyzstan vascular plants (Sennikov & Lazkov 2025),,10.5061/dryad.x3ffbg7wt,2026-04-29T23:08:25Z,
manual_kyrgyzstan_dryad_2025,1221,,Rhaponticum integrifolium,species,41.3252,72.916,,,Kyrgyzstan,"","Джалалал-Абадская обл., Базар-Курганский район, Ферганский хр., уроч. Курмайдан, склон восточный, злаково-разнотравная лугостепь",6/6/1955,1955,6,6,HerbariumSpecimen,FRU,,,"Lebedeva, Faleeva",G.A.Lazkov,Kyrgyzstan vascular plants (Sennikov & Lazkov 2025),,10.5061/dryad.x3ffbg7wt,2026-04-29T23:08:25Z,
manual_kyrgyzstan_dryad_2025,1222,,Rhaponticum integrifolium,species,41.124,73.292,,,Kyrgyzstan,"","Басс. р. Кугарт, богарные посевы села Люблинского",6/22/1929,1929,6,22,HerbariumSpecimen,FRU,,,"Nikitina, Vykhodtsev",G.A.Lazkov,Kyrgyzstan vascular plants (Sennikov & Lazkov 2025),,10.5061/dryad.x3ffbg7wt,2026-04-29T23:08:25Z,
manual_kyrgyzstan_dryad_2025,1223,,Rhaponticum integrifolium,species,41.218,73.129,,,Kyrgyzstan,"","Кирг. ССР,  Базар-Курганский район, сай Кара-Март",7/22/1936,1936,7,22,HerbariumSpecimen,FRU,,,Neustrueva,G.A.Lazkov,Kyrgyzstan vascular plants (Sennikov & Lazkov 2025),,10.5061/dryad.x3ffbg7wt,2026-04-29T23:08:25Z,
manual_kyrgyzstan_dryad_2025,1224,,Rhaponticum integrifolium,species,41.263,72.767,,,Kyrgyzstan,"","Предгорья южного макросклона Ферганского хр., Гавинский лесхоз, басс. среднего течения р. Шайдан, лугост. раст. нп склоне южн. эксп.",6/3/1969,1969,6,3,HerbariumSpecimen,FRU,,,Gorbunova,G.A.Lazkov,Kyrgyzstan vascular plants (Sennikov & Lazkov 2025),,10.5061/dryad.x3ffbg7wt,2026-04-29T23:08:25Z,
manual_kyrgyzstan_dryad_2025,1225,,Arabis montbretiana,species,41.867,71.961,,,Kyrgyzstan,"","Chatkal Range: Sary-Chelek, Bakaly",5/15/1981,1981,5,15,HerbariumSpecimen,FRU,,,"Aidarova, Kalmurzaeva",G.A.Lazkov,Kyrgyzstan vascular plants (Sennikov & Lazkov 2025),,10.5061/dryad.x3ffbg7wt,2026-04-29T23:08:25Z,
manual_kyrgyzstan_dryad_2025,1226,,Arabis montbretiana,species,41.803,71.958,,,Kyrgyzstan,"",near Arkyt Village,6/7/2010,2010,6,7,HerbariumSpecimen,FRU,,,Lazkov,G.A.Lazkov,Kyrgyzstan vascular plants (Sennikov & Lazkov 2025),,10.5061/dryad.x3ffbg7wt,2026-04-29T23:08:25Z,
manual_kyrgyzstan_dryad_2025,1227,,Arabis montbretiana,species,41.219,72.422,,,Kyrgyzstan,"",northern part of Mailuu-Suu Town,5/27/1977,1977,5,27,HerbariumSpecimen,FRU,,,Sultanova B.,G.A.Lazkov,Kyrgyzstan vascular plants (Sennikov & Lazkov 2025),,10.5061/dryad.x3ffbg7wt,2026-04-29T23:08:25Z,
manual_kyrgyzstan_dryad_2025,1228,,Oxytropis leptophysa,species,39.808,72.393,,,Kyrgyzstan,"","Kichi Alay Mts., Bel-Alma River south of Papan Village, 3820 m, 22.07.2022, G.Lazkov (FRU)",7/22/2022,2022,7,22,HerbariumSpecimen,FRU,,,Lazkov,G.A.Lazkov,Kyrgyzstan vascular plants (Sennikov & Lazkov 2025),,10.5061/dryad.x3ffbg7wt,2026-04-29T23:08:25Z,
manual_kyrgyzstan_dryad_2025,1229,,Oxytropis leptophysa,species,39.766681,71.42643,,,Kyrgyzstan,"","Geomüsh Pass, 3950 m, 06.07.2023, G.Lazkov & U.Neveraev (FRU)",7/6/2023,2023,7,6,HerbariumSpecimen,FRU,,,"Lazkov, Neveraev",G.A.Lazkov,Kyrgyzstan vascular plants (Sennikov & Lazkov 2025),,10.5061/dryad.x3ffbg7wt,2026-04-29T23:08:25Z,
manual_kyrgyzstan_dryad_2025,1230,,Oxytropis leptophysa,species,39.48,72.899,,,Kyrgyzstan,"",Petrovsky peak,7/5/2022,2022,7,5,HumanObservation,Plantarium,,,Skotnikova,G.A.Lazkov,Kyrgyzstan vascular plants (Sennikov & Lazkov 2025),,10.5061/dryad.x3ffbg7wt,2026-04-29T23:08:25Z,
manual_kyrgyzstan_dryad_2025,1231,,Oxytropis leptophysa,species,39.47,72.916,,,Kyrgyzstan,"",Achyk-Tash River,7/4/2022,2022,7,4,HumanObservation,Plantarium,,,Skotnikova,G.A.Lazkov,Kyrgyzstan vascular plants (Sennikov & Lazkov 2025),,10.5061/dryad.x3ffbg7wt,2026-04-29T23:08:25Z,
manual_kyrgyzstan_dryad_2025,1232,,Swertia dichotoma,species,41.1,75.82,,,Kyrgyzstan,"","At-Bashy Range: Acha-Kayyingdy Village, Karajon Mts.",5/29/2021,2021,5,29,HerbariumSpecimen,FRU,,,Ganybaeva,G.A.Lazkov,Kyrgyzstan vascular plants (Sennikov & Lazkov 2025),,10.5061/dryad.x3ffbg7wt,2026-04-29T23:08:25Z,
manual_kyrgyzstan_dryad_2025,1233,,Huperzia selago,species,42.57959,79.10796,,,Kyrgyzstan,"",Teskey Alatoo (N side): left side of Tüp River,6/11/2024,2024,6,11,HerbariumSpecimen,FRU,,,"Lazkov, Ganybaeva",A.N.Sennikov,Kyrgyzstan vascular plants (Sennikov & Lazkov 2025),,10.5061/dryad.x3ffbg7wt,2026-04-29T23:08:25Z,
manual_kyrgyzstan_dryad_2025,1234,,Crocus korolkowii,species,40.003,69.566,,,Kyrgyzstan,"",Turkestan Range: Bulak-Bashy Village,"",2012,2,,HerbariumSpecimen,FRU,,,Ganybaeva,G.A.Lazkov,Kyrgyzstan vascular plants (Sennikov & Lazkov 2025),,10.5061/dryad.x3ffbg7wt,2026-04-29T23:08:25Z,
manual_kyrgyzstan_dryad_2025,1235,,Crocus korolkowii,species,39.876,70.087,,,Kyrgyzstan,"",between Ravat Village and Kara-Suu Village,2/4/2014,2014,2,4,HerbariumSpecimen,FRU,,,Ganybaeva,G.A.Lazkov,Kyrgyzstan vascular plants (Sennikov & Lazkov 2025),,10.5061/dryad.x3ffbg7wt,2026-04-29T23:08:25Z,
manual_kyrgyzstan_dryad_2025,1236,,Crocus korolkowii,species,39.849,69.505,,,Kyrgyzstan,"",between Kara-Kamar [Suu-Bashy] Village and Ak-Suu Village,2/19/2014,2014,2,19,HerbariumSpecimen,FRU,,,Ganybaeva,G.A.Lazkov,Kyrgyzstan vascular plants (Sennikov & Lazkov 2025),,10.5061/dryad.x3ffbg7wt,2026-04-29T23:08:25Z,
manual_kyrgyzstan_dryad_2025,1237,,Iris austrotschatkalica,species,41.485139,72.217528,,,Kyrgyzstan,"","Kök-Kyya Mts., right side of Eneö-Bulak River",3/29/2021,2021,3,29,HumanObservation,iNaturalist,,,Naumenko,G.A.Lazkov,Kyrgyzstan vascular plants (Sennikov & Lazkov 2025),,10.5061/dryad.x3ffbg7wt,2026-04-29T23:08:25Z,
manual_kyrgyzstan_dryad_2025,1238,,Oreomecon involucrata,species,39.432,72.905,,,Kyrgyzstan,"",Puteshestvennikov Pass,7/6/2022,2022,7,6,HumanObservation,Plantarium,,,Skotnikova,G.A.Lazkov,Kyrgyzstan vascular plants (Sennikov & Lazkov 2025),,10.5061/dryad.x3ffbg7wt,2026-04-29T23:08:25Z,
manual_kyrgyzstan_dryad_2025,1239,,Oreomecon involucrata,species,39.673,72.157,,,Kyrgyzstan,"",Tengizbai Pass,7/8/2023,2023,7,8,HumanObservation,Plantarium,,,Gorbunov,G.A.Lazkov,Kyrgyzstan vascular plants (Sennikov & Lazkov 2025),,10.5061/dryad.x3ffbg7wt,2026-04-29T23:08:25Z,
manual_kyrgyzstan_dryad_2025,1240,,Oreomecon involucrata,species,39.754,70.815,,,Kyrgyzstan,"",Kayyngdy River,7/17/2022,2022,7,17,HerbariumSpecimen,FRU,,,Lazkov,G.A.Lazkov,Kyrgyzstan vascular plants (Sennikov & Lazkov 2025),,10.5061/dryad.x3ffbg7wt,2026-04-29T23:08:25Z,
manual_kyrgyzstan_dryad_2025,1241,,Oreomecon involucrata,species,39.808,72.3925,,,Kyrgyzstan,"",Bel-Alma River south of Papan,7/22/2022,2022,7,22,HerbariumSpecimen,FRU,,,Lazkov,G.A.Lazkov,Kyrgyzstan vascular plants (Sennikov & Lazkov 2025),,10.5061/dryad.x3ffbg7wt,2026-04-29T23:08:25Z,
manual_kyrgyzstan_dryad_2025,1242,,Oreomecon involucrata,species,39.793,71.432,,,Kyrgyzstan,"",Geomüsh Pass,7/10/2023,2023,7,10,HerbariumSpecimen,FRU,,,"Lazkov, Neveraev",G.A.Lazkov,Kyrgyzstan vascular plants (Sennikov & Lazkov 2025),,10.5061/dryad.x3ffbg7wt,2026-04-29T23:08:25Z,
manual_kyrgyzstan_dryad_2025,1243,,Oreomecon involucrata,species,39.455,72.9,,,Kyrgyzstan,"",Lukovaya Polyana,7/6/2022,2022,7,6,HumanObservation,Plantarium,,,Skotnikova,G.A.Lazkov,Kyrgyzstan vascular plants (Sennikov & Lazkov 2025),,10.5061/dryad.x3ffbg7wt,2026-04-29T23:08:25Z,
manual_kyrgyzstan_dryad_2025,1244,,Psylliostachys suworowii,species,39.9434,69.78953,,,Kyrgyzstan,"",Turkestan Range: between Vostochny Village and Kyzybaglan River,5/27/2024,2024,5,27,HerbariumSpecimen,FRU,,,"Lazkov, Ganybaeva",G.A.Lazkov,Kyrgyzstan vascular plants (Sennikov & Lazkov 2025),,10.5061/dryad.x3ffbg7wt,2026-04-29T23:08:25Z,
manual_kyrgyzstan_dryad_2025,1245,,Rheum turkestanicum,species,40.011,70.547,,,Kyrgyzstan,"",Turkestan Range: Samarkandek Village,5/10/1978,1978,5,10,HerbariumSpecimen,FRU,,,"Aidarova, Ubukeeva",G.A.Lazkov,Kyrgyzstan vascular plants (Sennikov & Lazkov 2025),,10.5061/dryad.x3ffbg7wt,2026-04-29T23:08:25Z,
manual_kyrgyzstan_dryad_2025,1246,,Polystichum lonchitis,species,42.57959,79.10796,,,Kyrgyzstan,"","Teskey Ala-Too: N side, Tüp River",6/11/2024,2024,6,11,HerbariumSpecimen,FRU,,,"Lazkov, Ganybaeva",G.A.Lazkov,Kyrgyzstan vascular plants (Sennikov & Lazkov 2025),,10.5061/dryad.x3ffbg7wt,2026-04-29T23:08:25Z,
manual_kyrgyzstan_dryad_2025,1247,,Polystichum lonchitis,species,42.8,78.695,,,Kyrgyzstan,"","Küngöy Ala-Too: S side, Kol-Tor ravine above the lake",6/9/2024,2024,6,9,HerbariumSpecimen,FRU,,,"Lazkov, Ganybaeva",G.A.Lazkov,Kyrgyzstan vascular plants (Sennikov & Lazkov 2025),,10.5061/dryad.x3ffbg7wt,2026-04-29T23:08:25Z,
manual_kyrgyzstan_dryad_2025,1248,,Delphinium pavlovii,species,42.75,74.85,,,Kyrgyzstan,"",Solanaya Schel,7/11/2009,2009,7,11,HumanObservation,Plantarium,,,Lazkov,G.A.Lazkov,Kyrgyzstan vascular plants (Sennikov & Lazkov 2025),,10.5061/dryad.x3ffbg7wt,2026-04-29T23:08:25Z,
manual_kyrgyzstan_dryad_2025,1249,,Eremurus comosus,species,40.13,72.07,,,Kyrgyzstan,"",Akterek,5/16/1930,1930,5,16,HerbariumSpecimen,TASH,,,Ioffe,G.A.Lazkov,Kyrgyzstan vascular plants (Sennikov & Lazkov 2025),,10.5061/dryad.x3ffbg7wt,2026-04-29T23:08:25Z,
manual_kyrgyzstan_dryad_2025,1250,,Eremurus comosus,species,39.838,69.49,,,Kyrgyzstan,"",Turkestan Range: W of Isfana Village,6/18/1968,1968,6,18,HerbariumSpecimen,FRU,,,Ubukeeva et al.,G.A.Lazkov,Kyrgyzstan vascular plants (Sennikov & Lazkov 2025),,10.5061/dryad.x3ffbg7wt,2026-04-29T23:08:25Z,
