AVARU_T1_Tazovsky peninsula_olkhitun_2017_species_data,,,,,,,,,,,,,,,,,,,,,,,,,,,,,,,,,,,,,,,,,,,,,,,,,,,,,,,,,,,,,,,,,,,,
Dataset Title: Russian Arctic Vegetation Archive: Tazovsky peninsula (T1) Vegetation Plots,,,,,,,,,,,,,,,,,,,,,,,,,,,,,,,,,,,,,,,,,,,,,,,,,,,,,,,,,,,,,,,,,,,,
Dataset Author: Olga Khitun,,,,,,,,,,,,,,,,,,,,,,,,,,,,,,,,,,,,,,,,,,,,,,,,,,,,,,,,,,,,,,,,,,,,
"Dataset Reference: Telyatnikov M.Yu., Khitun O.V., Czernyadjeva I.V., Kuzmina E.Yu. & Ermokhina K.A. (2021). A contribution to the syntaxonomic diversity of the Tazovsky Peninsula, Arctic Russia. Botanica Pacifica. A Journal of Plant Science and Conservation, 10(1). https://doi.org/0.17581/BP.2021.10106",,,,,,,,,,,,,,,,,,,,,,,,,,,,,,,,,,,,,,,,,,,,,,,,,,,,,,,,,,,,,,,,,,,,
Dataset Table: Modified Species Cover Data for Tazovsky peninsula (T1),,,,,,,,,,,,,,,,,,,,,,,,,,,,,,,,,,,,,,,,,,,,,,,,,,,,,,,,,,,,,,,,,,,,
"Dataset Notes: Percentage species cover scale is used for vascular plants and bryophytes. Braun-Blanquet cover-abundance scale is used for lichens: r (rare), + (common, but less than 1 percent), 1 (1 to 5 percent), 2 (6 to 25 percent), 3 (26 to 50 percent), 4 (51 to 75 percent), and 5 (76 to 100 percent). Taxa are listed in alphabetical order. Both the dataset author determinations and the current nomenclature according to the Panarctic Species List (PASL) are listed.",,,,,,,,,,,,,,,,,,,,,,,,,,,,,,,,,,,,,,,,,,,,,,,,,,,,,,,,,,,,,,,,,,,,
,,,,,,,,,,,,,,,,,,,,,,,,,,,,,,,,,,,,,,,,,,,,,,,,,,,,,,,,,,,,,,,,,,,,
,,AUTHOR PLOT NUMBER,T1-222,T1-223,T1-224,T1-225,T1-226,T1-227,T1-228,T1-229,T1-230,T1-231,T1-232,T1-233,T1-234,T1-235,T1-236,T1-237,T1-238,T1-239,T1-240,T1-241,T1-242,T1-243,T1-244,T1-245,T1-246,T1-247,T1-248,T1-249,T1-250,T1-251,T1-252,T1-253,T1-254,T1-255,T1-256,T1-257,T1-258,T1-259,T1-260,T1-261,T1-262,T1-263,T1-264,T1-265,T1-265A,T1-266,T1-267,T1-268,T1-269,T1-270,T1-271,T1-272,T1-273,T1-274,T1-275,T1-276,T1-277,T1-278,T1-279,T1-280,T1-281,T1-282,T1-283,T1-284,T1-285,T1-286
,,TURBOVEG PLOT NUMBER,,,,,,,,,,,,,,,,,,,,,,,,,,,,,,,,,,,,,,,,,,,,,,,,,,,,,,,,,,,,,,,,,,
PASL TAXON SCIENTIFIC NAME NO AUTHOR(S),PASL TAXON SCIENTIFIC NAME WITH AUTHOR(S),DATASET TAXON,,,,,,,,,,,,,,,,,,,,,,,,,,,,,,,,,,,,,,,,,,,,,,,,,,,,,,,,,,,,,,,,,,
Alectoria ochroleuca,Alectoria ochroleuca (Hoffm.) Massal.,Alectoria ochroleuca,0,0,+,1,4,+,3,1,+,2,0,0,1,1,0,3,0,0,0,2,0,0,1,0,0,2,1,0,0,0,0,0,0,0,0,0,+,0,0,0,0,0,0,0,0,1,3,3,+,+,0,0,0,0,0,3,0,3,0,3,0,4,3,0,+,3
Alnus fruticosa,Alnus viridis s. fruticosa (Rupr.) Nyman,Alnus fruticosa,0,0,0,0,0,0,0,0,0,0,0,0,0,0,0,0,0,0,0,0,0,0,0,0,0,0,0,0,0,0,0,0,0,0,0,0,0,0,0,0,0,0,0,0,0,0,0,0,0,0,0,0,0,0,0,0,0,0,0,0,0,0,0,30,0,0
Anastrophyllum minutum,Sphenolobus minutus (Schreb.) Berggr.,Anastrophyllum minutum,0,0,0,0,0,0,0,0,0,+,0,0,0,+,0,0,0,0,0,0,0,0,+,0,0,0,0,0,+,0,0,+,0,0,0,0,0,0,0,0,0,+,0,0,0,+,0,0,0,0,0,0,0,0,0,0,0,0,0,+,0,0,0,0,0,0
Andromeda polifolia s. pumila,Andromeda polifolia s. pumila V.M. Vinogr.,Andromeda polifolia/pumila V.Vinogr.,1,1,0,0,0,0,0,0,0,0,0,0,0,0,0,2,1,0,0,0.5,0,0,0,0,1,1,0,0,0,0,0,0,1,0,0,0,+,0,+,0,0,0,0,0,0,0,0,0,0,0,0,0,0,0,0,0,0,0,0,+,+,0,0,0,0,0
Antennaria villifera,Antennaria villifera Boriss.,Antennaria villifera Boriss.,0,0,0,0,0,0,0,0,0,0,0,0,0,0,0,0,0,0,0,0,0,0,0,0,0,0,0,0,0,0,0,0,0,0,0,0,0,0,0,0,0,0,0,0,0,0,0,0,0,+,0,0,+,0,+,0,0,+,0,0,0,0,0,0,0,0
Arctagrostis latifolia,Arctagrostis latifolia (R. Br.) Griseb.,Arctagrostis latifolia (R.Br.) Griseb.,0,0,0,0,0,0,0,0,0.1,0,0,0,0,0,0,0,0,0,0,0,0,0,0,0,0,0,0,0,0,0,0,0,0,0,0,0,0,0,0,0,0,0,0,+,0,1,+,0,0,0,0,0,0,0,0,1,0,0,0,2,0,+,+,0,0,0
Arctocetraria andrejevii,Arctocetraria andrejevii (Oxner) KÄrnefelt & Thell,Arctocetraria andreevi,3,+,+,0,0,0,0,0,0,0,0,0,0,0,0,0,0,0,0,0,0,0,0,0,0,0,0,0,0,0,0,0,0,0,0,0,0,0,0,0,+,0,0,0,0,0,0,0,0,0,2,0,4,+,0,0,0,0,0,0,0,0,0,0,+,0
Arctous alpina,Arctous alpina (L.) Nied.,Arctous alpina (L.) Nieden.,0,0,0,0,1,0,0,0,0,0,0,0,0,0,0,0,0,0,0,0,0,0,0,0,0,0,0,0,0,0,0,0,0,0,0,0,0,0,0,0,0,0,0,0,0,0,0,1,1,3,5,0,0,1,5,0,0,3,0,0,0,0,0,1,0,5
Arenaria stenophylla s. polaris,Eremogone polaris (Schischk.) Ikonn.,Arenaria stenophylla/polaris (Schischk.) E.Selivan.,0,0,0,0,0,0,0,0,0,0,0,0,0,0,0,0,0,0,0,0,0,0,0,0,0,0,0,0,0,0,0,0,0,0,0,0,0,0,0,0,0,0,0,0,0,0,0,0,0,0,0,0,0,0,+,0,+,0,0,0,0,0,0,0,0,0
Armeria scabra,Armeria scabra Pall. ex Roem. & Schult.,Armeria scabra Pall. ex Roem. et Schult.,0,0,0,0,0,0,0,0,0,0,0,0,0,0,0,0,0,0,0,0,0,0,0,0,0,0,0,0,0,0,0,0,0,0,0,0,0,0,0,0,0,0,0,0,0,0,0,0,0,0,0,0,0,0,0,0,+,0,0,0,0,0,0,0,0,0
Aulacomnium palustre,Aulacomnium palustre (Hedw.) Schwaegr.,Aulacomnium palustre (Hedw.) Schwägr.,+,0,0,0,0,0,0,0,0,0,0,0,0,0,0,0,0,+,0,0,0,0,0,0,0,0,0,0,0,0,0,0,0,0,0,0,0,0,0,0,0,0,0,0,0,0,2,0,0,0,0,0,+,+,0,0,0,0,0,0,+,0,+,0,0,0
Aulacomnium turgidum,Aulacomnium turgidum (Wahlenb.) Schwaegr.,Aulacomnium turgidum (Wahlenb.) Schwägr.,+,0,0,0,+,0,0,+,+,+,0,0,0,0,0,0,+,+,0,0,0,0,0,0,0,0,1,0,5,10,0,0,0,0,0,0,+,+,+,0,+,0,0,0,0,+,+,+,0,0,0,0,0,+,+,+,0,0,0,+,0,5,5,+,0,0
Baeomyces species,Baeomyces species,Baeomyces sp.,0,0,0,0,0,0,0,0,0,0,0,0,0,0,0,0,0,0,0,0,0,0,0,0,0,0,0,0,0,0,0,0,0,0,0,0,0,0,0,0,0,0,0,0,0,0,0,0,0,0,0,0,0,0,0,0,0,0,0,0,0,0,0,0,+,0
Betula nana,Betula nana L.,Betula nana L.,70,5,30,15,20,2,20,15,1,1,10,0,2,5,+,2,5,70,5,0,0,0,0,0,5,5,15,5,78,80,0,10,1,0,0,1,1,50,5,0,60,20,0,65,20,15,15,15,25,1,25,+,10,3,1,10,0,7,0,15,+,20,20,+,35,1
Brachytecium species,Brachytecium species,Brachythecium sp.,0,0,0,0,0,0,0,0,0,0,0,0,0,0,0,0,0,0,0,0,0,0,0,0,0,0,0,+,0,0,+,0,0,0,0,0,0,0,0,0,0,0,0,0,0,0,0,0,0,0,0,0,0,0,0,0,0,0,0,0,0,0,0,0,0,0
Brachythecium reflexum,Brachythecium reflexum (Starke) Schimp.,Sciurohypnum reflexum (=Brachythecium reflexum),0,0,0,0,0,0,0,0,0,0,0,0,0,0,0,0,0,0,0,0,0,0,0,0,0,0,0,+,0,0,0,0,0,0,0,0,0,0,0,0,0,0,0,0,0,0,0,0,0,0,0,0,0,0,0,0,0,0,0,0,0,0,0,0,0,0
Brym species,Brym species,Bryum sp.,0,0,0,0,0,0,0,0,0,0,0,0,0,0,0,0,0,0,0,0,0,0,0,0,0,0,0,0,0,0,+,0,0,0,0,0,0,0,0,0,0,0,0,0,0,0,0,0,0,0,0,0,0,0,0,0,0,0,0,0,0,+,0,0,0,0
Bryocaulon divergens,Bryocaulon divergens (Ach.) KÄrnefelt,Bryocaulon divergens,0,0,0,0,+,+,+,+,0,0,0,0,+,0,0,+,0,0,0,0,0,0,0,0,0,+,+,0,0,0,0,0,0,0,0,0,0,0,0,0,0,0,0,0,0,0,1,2,0,0,0,0,0,0,+,0,0,4,0,+,0,2,+,0,0,4
Bryoria nitidula,Bryoria nitidula (Th. Fr.) Brodo & Hawksw.,Bryoria nitidula,0,0,0,+,0,0,+,+,0,0,0,0,0,0,0,0,0,0,0,0,0,0,0,0,0,0,+,0,0,0,0,0,0,0,0,0,0,0,0,0,0,0,0,0,0,0,+,1,0,0,0,0,0,0,0,0,0,+,0,0,0,+,+,0,0,+
Bryum pseudotriquetrum,Bryum pseudotriquetrum (Hedw.) P.G. Gaertn.,Bryum pseudotriquetrum,0,0,0,0,0,0,0,0,0,0,0,0,0,0,0,0,0,0,+,0,0,0,0,0,0,0,0,0,0,0,0,0,0,0,0,0,0,0,0,0,0,0,0,0,0,0,0,0,0,0,0,0,0,0,0,0,0,0,0,0,0,0,0,0,0,0
Calamagrostis langsdorffii,Calamagrostis canadensis s. langsdorffii (Link) HultÂn,Calamagrostis langsdorffii (Link) Trin.,0,0,0,0,0,0,0,0,0,0,0,0,0,0,0,0,0,0,0,0,0,0,0,0,0,0,0,10,0,0,80,0,0,0,0,0,0,0,0,0,0,0,0,0,0,0,0,0,0,0,0,+,0,0,0,0,0,0,0,0,0,0,0,0,0,0
Calamagrostis lapponica,Calamagrostis lapponica (Wahlenb.) Hartm.,Calamagrostis lapponica (Wahlenb.) C.Hartm.,0,0,0.1,0,0,0,0,0,0,0,0,0,0,0,0,0,0,0,+,0,0,0,0,0,0,0,0,0,0,+,0,0,0,0,0,0,0,0,0,0,0,0,0,1,0,+,+,0,1,0,0,0,0,0,0,+,0,0,0,0,0,0,0,0,0,0
Calamagrostis neglecta s. groenlandica,Calamagrostis neglecta s. groenlandica (Schrank) Matuszk.,Calamagrostis neglecta/groenlandica (Schrank) Matusk.,0,0,0,0,0,0,0,0,0,0,0,0,0,0,0,0,0,0,0,0,0,0,0,0,0,0,0,0,0,0,0,0,0,0,0,0,0,0,0,0,0,0,0,0,0,0,0,0,2,0,0,0,0,0,0,0,0,0,0,0,0,0,0,0,0,+
Calamagrostis neglecta s. neglecta,Calamagrostis neglecta s. neglecta (Ehrh.) P. Gaertn.,Calamagrostis neglecta/neglecta,1,0,1,20,20,0,10,10,0,0,0,0,1,0,0,0,0,1,1,+,0,0,0,0,0,0,0,0,1,1,0,0,0,0,0,0,0,0,0,0,1,0,0,0,0,1,5,5,0,1,8,1,3,10,+,1,0,+,0,5,0,2,0,+,+,0
Calliergon cordifolium,Calliergon cordifolium (Hedw.) Kindb.,Calliergon cordifolium,0,0,0,0,0,0,0,0,0,0,0,0,0,0,0,0,0,0,0,0,0,0,0,0,0,0,0,0,0,0,0,0,0,0,0,0,0,0,0,0,0,0,0,0,0,0,0,0,0,0,0,0,+,0,0,0,0,0,75,0,+,0,0,0,0,0
Campanula rotundifolia,Campanula rotundifolia L.,Campanula rotundifolia L.,0,0,0,0,0,0,0,0,0,0,0,0,0,0,0,0,0,0,0,0,0,0,0,0,0,0,0,0,0,0,0,0,0,0,0,0,0,0,0,0,0,0,0,0,0,0,0,0,0,+,0,0,0,0,+,0,+,+,0,0,0,0,0,0,0,0
Cardamine pratensis v. angustifolia,Cardamine polemonioides Rouy,Cardamine pratensis/angustifolia (Hook.) O.E.Schulz,0,0,0,0,0,0,0,0,0,0,0,0,0,0,0,0,0,0,0,0,0,0,0,0,0,0,0,+,0,0,0,0,0,0,0,0,0,0,0,0,0,0,0,0,0,0,0,0,0,0,0,+,0,0,0,0,0,0,0,0,0,0,0,0,0,0
Carex aquatilis,Carex aquatilis Wahlenb.,Carex aquatilis s.str.,0,0,0,0,0,0,0,0,0,0,0,0,0,0,0,0,0,0,0,0,0,0,0,0,0,0,0,0,0,10,0,0,0,0,0,0,0,0,0,0,0,0,0,0,0,0,0,0,0,0,0,0,0,0,0,0,0,0,0,0,0,0,0,0,0,0
Carex arctisibirica,Carex bigelowii s. ensifolia (Turcz. ex Ledeb.) ined. ,Carex arctisibirica (Jurtz.) Czer.,0,0,0,0,0,0,5,1,0,0,0,0,0,3,0,0,0,10,1,2,0,0,0,0,0,0,0,0,0,0,0,0,0,0,0,0,0,0,0,0,0,0,0,1,0,10,15,5,5,1,+,0,0,0,1,50,0,0,0,5,0,10,5,20,1,1
Carex canescens [s. canescens],Carex canescens [s. canescens] L.,Carex canescens,0,0,0,0,0,0,0,0,0,0,0,0,0,0,0,0,0,0,0,0,0,0,0,0,0,0,0,0,0,0,0,0,0,0,0,0,0,0,0,0,0,0,0,0,0,0,0,0,0,0,0,1,0,0,0,0,0,0,1,0,0,0,0,0,0,0
Carex chordorrhiza,Carex chordorrhiza Ehrh. ex L. f.,Carex chordorrhiza Ehrh.,0,0,0,0,0,0,0,0,0,0,5,0,0,0,0,0,0,0,0,0,0,0,0,0,0,0,0,0,0,0,0,0,+,50,60,0,0,0,1,20,0,0,0,0,0,0,0,0,0,0,0,0,0,0,0,0,0,0,0,0,0,0,0,0,0,0
Carex concolor,Carex concolor R. Br.,Carex concolor,0,0,0,0,0,0,0,0,0,0,0,0,0,0,0,0,0,0,0.2,0,0,0,0,0,0,0,0,0,0,+,0,0,0,+,+,0,0,0,0,0,0,0,90,1,0,0,0,0,0,0,0,50,5,1,0,0,0,0,60,0,0,0,0,0,0,0
Carex globularis,Carex globularis L.,Carex globularis,0,0,50,0,0,0,0,0,0,0,0,0,0,0,0,0,0,0,0,0,0,0,0,0,0,0,0,0,0,0,0,0,0,0,0,0,0,0,0,0,0,0,0,0,0,0,0,0,0,0,0,0,0,0,0,0,0,0,0,0,0,0,0,0,0,0
Carex lachenalii,Carex lachenalii Schkuhr,Carex lachenalii,0,0,0,0,0,0,0,0,0,0,0,0,0,0,0,0,0,0,0,0,0,0,0,0,0,0,0,0,0,0,0,0,0,0,0,0,0,0,0,0,0,0,0,0,0,0,0,0,0,0,0,0,1,0,0,0,0,0,0,0,0,0,0,0,0,0
Carex rariflora,Carex rariflora (Wahlenb.) Sm.,Carex rariflora (Wahlenb.) Smith,5,3,0,0,0,0,0,0,0,0,0,0,0,0,0,0,0,0,0,0,0,0,0,0,0,1,0,0,0,0,0,0,3,5,5,0,0,0,70,10,0,0,0,0,0,0,0,0,0,0,0,0,+,0,0,0,0,0,2,0,1,0,0,0,0,0
Carex rotundata,Carex rotundata Wahlenb.,Carex rotundata Wahlenb.,0,30,0,0,0,0,0,0,15,1,30,1,0,0,60,0,0,0,0,0,80,0,1,80,20,0,0,0,0,0,0,0,70,5,10,70,0,0,10,30,0,0,0,0,0,1,0,0,0,0,0,0,0,0,0,0,0,0,0,1,40,+,0,0,0,0
Carex vaginata s. quasivaginata,Carex vaginata s. vaginata Tausch,Carex vaginata/quasivaginata (C.B.Clarke) Malysch.,0,0,0,0,0,0,0,0,0,0,0,0,0,0,0,0,0,0,0,0,0,0,0,0,0,0,0,0,0,0,0,0,0,0,0,0,0,0,0,0,0,0,0,0,0,0,0,0,0,+,0,0,0,0,+,0,0,0,0,0,0,0,0,0,0,0
Cerastium arvense,Cerastium arvense L.,Cerastium arvense/arvense,0,0,0,0,0,0,0,0,0,0,0,0,0,0,0,0,0,0,0,0,0,0,0,0,0,0,0,0,0,0,0,0,0,0,0,0,0,0,0,0,0,0,0,0,0,0,0,0,0,0,0,0,0,0,0,0,+,0,0,0,0,0,0,0,0,0
Ceratodon purpureus,Ceratodon purpureus (Hedw.) Brid.,Ceratodon purpureus,0,0,0,0,+,0,0,0,0,0,0,0,0,0,0,0,0,0,0,0,0,0,0,0,0,0,0,0,0,0,0,0,0,0,0,0,0,0,0,0,0,0,0,0,0,0,0,0,0,0,0,0,0,0,0,0,0,0,0,0,0,0,0,0,0,0
Cetraria aculeata,Cetraria aculeata (Schreb.) Link.,Cetraria aculeata,0,0,0,0,0,0,0,0,0,0,0,0,0,0,0,0,0,0,0,0,0,0,0,0,0,0,0,0,0,0,0,0,0,0,0,0,0,0,0,0,0,0,0,0,0,0,+,+,+,0,0,0,0,0,+,0,+,0,0,0,0,0,0,0,0,0
Cetraria islandica,Cetraria islandica (L.) Ach.,Cetraria islandica,0,0,+,+,+,0,+,0,0,1,+,0,1,+,0,1,+,2,1,+,0,0,+,0,0,0,+,0,2,2,0,+,0,0,0,0,1,2,0,0,2,1,0,1,1,+,1,+,2,+,2,0,0,0,1,0,0,+,0,+,0,0,1,0,2,0
Cetraria laevigata,Cetraria laevigata Rass.,Cetraria laevigata,0,0,0,0,0,+,0,0,0,+,+,0,+,1,0,+,+,0,0,+,0,0,1,0,0,1,1,0,+,0,0,+,0,0,0,0,0,0,0,0,+,0,0,0,0,+,0,+,+,+,1,0,0,0,+,2,0,+,0,1,0,+,1,0,+,0
Cetraria nigricans,Cetraria nigricans Nyl.,Cetraria nigricans,0,0,0,0,0,0,0,+,0,0,0,0,0,0,0,0,0,0,0,0,0,0,0,0,0,0,0,0,0,0,0,0,0,0,0,0,0,0,0,0,0,0,0,0,0,0,0,0,0,0,0,0,0,0,+,0,0,0,0,0,0,0,0,0,0,+
Cetrariella delisei,Cetrariella delisei (Bory ex Schaer.) KÄrnef.,Cetrariella delisei s.l.,2,+,0,0,0,0,0,0,0,0,0,0,0,0,0,0,0,0,0,0,0,0,0,0,0,0,0,0,0,0,0,0,0,0,0,0,0,0,0,0,0,0,0,0,0,0,0,0,0,0,0,0,3,1,+,0,0,0,0,+,0,0,0,0,0,0
Cladonia amaurocraea,Cladonia amaurocraea (FlÔrke) Schaer.,Cladonia amaurocraea,0,0,0,0,+,1,+,+,0,2,0,0,1,1,0,1,+,0,0,3,0,0,3,0,0,+,+,0,+,0,0,+,0,0,0,0,+,1,0,0,0,0,0,0,0,+,+,0,0,0,0,0,0,0,+,1,0,0,0,0,0,0,1,+,0,+
Cladonia arbuscula s. lat.,Cladonia arbuscula s. lat. (Wallr.) Hale & W.Culb.,Cladonia arbuscula,0,0,+,+,2,+,2,3,+,0,0,0,+,0,0,0,0,0,0,0,0,0,0,0,0,+,+,0,0,+,0,+,0,0,0,0,0,0,0,0,0,+,0,0,+,+,+,+,1,2,+,0,0,0,+,+,0,2,0,+,0,+,1,0,1,+
Cladonia cenotea,Cladonia cenotea (Ach.) Schaerer,Cladonia cenotea,0,0,0,0,0,+,0,0,0,0,+,0,0,0,0,0,0,0,0,0,0,0,0,0,0,+,+,0,+,0,0,0,0,0,0,0,+,+,0,0,+,+,0,0,+,+,0,0,0,0,0,0,0,0,0,0,0,0,0,0,0,+,+,0,0,0
Cladonia chlorophaea,Cladonia chlorophaea (Somm.) Spreng.,Cladonia chlorophaea s.l.,0,0,0,0,+,+,0,0,0,0,+,0,0,0,0,0,+,0,+,0,0,0,0,0,0,0,+,0,0,0,0,+,0,0,0,0,0,+,0,0,0,0,0,0,0,+,+,+,0,0,0,0,0,0,+,0,0,+,0,+,0,+,+,0,0,0
Cladonia coccifera s. lat.,Cladonia coccifera s. lat. (L.) Willd.,Cladonia coccifera s.l.,0,0,0,0,+,0,0,0,0,0,0,0,0,0,0,0,0,0,0,0,0,0,0,0,0,0,0,0,0,0,0,0,0,0,0,0,0,0,0,0,0,0,0,0,0,0,0,0,0,0,0,0,0,0,+,0,0,0,0,0,0,0,0,0,0,0
Cladonia cornuta,Cladonia cornuta (L.) Hoffm.,Cladonia cornuta,0,0,0,0,0,+,0,0,0,0,+,0,0,0,0,0,+,0,+,0,0,0,0,0,0,0,+,0,1,1,0,0,0,0,0,0,0,0,0,0,+,0,0,1,0,0,0,+,0,0,0,0,0,0,0,0,0,0,0,+,0,+,0,0,0,0
Cladonia cyanipes,Cladonia cyanipes (Sommerf.) Nyl.,Cladonia cyanipes,0,0,0,0,0,0,0,0,0,0,+,0,0,0,0,0,+,0,0,0,0,0,0,0,0,1,0,0,+,0,0,0,0,0,0,0,+,0,0,0,+,+,0,0,+,0,0,0,0,0,0,0,0,0,0,0,0,0,0,+,0,0,0,0,0,0
Cladonia deformis,Cladonia deformis (L.) Hoffm.,Cladonia deformis,0,0,0,0,0,+,0,0,0,0,+,0,0,0,0,0,0,0,0,0,0,0,0,0,0,0,0,0,0,0,0,0,0,0,0,0,0,0,0,0,+,0,0,0,0,0,0,0,0,0,0,0,0,0,0,0,0,0,0,0,0,0,0,0,0,0
Cladonia gracilis s. lat.,Cladonia gracilis s. lat. (L.) Willd.,Cladonia gracilis s.l.,0,0,+,0,+,0,+,0,2,+,+,0,0,+,0,0,0,1,+,0,0,0,0,0,0,0,+,0,0,0,0,0,0,0,0,0,0,0,0,0,+,+,0,1,+,+,0,+,0,0,+,0,1,+,+,1,0,0,0,2,0,0,1,0,0,0
Cladonia macrophylla,Cladonia macrophylla (Schaerer) Stenh.,Cladonia macrophylla,0,0,0,+,0,0,0,0,0,0,0,0,0,0,0,0,0,0,0,0,0,0,0,0,0,+,0,0,0,0,0,0,0,0,0,0,0,0,0,0,0,0,0,0,0,0,0,0,0,0,0,0,0,0,0,0,0,0,0,0,0,0,0,0,0,0
Cladonia pleurota,Cladonia pleurota (FlÔrke) Schaer.,Cladonia pleurota,0,0,0,0,0,+,0,0,0,+,0,0,0,0,0,0,+,0,0,0,0,0,0,0,0,0,+,0,+,0,0,0,0,0,0,0,+,+,0,0,0,0,0,0,0,0,+,+,+,0,0,0,0,0,0,+,0,0,0,+,0,+,0,0,+,1
Cladonia rangiferina,Cladonia rangiferina (L.) Nyl.,Cladonia rangiferina,0,0,0,0,0,0,0,0,0,0,0,0,0,0,0,0,0,0,0,0,0,0,0,0,0,0,0,0,0,0,0,0,0,0,0,0,0,0,0,0,0,0,0,0,0,0,0,0,0,0,0,0,0,0,+,0,0,0,0,0,0,0,0,0,0,0
Cladonia stellaris,Cladonia stellaris (Opiz) Pouzar & Vezda,Cladonia stellaris,0,+,0,2,+,+,3,+,+,0,0,0,3,+,0,+,+,+,0,+,0,0,+,0,0,3,0,0,0,0,0,0,0,0,0,0,0,0,0,0,+,0,0,0,0,2,+,0,2,0,4,0,0,0,+,0,0,0,0,2,0,+,1,0,4,0
Cladonia stygia,Cladonia stygia (Fr.) Ruoss,Cladonia stygia,0,0,+,4,2,1,3,4,1,3,+,0,4,4,0,4,4,3,0,4,0,0,3,0,0,4,2,0,+,0,0,1,0,0,0,0,2,2,0,0,2,2,0,0,2,3,3,2,3,2,3,0,0,0,0,3,0,0,0,3,0,3,3,0,3,0
Cladonia subfurcata,Cladonia subfurcata (Nyl.) Arn.,Cladonia subfurcata,0,0,+,0,0,0,+,0,0,0,0,0,+,+,0,+,+,0,0,0,0,0,0,0,0,+,0,0,0,0,0,0,0,0,0,0,0,0,0,0,0,+,0,0,+,+,0,0,0,0,0,0,0,0,0,0,0,0,0,0,0,0,+,0,0,0
Cladonia sulphurina,Cladonia sulphurina (Michx.) Fr.,Cladonia sulfurina,0,0,0,0,0,+,0,+,0,+,0,0,0,0,0,0,0,0,0,0,0,0,0,0,0,+,+,0,0,0,0,+,0,0,0,0,+,+,0,0,+,+,0,0,0,0,0,0,0,0,0,0,0,0,0,0,0,0,0,0,0,0,0,0,+,0
Cladonia uncialis,Cladonia uncialis (L.) Wigg.,Cladonia uncialis,0,0,0,+,0,0,+,0,0,0,0,0,0,0,0,0,0,0,0,0,0,0,0,0,0,0,0,0,0,0,0,0,0,0,0,0,0,0,0,0,0,0,0,0,0,0,0,0,0,0,0,0,0,0,0,0,0,0,0,0,0,+,0,0,0,0
Cladonia verticillata s. lat.,Cladonia verticillata s. lat. (Ach.) Flot.,Cladonia verticillata,0,0,0,0,0,0,0,0,0,0,0,0,0,0,0,0,0,0,0,0,0,0,0,0,0,0,0,0,0,0,0,0,0,0,0,0,0,0,0,0,0,0,0,0,0,0,0,0,0,0,0,0,0,0,+,0,0,0,0,0,0,0,0,0,0,+
Comarum palustre,Comarum palustre L.,Comarum palustre L.,0,0,0,0,0,0,0,0,0,0,0,0,0,0,0,0,0,0,0,0,0,0,0,0,0,0,0,0,0,0,1,0,0,0,0,0,0,0,0,10,0,0,10,0,0,0,0,0,0,0,0,+,0,0,0,0,0,0,+,0,0,0,0,0,0,0
Crepis nigrescens,Crepis tectorum s. nigrescens (Pohle) P.D. Sell,Crepis nigrescens,0,0,0,0,0,0,0,0,0,0,0,0,0,0,0,0,0,0,0,0,0,0,0,0,0,0,0,0,0,0,0,0,0,0,0,0,0,0,0,0,0,0,0,0,0,0,0,0,0,0,0,0,0,0,0,0,+,0,0,0,0,0,0,0,0,0
Dactylina arctica,Dactylina arctica (Richardson) Nyl.,Dactylina arctica,0,0,0,0,0,0,0,0,0,+,0,0,0,0,0,0,0,0,0,0,0,0,0,0,0,0,0,0,0,0,0,0,0,0,0,0,0,0,0,0,0,0,0,0,0,+,0,0,0,0,0,0,0,0,0,+,0,0,0,0,0,+,0,0,0,0
Deschampsia anadyrensis,Deschampsia anadyrensis V.N. Vassil.,Deschampsia anadyrensis V.Vassil.,0,0,0,0,0,0,0,0,0,0,0,0,0,0,0,0,0,0,0,0,0,0,0,0,0,0,0,0,0,0,0,0,0,0,0,0,0,0,0,0,0,0,0,0,0,0,0,0,0,0,0,0,0,0,0,0,+,0,0,0,0,0,0,0,0,0
Dicranella subulata,Dicranella subulata (Hedw.) Schimp.,Dicranella subulata,0,0,0,0,0,0,0,0,0,0,0,0,0,0,0,0,0,0,0,0,0,0,0,0,0,0,0,0,0,0,0,0,0,0,0,0,0,0,0,0,0,0,0,0,0,+,0,0,0,0,0,0,0,0,0,0,0,0,0,0,0,0,0,0,0,0
Dicranum acutifolium,Dicranum acutifolium (Lindb. & H. Arn.) C. Jens.,Dicranum acutifolium,0,0,0,0,0,0,0,0,0,0,0,0,0,0,0,0,0,0,0,0,0,0,0,0,0,0,0,0,0,0,0,0,0,0,0,0,0,0,0,0,0,0,0,0,0,0,0,0,0,0,0,0,0,0,0,0,0,0,0,0,0,0,0,0,2,0
Dicranum brevifolium,Dicranum brevifolium (Lindb.) Lindb.,Dicranum brevifolium,0,0,0,0,0,0,0,0,0,0,0,0,0,0,0,0,0,0,0,0,0,0,0,0,0,0,0,0,0,0,0,0,0,0,0,0,0,0,0,0,0,0,0,0,0,0,0,0,0,0,0,0,0,0,0,0,0,0,0,0,0,0,+,0,0,0
Dicranum elongatum,Dicranum elongatum Schleich. ex Schwaegr.,Dicranum elongatum,0,0,0,0,10,5,8,5,0,0,0,0,5,10,0,0,5,0,0,+,0,0,10,0,0,0,30,0,0,0,0,10,0,0,0,0,15,20,0,0,0,10,0,10,5,20,20,10,3,0,0,0,0,0,0,0,0,0,0,45,0,10,5,+,0,0
Dicranum fuscescens,Dicranum fuscescens Turner,Dicranum fuscescens Turner,0,0,0,0,0,0,0,0,0,0,0,0,0,0,0,0,0,0,3,0,0,0,0,0,0,0,0,0,0,0,0,0,0,0,0,0,0,0,0,0,0,0,0,0,0,0,0,0,0,0,0,0,0,0,0,0,0,0,0,0,0,0,0,0,0,0
Dicranum laevidens,Dicranum spadiceum J. E. Zetterst.,Dicranum laevidens R.S.Williams,0,0,0,0,0,5,0,5,5,50,5,0,0,20,0,0,0,0,0,10,0,0,0,0,0,10,0,0,10,0,0,0,0,0,0,0,0,0,0,0,60,10,0,0,15,10,20,0,0,0,0,0,0,0,0,10,0,0,0,0,0,0,15,0,0,0
Dicranum majus,Dicranum majus Turner,Dicranum majus Turner,0,0,0,0,0,0,0,0,0,0,0,0,0,0,0,0,0,0,0,0,0,0,0,0,0,0,0,0,0,0,0,0,0,0,0,0,0,0,0,0,0,0,0,0,0,0,0,0,0,0,0,0,10,3,0,0,0,0,0,0,0,0,0,0,0,0
Distichium capillaceum,Distichium capillaceum (Hedw.) Bruch & Schimp.,Distichium capillaceum,0,0,0,0,+,0,0,0,0,0,0,0,0,0,0,0,0,0,0,0,0,0,0,0,0,0,0,0,0,0,0,0,0,0,0,0,0,0,0,0,0,0,0,0,0,+,0,0,0,0,0,0,0,0,0,0,0,0,0,0,0,0,+,0,0,0
Ditrichum flexicaule,Ditrichum flexicaule (Schwaegr.) Hampe,Ditrichum flexicaule,0,0,0,0,0,0,0,0,0,0,0,0,0,0,0,0,0,0,0,0,0,0,0,0,0,0,0,0,0,0,0,0,0,0,0,0,0,0,0,0,0,0,0,0,0,0,0,0,0,0,0,0,0,0,0,0,0,0,+,0,0,0,0,0,0,0
Drepanocladus revolvens,Limprichtia revolvens (Swartz) Loeske,Drepanocladus revolvens (=Scorpidium revolvens=Limprichtia revolvens)),0,0,0,0,0,0,0,0,10,0,0,0,0,0,0,0,0,0,0,0,0,0,0,0,0,0,0,0,0,0,0,0,0,0,0,0,0,0,0,0,0,0,0,0,0,0,0,0,0,0,0,0,0,0,0,0,0,0,0,0,0,0,0,0,0,0
Empetrum subholarcticum,Empetrum nigrum L.,Empetrum subholarcticum,0,0,0,1,1,0.1,0.1,0.1,0,0,0,0,0.1,0.1,0.5,0.1,0.1,0.1,1,0.5,0,0,0.1,0,0,0,1,0,1,0.1,0,0,0,0,0,0,0,0,0,0,+,0,0,0,0,0,1,+,1,0,2,0,0,+,15,0,0,2,0,+,0,+,0,0,0,2
Epilobium palustre,Epilobium palustre L.,Epilobium palustre,0,0,0,0,0,0,0,0,0,0,0,0,0,0,0,0,0,0,0,0,0,0,0,0,0,0,0,0,0,0,+,0,0,0,0,0,0,0,0,0,0,0,+,0,0,0,0,0,0,0,0,0,0,0,0,0,0,0,0,0,0,0,0,0,0,0
Equisetum arvense v. boreale,Equisetum arvense s. alpestre (Wahlenb.) SchÔnswetter & Elven,Equisetum arvense/boreale (Bong.) Tolm.,0,0,0,0,0,0,0,0,0,0,0,0,0,0,0,0,0,0.1,15,0,0,0,0,0,0,0,0,10,0,0,2,0,0,0,0,0,0,0,0,0,0,0,0,0,0,0,0,0,2,+,+,0,3,1,+,0,0,0,0,0,0,0,0,0,0,+
Eriophorum medium,Eriophorum tolmatchevii M.S. Novos.,Eriophorum medium Anderss.,0,0,0,0,0,0,0,0,0,0,30,2,0,0,5,0.5,0,0,0,0,5,0,0,0,30,0,0,0,0,0,0,0,3,2,0,0,0,1,0,30,0,0,0,0,0,0,0,0,0,0,0,0,0,0,0,0,0,0,1,0,20,0,0,0,0,0
Eriophorum polystachion,Eriophorum angustifolium Honck.,Eriophorum polystachion L.,0,0,0,0,0,0,0,1,20,0,10,0,0,1,0,0,0,0.5,0,0,0,0,0,0,0,0,0,0,0,0,0,0,0,0,0,0,0,0,0,0,1,+,10,+,0,2,5,0,0,0,0,+,0,0,0,0,0,0,0,0,10,+,+,0,0,0
Eriophorum russeolum,Eriophorum russeolum Fr. ex Hartm.,Eriophorum russeolum Fries,0,0,0,0,0,0,0,0,0,0,10,0,0,0,0,0,0,0,0,0,0,0,0,0,0,0,0,0,0,0,0,0,0,0,+,0,0,0,+,0,0,0,0,0,0,0,0,0,0,0,0,0,0,0,0,0,0,0,0,0,20,0,0,0,0,0
Eriophorum vaginatum,Eriophorum vaginatum L.,Eriophorum vaginatum L.,0,0,1,0,0,10,0,10,1,5,0,0,3,20,0,0,60,0,0,5,0,15,10-,0,0,40,70,0,1,0,0,70,0,0,0,0,0,30,0,0,5,60,0,5,60,5,10,+,0,0,0,0,0,0,0,2,0,0,0,2,0,+,10,0,0,0
Festuca ovina [s. ovina],Festuca ovina [s. ovina] L.,Festuca ovina L.,+,0,0,0,+,0,0,0,0,0,0,0,0,0,0,0,0,0,0,0,0,0,0,0,0,0,0,+,+,0,0,0,0,0,0,0,0,0,0,0,0,0,0,+,0,0,0,+,+,1,1,0,+,+,1,0,0,+,0,0,0,0,0,0,0,1
Festuca rubra,Festuca rubra L.,Festuca rubra/arctica (Hack.) Govor.,0,0,0,0,0,0,0,0,0,0,0,0,0,0,0,0,0,0,0,0,0,0,0,0,0,0,0,0,0,0,0,0,0,0,0,0,0,0,0,0,0,0,0,0,0,0,0,0,0,0,0,0,0,0,0,0,+,0,0,0,0,0,0,0,0,0
Flavocetraria cucullata,Flavocetraria cucullata (Bell.) KÄrnefelt & Thell,Flavocetraria cuccullata,0,0,0,2,1,2,2,2,+,3,1,0,1,3,0,1,1,0,0,0,0,0,2,0,0,2,1,0,1,0,0,+,0,0,0,0,2,2,0,0,+,1,0,0,2,2,1,+,+,1,1,0,0,0,2,1,0,2,0,2,0,2,2,+,2,2
Flavocetraria nivalis,Flavocetraria nivalis (L.) KÄrnefelt & Thell,Flavocetraria nivalis,0,0,0,+,+,0,0,0,0,0,0,0,0,0,0,0,+,0,0,2,0,0,0,0,0,+,0,0,0,0,0,0,0,0,0,0,0,0,0,0,0,0,0,0,0,0,0,+,+,1,0,0,0,0,0,0,0,+,0,0,0,+,0,0,+,+
Gowardia nigricans,Gowardia nigricans (Ach.) P.Halonen,Gowardia nigricans,0,0,0,0,0,0,0,+,0,0,0,0,0,0,0,0,0,0,0,0,0,0,0,0,0,+,0,0,0,0,0,0,0,0,0,0,0,0,0,0,0,0,0,0,0,0,+,+,0,+,0,0,0,0,0,0,0,1,0,0,0,+,+,0,0,0
Gymnomitrion corallioides,Gymnomitrion corallioides Nees,Gymnomitrion coralloides,0,0,0,0,0,0,0,0,0,0,0,0,0,0,0,0,0,0,0,0,0,0,0,+,0,0,0,0,0,0,0,0,0,0,0,0,0,0,0,0,0,0,0,0,0,0,0,+,0,0,0,0,0,0,0,0,0,5,0,0,0,0,0,0,0,0
Hierochloű alpina,Hierochloű alpina (Sw.) Roem. & Schult.,Hierochloe alpina (Sw.) Roem. et Schult.,0,0,0,0,5,0,1,0,0,0,0,0,0,0,0,0,0,0,0,0,0,0,0,0,0,0,0,0,0,0,0,0,0,0,0,0,0,0,0,0,0,0,0,0,0,0,0,2,1,2,2,0,0,0,1,0,0,1,0,0,0,0,0,0,0,+
Hylocomium splendens,Hylocomium splendens (Hedw.) Schimp.,Hylocomium splendes,0,0,0,0,0,0,0,0,0,10,0,0,0,0,0,0,0,2,0,0,0,0,0,0,0,0,1,40,30,10,2,+,0,0,0,0,0,0,0,0,0,0,0,10,+,5,5,0,0,0,0,0,5,2,0,0,0,0,0,0,0,0,0,30,0,0
Icmadophila ericetorum,Icmadophila ericetorum (L.) Zahlbr.,Icmadophyla ericetorum,0,0,0,0,0,+,0,0,0,0,0,0,0,0,0,0,0,0,0,0,0,0,0,0,0,0,0,0,0,0,0,0,0,0,0,0,0,+,0,0,0,0,0,0,0,0,0,0,0,0,0,0,0,0,0,0,0,0,0,0,0,0,0,0,0,0
Juncus biglumis,Juncus biglumis L.,Juncus biglumis L.,0,0,0,0,0,0,0,0,0,0,0,0,0,0,0,0,0,0,0,0,0,0,0,0,0,0,0,0,0,0,0,0,0,0,0,0,0,0,0,0,0,0,0,0,0,0,+,0,0,0,0,0,0,0,0,0,0,0,0,+,0,0,0,0,0,0
Juncus trifidus,Juncus trifidus L.,Juncusa trifidus,0,0,0,0,0,0,0,0,0,0,0,0,0,0,0,0,0,0,0,0,0,0,0,0,0,0,0,0,0,0,0,0,0,0,0,0,0,0,0,0,0,0,0,0,0,0,0,0,0,0,0,0,0,0,1,0,0,0,0,0,0,0,0,0,0,0
Ledum palustre v. decumbens,Rhododendron tomentosum s. decumbens (Aiton) Elven & D.F. Murray,Ledum palustre/decumbens (Ait.) Hult.,0,0,0,1,0,30,5,20,0,20,0,0,15,20,0,20,25,1,0,15,0,0,15,0,0,15,20,0.5,1,1,0,30,0,0,0,0,25,10,0,0,10,3,0,0,15,10,5,1,0.5,0,1,0,+,0,+,5,0,0,0,20,+,+,5,25,0,0
Lichenomphalia hudsoniana,Lichenomphalia hudsoniana (H.S. Jenn.) Redhead et al.,Lichenomphalia  hudsoniana,0,0,0,0,0,0,0,+,0,0,0,0,0,0,0,0,0,0,0,0,0,0,0,0,0,0,0,0,0,0,0,0,0,0,0,0,0,0,0,0,0,0,0,0,0,0,0,0,0,0,0,0,0,0,0,0,0,0,0,0,0,0,0,0,0,0
Loeskypnum badium,Loeskypnum badium (C.J. Hart.) Paul,Loescypnum badium,0,0,0,0,0,0,0,0,0,0,0,0,0,0,0,0,0,0,0,0,0,0,0,0,0,0,0,0,0,0,0,0,0,0,0,0,0,0,0,0,0,0,0,0,0,2,0,0,0,0,0,0,0,0,0,0,0,0,0,0,0,0,0,0,0,0
Luzula confusa,Luzula confusa Lindeb.,Luzula confusa Lindb.,0,0,0,0,0,0,0.01,0,0,0,0,0,0,0,0,0,0,0,0,0,0,0,0,0,0,0,0,0,0,0,0,0,0,0,0,0,0,0,0,0,0,0,0,0,0,0,+,+,+,+,+,0,0,0,0,0,0,+,0,0,0,+,0,0,+,+
Luzula frigida,Luzula multiflora s. frigida (Buchenau) V.I. Krecz.,Luzula multiflora/frigida (Buch.) V. Krecz.,0,0,0,0,0,0,0,0,0,0,0,0,0,0,0,0,0,0,0,0,0,0,0,0,0,0,0,0,0,0,0,0,0,0,0,0,0,0,0,0,0,0,0,0,0,0,0,0,0,0,0,0,+,+,0,0,0,0,0,0,0,0,0,0,0,0
Luzula nivalis,Luzula nivalis (Laest.) Spreng.,Luzula nivalis,0,0,0,0,0,0,0,0,0,0,0,0,0,0,0,0,0,0,0,0,0,0,0,0,0,0,0,0,0,0,0,0,0,0,0,0,0,0,0,0,0,0,0,0,0,+,+,0,0,0,0,0,0,0,0,0,0,0,0,0,0,0,0,0,0,0
Luzula wahlenbergii,Luzula wahlenbergii Rupr.,Luzula wahlenbergii Rupr.,+,0,0,0,0,0,0,0,0,0,0,0,0,0,0,0,0,0,0,0,0.1,0,0,0,0.1,0,0,0,0,0,0,0,+,0,0,+,0,0,0,3,0,0,0,0,0,0,0,0,0,0,0,0,0,0,0,0,0,0,0,0,0,0,0,0,0,0
Lycopodium alpinum,Diphasiastrum alpinum (L.) Holub,Lycopodium alpinum L.,0,0,0,0,0,0,0,0,0,0,0,0,0,0,0,0,0,0,0,0,0,0,0,0,0,0,0,0,0,0,0,0,0,0,0,0,0,0,0,0,0,0,0,0,0,0,0,0,0,0,0,0,+,0,0,0,0,0,0,0,0,0,0,0,0,0
Lycopodium annotinum s. pungens,Lycopodium annotinum s. alpestre (Hartm.) A. LÔve & D. LÔve,Lycopodium annotinum/pungens (La Pyl. et Kom.) Hult.,0,0,0,0,0,0,0,0,0,0,0,0,0,0,0,0,0,0,0,0,0,0,0,0,0,0,0,0,0,0,0,0,0,0,0,0,0,0,0,0,0,0,0,0,0,0,0,0,0,0,0,0,+,+,+,0,0,0,0,0,0,0,0,0,0,0
Lycopodium selago s. arcticum,Huperzia arctica (Grossh. ex Tolm.) Sipliv.,Lycopodium selago/arcticum Tolm.,0,0,0,0,0,0,0,0,0,0,0,0,0,0,0,0,0,0,0,0,0,0,0,0,0,0,0,0,0,0,0,0,0,0,0,0,0,0,0,0,0,0,0,0,0,0,0,0,0,0,0,0,0,0,+,0,0,+,0,0,0,0,0,0,0,0
Minuartia macrocarpa,Minuartia macrocarpa (Pursh) Ostenf.,Minuartia macrocarpa (Pursh) Ostenf.,0,0,0,0,0,0,0,0,0,0,0,0,0,0,0,0,0,0,0,0,0,0,0,0,0,0,0,0,0,0,0,0,0,0,0,0,0,0,0,0,0,0,0,0,0,0,0,0,0,0,0,0,0,0,0,0,+,0,0,0,0,0,0,0,0,0
Myosotis palustris,Myosotis scorpioides L.,Myosotis palustris (L.) L.,0,0,0,0,0,0,0,0,0,0,0,0,0,0,0,0,0,0,0,0,0,0,0,0,0,0,0,0,0,0,0,0,0,0,0,0,0,0,0,0,0,0,0,0,0,0,0,0,0,0,0,0,0,+,0,0,0,0,0,0,0,0,0,0,0,0
Nephroma arcticum,Nephroma arcticum (L.) Torss.,Nephroma arctica,0,0,0,0,0,0,0,0,0,0,0,0,0,0,0,0,0,0,2,0,0,0,0,0,0,0,0,0,0,0,0,0,0,0,0,0,0,0,0,0,0,0,0,0,0,0,0,0,0,0,0,0,0,0,0,0,0,0,0,0,0,0,0,0,0,0
Ochrolechia frigida,Ochrolechia frigida (Sw.) Lynge,Ochrolechia frigida,0,0,0,0,0,0,0,0,0,0,0,0,0,0,0,0,0,0,0,0,0,0,0,0,0,0,+,0,0,0,0,0,0,0,0,0,0,0,0,0,0,0,0,0,0,0,0,+,0,0,0,0,0,0,0,0,0,0,0,0,0,0,0,0,0,0
Oncophorus wahlenbergii,Oncophorus wahlenbergii Brid.,Oncophorus wahlenbergii,0,0,0,0,0,0,0,0,+,0,0,0,0,0,0,0,0,0,0,0,0,0,0,0,0,0,0,0,0,0,0,0,0,0,0,0,0,0,0,0,0,0,0,0,0,¨+,0,0,0,0,0,0,0,0,0,0,0,0,0,+,0,+,0,0,0,0
Pedicularis labradorica,Pedicularis labradorica Wirsing,Pedicularis labradorica,+,0,0,0,0,0,0,0,0,0,0,0,0,0,0,0,0,0,0,0,0,0,0,0,0,0,0,0,0,0,0,0,0,0,0,0,0,0,0,0,0,0,0,0,0,0,+,+,0,0,0,0,+,0,0,+,0,0,0,+,0,0,0,0,0,0
Pedicularis lapponica,Pedicularis lapponica L.,Pedicularis lapponica L.,+,0,0,0,0,0,0,0,0,0,0,0,0,0,0,0,0,0.1,0,0,0,0,0,0,0,0,0,0,0,0,0,0,0,0,0,0,0,0,0,0,0,0,0,0,0,1,+,0,0,0,0,0,0,0,0,0,0,0,0,0,0,0,0,0,0,0
Peltigera aphthosa,Peltigera aphthosa (L.) Willd.,Peltigera aphtosa,0,0,0,0,0,0,0,0,0,0,0,0,0,0,0,0,0,0,0,0,0,0,0,0,0,0,+,0,0,+,0,0,0,0,0,0,0,0,0,0,0,0,0,0,0,0,0,0,0,0,0,0,0,0,0,0,0,0,0,0,0,0,0,0,0,0
Peltigera malacea,Peltigera malacea (Ach.) Funck,Peltigera malacea,0,0,0,0,0,0,0,0,0,0,0,0,0,0,0,0,0,0,0,0,0,0,0,0,0,0,0,0,+,0,0,0,0,0,0,0,0,0,0,0,0,0,0,0,0,0,0,0,0,0,0,0,0,0,+,+,0,0,0,0,0,0,0,0,0,0
Peltigera polydactylon,Peltigera polydactylon (Neck.) Hoffm.,Peltigera polydactylon,0,0,0,0,0,0,0,0,1,0,0,0,0,0,0,0,0,0,0,0,0,0,0,0,0,0,0,0,0,0,0,0,0,0,0,0,0,0,0,0,0,0,0,0,0,0,0,0,0,0,0,0,0,0,0,0,0,0,0,0,0,0,0,0,0,0
Peltigera scabrosa,Peltigera scabrosa Th. Fr.,Peltigera scabrosa,0,0,0,0,0,0,0,0,0,0,0,0,0,0,0,0,0,0,2,0,0,0,0,0,0,0,0,0,+,1,0,0,0,0,0,0,0,0,0,0,0,0,0,0,0,0,0,0,0,0,0,0,1,+,0,+,0,0,0,0,0,0,0,0,0,0
Pertusaria dactylina,Pertusaria dactylina (Ach.) Nyl.,Pertusaria dactylina,0,0,0,0,0,0,0,+,0,0,0,0,0,0,0,0,+,0,0,0,0,0,0,0,0,0,0,0,0,0,0,0,0,0,0,0,0,0,0,0,0,0,0,0,0,0,0,0,0,+,0,0,0,0,0,0,0,0,0,0,0,+,0,0,0,0
Pertusaria panyrga,Pertusaria panyrga (Ach.) A. Massal.,Pertusaria panyrga,0,0,0,0,0,0,0,0,0,0,0,0,0,0,0,0,0,0,0,0,0,0,0,0,0,0,0,0,0,0,0,0,0,0,0,0,0,0,0,0,0,0,0,0,0,0,0,+,0,0,0,0,0,0,0,0,0,0,0,0,0,0,0,0,0,0
Pinguicula vulgaris [s. vulgaris],Pinguicula vulgaris [s. vulgaris] L.,Pinguicula vulgaris,0,0,0,0,0,0,0,0,0,0,0,0,0,0,0,0.01,0,0,0,0,0,0,0,0,0,0,0,0,0,0,0,0,0,0,0,0,0,0,0,0,0,0,0,0,0,0,0,0,0,0,0,0,0,0,0,0,0,0,0,0,0,0,0,0,0,0
Plagiothecium denticulatum,Plagiothecium denticulatum (Hedw.) Schimp.,Plagiothecium denticulatum,0,0,0,0,0,0,0,0,0,0,0,0,0,0,0,0,0,0,+,0,0,0,0,0,0,0,0,0,0,0,0,0,0,0,0,0,0,0,0,0,0,0,0,0,0,0,0,0,0,0,0,0,0,0,0,0,0,0,0,0,0,0,0,0,0,0
Pleurozium schreberi,Pleurozium schreberi (Willdenow ex Brid.) Mitt.,Pleurozium schreberi,0,0,0,0,0,0,0,0,0,0,0,0,0,5,0,0,0,20,20,0,0,0,0,0,0,0,1,0,0,+,1,0,0,0,0,0,0,0,0,0,2,0,0,0,0,0,0,+,0,0,0,0,0,+,0,+,0,0,0,0,0,0,0,+,0,0
Poa alpigena,Poa pratensis s. alpigena (Lindm.) Hiitonen,Poa alpigena/alpigena,0,0,0,0,0,0,0,0,0,0,0,0,0,0,0,0,0,1,+,0,0,0,0,0,0,0,0,+,0,0,+,0,0,0,0,0,0,0,0,0,0,0,0,+,0,0,0,+,+,0,0,0,+,0,0,+,0,0,0,0,0,0,0,0,0,0
Poa arctica s. arctica,Poa arctica s. arctica R. Br.,Poa arctica/arctica,+,0,0,0,0,0,0,0,0,0,0,0,0,0.1,0,0,0,0,0,0,0,0,0,0,0,0,0,+,+,0,+,0,0,0,0,0,0,+,0,0,0,0,0,0,0,0,0,0,0,0,0,0,0,0,0,0,0,0,0,0,0,0,0,0,0,0
Pogonatum dentatum,Pogonatum dentatum (Menzies ex Brid.) Brid.,Pogonatum dentatum,0,0,0,0,+,0,0,0,0,0,0,0,0,0,0,0,0,0,0,0,0,0,0,0,0,0,0,0,0,0,0,0,0,0,0,0,0,0,0,0,0,0,0,0,0,0,0,2,+,0,0,0,0,0,1,0,0,0,0,0,0,0,0,0,0,0
Pohlia bulbifera,Pohlia bulbifera (Warnst.) Warnst.,Pohlia bulbifera,0,0,0,0,0,0,0,0,0,0,0,0,0,0,0,0,0,0,0,0,0,0,0,0,0,0,0,0,0,0,0,0,0,0,0,0,0,0,0,0,0,0,0,0,0,+,0,0,0,0,0,0,0,0,0,0,0,0,0,0,0,0,0,0,0,0
Pohlia nutans,Pohlia nutans (Hedw.) Lindb.,Pohlia nutans,0,0,0,0,+,0,0,0,0,0,0,0,0,0,0,0,0,0,+,0,0,0,0,0,0,0,0,0,0,0,0,0,0,0,0,0,0,0,0,0,0,0,0,0,0,0,0,0,0,0,0,0,0,0,0,0,0,0,0,0,0,0,0,0,0,0
Pohlia species,Pohlia species,Pohlia sp.,0,0,0,0,0,0,0,0,0,0,0,0,0,0,0,0,0,0,0,0,0,0,0,0,0,0,0,0,0,0,0,0,0,0,0,0,0,0,0,0,0,0,0,0,0,0,0,+,0,0,0,0,0,0,0,0,0,0,0,0,0,0,0,0,0,0
Polemonium acutiflorum,Polemonium acutiflorum Willd.,Polemonium acutiflorum Willd. ex Roem. et Schult.,0,0,0,0,0,0,0,0,0,0,0,0,0,0,0,0,0,0,+,0,0,0,0,0,0,0,0,1,0,0,1,0,0,0,0,0,0,0,0,0,0,0,0,0,0,0,0,0,0,0,0,1,1,+,0,0,0,0,0,0,0,0,0,0,0,0
Polemonium boreale,Polemonium boreale Adams,Polemonium boreale Adams,0,0,0,0,0,0,0,0,0,0,0,0,0,0,0,0,0,0,0,0,0,0,0,0,0,0,0,0,0,0,0,0,0,0,0,0,0,0,0,0,0,0,0,0,0,0,0,0,0,0,0,0,0,0,0,0,+,+,0,0,0,0,0,0,0,0
Polygonum bistorta s. ellipticum,Bistorta elliptica (Willd. ex Spreng.) Kom. ex V.V. Petrovsky,Polygonum bistorta/elliptica =  Bistorta elliptica,0,0,0,0,0,0,0,0,0,0,0,0,0,0,0,0,0,0,0,0,0,0,0,0,0,0,0,0,0,0,0,0,0,0,0,0,0,0,0,0,0,0,0,0,0,0,0,+,0,0,0,0,+,+,+,0,0,+,0,0,0,0,0,0,0,0
Polygonum ocreatum,Aconogonon ochreatum (L.) H. Hara,Polygonum ocreatum L. =Aconogonon ocreatum ,0,0,0,0,0,0,0,0,0,0,0,0,0,0,0,0,0,0,0,0,0,0,0,0,0,0,0,0,0,0,0,0,0,0,0,0,0,0,0,0,0,0,0,0,0,0,0,0,0,+,+,0,0,0,+,0,+,+,0,0,0,0,0,+,0,1
Polygonum viviparum,Bistorta vivipara (L.) Delarbre,Polygonum viviparum L.= Bistorta vivipara,0,0,0,0,0,0,0,0,0,0,0,0,0,0,0,0,0,0,0,0,0,0,0,0,0,0,0,0,0,0,0,0,0,0,0,0,0,0,0,0,0,0,0,0,0,0,0,+,0,0,+,0,+,+,0,0,0,0,0,0,0,0,0,0,0,0
Polytrichum alpinum,Polytrichastrum alpinum (Hedw.) G. L. Sm.,Polytrichum alpinum,0,0,0,0,0,0,0,0,0,0,0,0,0,0,0,0,0,0,0,0,0,0,0,0,0,+,0,0,0,0,0,0,0,0,0,0,0,0,0,0,0,0,0,0,0,0,0,0,0,0,0,0,0,0,0,0,0,0,0,0,0,0,0,0,0,0
Polytrichum commune,Polytrichum commune Hedw.,Polytrichum commune Hedw.,+,0,0,0,0,0,0,0,0,0,0,0,0,0,0,0,0,5,0,0,0,0,0,0,0,0,5,10,10,10,0,0,0,0,0,0,0,0,0,0,0,0,0,0,0,0,0,0,0,0,0,5,20,+,0,2,0,0,0,0,0,0,0,0,0,0
Polytrichum hyperboreum,Polytrichum hyperboreum R. Br.,Polytrichum hyperboreum R.Br.,0,0,0,0,20,0,7,10,0,0,0,0,0,0,0,0,0,0,0,0,0,0,0,0,0,0,0,0,0,0,0,0,0,0,0,0,0,0,0,0,0,0,0,0,0,0,20,15,5,1,2,0,0,0,0,0,0,0,0,0,0,10,0,0,+,+
Polytrichum jensenii,Polytrichum jensenii I. Hagen,Polytrichum jensenii I.Hagen,0,0,0,0,0,0,0,0,0,0,5,0,0,10,0,0,0,0,0,0,+,0,+,0,3,0,0,0,0,0,0,0,2,0,+,+,0,0,5,0,0,0,0,0,0,0,0,0,0,0,0,0,0,0,0,0,0,0,5,0,5,0,0,0,0,0
Polytrichum juniperinum,Polytrichum juniperinum Hedw.,Polytrichum juniperinum Hedw.,0,0,0,10,0,0,0,0,+,10,0,0,0,0,0,0,5,0,20,0,0,0,0,0,0,0,0,0,+,0,0,5,0,0,0,0,10,20,0,0,20,20,0,0,10,10,0,5,0,0,0,0,0,0,+,8,0,0,0,5,0,5,10,0,0,0
Polytrichum longisetum,Polytrichum longisetum Swartz ex Brid.,Polytrichum longisetum,0,0,0,0,0,0,0,0,0,0,0,0,0,0,0,0,0,0,0,0,0,0,0,0,0,0,0,0,0,0,0,0,0,0,0,0,0,0,0,0,0,0,0,0,0,0,0,0,0,0,0,0,0,0,0,0,0,0,0,0,0,+,0,0,0,0
Polytrichum piliferum,Polytrichum piliferum Hedw.,Polytrichum piliferum Hedw.,+,0,0,0,0,0,0,0,0,0,0,0,0,0,0,0,0,0,0,0,0,0,0,0,0,0,0,0,0,0,0,0,0,0,0,0,0,0,0,0,0,0,0,0,0,0,0,0,0,0,0,0,0,0,8,0,0,1,0,0,0,0,0,0,0,+
Polytrichum strictum,Polytrichum strictum Menzies ex Brid.,Polytrichum strictum Brid.,35,0,10,0,0,0,0,0,0,0,0,0,0,0,0,0,0,15,0,5,0,0,0,0,0,0,0,0,0,0,0,0,0,0,0,0,0,0,0,0,0,0,0,0,0,0,0,0,0,0,0,0,0,0,0,0,0,0,0,0,0,0,0,0,0,0
Ptilidium ciliare,Ptilidium ciliare (L.) Hampe,Ptilidium ciliare,+,0,0,0,0,0,0,0,0,0,0,0,0,+,0,0,0,+,0,0,0,0,0,0,0,0,+,0,+,+,0,+,0,0,0,0,+,0,0,0,0,0,0,0,0,+,+,0,+,0,0,0,+,+,0,+,0,0,0,5,0,0,0,0,+,0
Pyrola minor,Pyrola minor L.,Pyrola minor,0,0,0,0,0,0,0,0,0,0,0,0,0,0,0,0,0,0,0,0,0,0,0,0,0,0,0,1,0,0,0,0,0,0,0,0,0,0,0,0,0,0,0,0,0,0,0,0,0,0,0,0,+,+,0,0,0,0,0,0,0,0,0,0,0,0
Racomitrium lanuginosum,Racomitrium lanuginosum (Hedw.) Brid.,Racomitrium lanuginosum,0,0,0,0,0,0,0,0,0,0,0,0,0,0,0,0,0,0,0,0,0,0,0,0,0,0,0,0,0,0,0,0,0,0,0,0,0,0,0,0,0,0,0,0,0,0,0,0,0,0,0,0,0,0,1,0,0,0,0,0,0,5,0,0,0,+
Ranunculus lapponicus,Coptidium lapponicum (L.) Tzvelev,Ranunculus lapponicus L.,+,0,0,0,0,0,0,0,0,0,0,0,0,0,0,0,0,0,0,0,0,0,0,0,0,0,0,0,0,0,0,0,0,0,0,0,0,0,0,0,0,1,0,0,0,0,0,0,0,0,0,0,0,0,0,0,0,0,0,0,0,0,0,0,0,0
Rhytidium rugosum,Rhytidium rugosum (Ehrh. ex Hedw.) Kindb.,Rhytidium rugosum,0,0,0,0,0,0,0,0,0,0,0,0,0,0,0,0,0,0,0,0,0,0,0,0,0,0,0,0,0,0,0,0,0,0,0,0,0,0,0,0,0,0,0,0,0,0,0,0,0,0,0,0,0,0,0,+,0,0,0,0,0,0,0,0,0,0
Rubus arcticus,Rubus arcticus L.,Rubus arcticus L.,0,0,0,0,0,0,0,0,0,0,0,0,0,0,0,0,0,0,1,0,0,0,0,0,0,0,0,15,0,0,2,0,0,0,0,0,0,0,0,0,0,0,0,0,0,0,0,0,0,0,0,0,0,0,0,0,0,0,0,0,0,0,0,0,0,0
Rubus chamaemorus,Rubus chamaemorus L.,Rubus chamaemorus L.,15,1,10,0,0,30,0,15,0,15,0,0,10,5,0,10,2,5,5,20,0,0,25,0,3,20,15,0,10,20,0,10,0,0,0,0,15,50,0,0,30,10,0,10,10,1,0,0,0,0,0,0,0,0,0,0,0,0,0,2,0,0,5,5,0,0
Rumex acetosa,Rumex acetosa L.,Rumex acetosa/pseudoxyria Tolm.,0,0,0,0,0,0,0,0,0,0,0,0,0,0,0,0,0,0,0,0,0,0,0,0,0,0,0,0,0,0,0,0,0,0,0,0,0,0,0,0,0,0,0,0,0,0,0,0,0,0,0,0,0,0,+,0,0,0,0,0,0,0,0,0,0,0
Rumex graminifolius,Rumex graminifolius Rudolph ex Lamb.,Rumex graminifolius/graminifolius,0,0,0,0,0,0,0,0,0,0,0,0,0,0,0,0,0,0,0,0,0,0,0,0,0,0,0,0,0,0,0,0,0,0,0,0,0,0,0,0,0,0,0,0,0,0,0,0,0,0,0,0,0,0,0,0,+,0,0,0,0,0,0,0,0,0
Salix glauca s. glauca,Salix glauca s. glauca L.,Salix glauca/glauca,0,0,0,0,0.1,0,0.1,0,0,0,0,0,0,0,0,0,0,2,10,0,0,0,0,0,0,0,0,10,3,0,5,0,0,0,0,0,0,0,0,0,0,1,0,0,0,+,1,2,0,+,0,+,+,10,0,5,0,0,0,0,0,+,0,+,+,+
Salix lanata v. lanata,Salix lanata v. lanata L.,Salix lanata/lanata,0,0,0,0,0,0,0,0,0,0,0,0,0,0,0,0,0,0,35,0,0,0,0,0,0,0,1,10,0,0.1,5,0,0,0,0,0,0,0,0,0,0,0,0,0,0,0,0,0,0,0,0,10,10,35,0,0,0,0,0,0,0,0,0,0,0,0
Salix lapponum,Salix lapponum L.,Salix lapponum,0,0,0,0,0,0,0,0,0,0,0,0,0,0,0,0,0,0,0,0,0,0,0,0,0,0,0,0,0,0,0,0,0,0,0,0,0,0,0,0,0,0,0,0,0,0,0,0,0,0,0,+,0,1,0,0,0,0,0,0,0,0,0,0,0,0
Salix myrtilloides,Salix myrtilloides L.,Salix myrtilloides L.,0,0,0,0,0,0,0,0.2,0.5,0,1,0,0,0,+,0,0,0,0,0,0,0,0,0,0,0,0,0,0,0,0,0,1,0,0,0,0,0,1,0,0,+,0,0,0,0,+,0,0,0,0,0,0,0,0,0,0,0,0,+,+,+,+,0,0,0
Salix nummularia,Salix nummularia Andersson,Salix nummularia Anderss.,0,0,0,0,0,0,0,0,0,0,0,0,0,0,0,0,0,0,0,0,0,0,0,0,0,0,0,0,0,0,0,0,0,0,0,0,0,0,0,0,0,0,0,0,0,0,0,1,+,+,0,0,0,0,5,0,+,2,0,0,0,0,0,0,0,2
Salix phylicifolia,Salix phylicifolia L.,Salix phylicifolia L.,0,0,0,0,0,0,0,0,0,0,0,0,0,0,0,0,0,0,45,0,0,0,0,0,0,0,0,50,0,1,80,0,0,0,0,0,0,0,0,0,0,0,0,1,0,0,0,0,0,0,0,+,0,3,0,0,0,0,0,0,0,0,0,0,0,0
Salix polaris,Salix polaris Wahlenb.,Salix polaris/polaris,0,0,0,0,0,0,0,0,0,0,0,0,0,0,0,0,0,0,0,0,0,0,0,0,0,0,0,0,0,0,0,0,0,0,0,0,0,0,0,0,0,0,0,0,0,0,0,0,0,0,0,0,5,+,0,0,0,0,0,0,0,0,0,0,0,0
Salix pulchra,Salix pulchra Cham.,Salix pulchra Cham.,0,0,0,0,+,0,0,1,0,0,0,0,0,0,0,0,0,0,0,0,0,0,0,0,0,0,1,0,0,0,0,0,0,0,0,0,0,0,0,0,1,1,0,+,0,1,2,+,0,0,0,2,0,0,0,12,0,0,0,0,0,+,3,+,0,0
Salix reptans,Salix reptans Rupr.,Salix reptans Rupr.,0,0,0,0,0,0,0,0,0,0,0,0,0,0,0,0.5,0,0,0,0,0,0,0,0,0,0,0,0,0,0,0,0,0,0,0,0,0,0,0,0,0,0,0,0,0,0,0,0,0,0,0,0,0,0,0,0,0,0,0,0,0,0,0,0,0,0
Sanionia uncinata,Sanionia uncinata (Hedw.) Loeske,Sanionia uncinata,0,0,0,0,0,0,0,0,10,+,5,0,0,+,0,0,+,5,10,0,0,0,0,0,0,0,0,10,0,0,5,0,0,0,0,0,0,0,0,0,0,0,0,0,0,+,5,0,?,0,0,0,5,80,+,10,0,0,0,+,0,0,+,0,0,0
Sibbaldia procumbens,Sibbaldia procumbens L.,Sibbaldia procumbens L.,0,0,0,0,0,0,0,0,0,0,0,0,0,0,0,0,0,0,0,0,0,0,0,0,0,0,0,0,0,0,0,0,0,0,0,0,0,0,0,0,0,0,0,0,0,0,0,0,0,0,0,0,1,0,0,0,0,0,0,0,0,0,0,0,0,0
Solidago lapponica,Solidago virgaurea s. lapponica (With.) Tzvelev,Solidago lapponica,0,0,0,0,0,0,0,0,0,0,0,0,0,0,0,0,0,0,0,0,0,0,0,0,0,0,0,0,0,0,0,0,0,0,0,0,0,0,0,0,0,0,0,0,0,0,0,0,0,0,0,0,+,0,+,0,0,0,0,0,0,0,0,0,0,0
Sphaerophorus globosus,Sphaerophorus globosus (Huds.) Vain.,Sphaerophorus globosus,0,0,0,0,0,0,0,0,0,0,0,0,0,0,0,0,0,0,0,0,0,0,0,0,0,0,0,0,0,0,0,0,0,0,0,0,0,0,0,0,0,0,0,0,0,0,0,0,0,0,0,0,0,0,+,0,0,0,0,0,0,0,0,0,0,0
Sphagnum aongstroemii,Sphagnum aongstroemii C. Hart.,Sphagnum aongstroemii Hartm.,0,0,0,0,0,0,0,0,0,0,0,0,0,0,0,0,0,0,0,0,0,0,0,0,0,0,0,0,0,0,0,0,40,30,30,90,0,0,0,0,0,0,0,0,0,0,0,0,0,0,0,0,0,0,0,0,0,0,0,0,10,0,0,0,0,0
Sphagnum balticum,Sphagnum balticum (Russ.) C. Jens.,Sphagnum balticum (Russow) C.E.O. Jensen,10,40,60,0,0,50,0,20,0,10,50,0,35,0,40,0,20,0,0,40,90,0,50,0,80,0,10,0,0,0,0,0,10,0,0,0,0,0,0,0,0,0,0,0,0,0,0,0,0,0,0,0,0,0,0,0,0,0,0,20,20,0,1,0,0,0
Sphagnum capillifolium,Sphagnum capillifolium (Ehrh.) Hedw.,Sphagnum capillifolium,0,0,0,0,0,0,0,0,0,0,0,0,10,0,0,0,0,0,0,0,0,0,0,0,0,0,0,0,0,0,0,0,0,0,0,0,0,0,0,0,0,10,0,0,10,0,0,0,0,0,0,0,0,0,0,0,0,0,0,0,0,0,0,0,0,0
Sphagnum compactum,Sphagnum compactum Lam. & DC.,Sphagnum compactum Lam. &  DC.,0,0,0,0,0,0,0,0,0,0,0,0,0,20,30,0,0,0,0,0,0,0,0,0,0,0,0,0,0,0,0,0,0,0,0,0,0,0,0,0,0,0,0,0,0,0,0,0,0,0,0,0,0,0,0,0,0,0,0,10,0,0,+,0,0,0
Sphagnum fallax,Sphagnum fallax Klinggr.,Sphagnum fallax,0,0,0,0,0,0,0,0,0,0,0,90,0,0,0,0,0,0,0,0,0,0,0,0,0,0,0,0,0,0,0,0,0,0,0,0,0,0,0,0,0,0,0,0,0,0,0,0,0,0,0,0,0,0,0,0,0,0,0,0,0,0,0,0,0,0
Sphagnum flexuosum,Sphagnum flexuosum Dozy & Molk.,Sphagnum flexuosum,0,0,0,0,0,0,0,0,0,0,0,0,0,0,0,0,0,0,0,0,0,0,0,0,0,0,0,0,0,0,0,0,0,0,0,0,0,0,0,0,0,0,0,0,0,0,0,0,0,0,0,2,0,0,0,0,0,0,0,0,0,0,0,0,0,0
Sphagnum fuscum,Sphagnum fuscum (Schimp.) Klinggr.,Sphagnum fuscum,0,0,0,0,0,0,0,0,0,0,0,0,20,0,0,40,0,0,0,0,0,0,0,0,0,0,0,0,0,0,0,0,0,0,0,0,0,0,0,0,0,0,0,0,0,2,0,0,0,0,0,0,0,0,0,0,0,0,0,0,0,0,0,0,0,0
Sphagnum girgensohnii,Sphagnum girgensohnii Russ.,Sphagnum girgensohnii Russow,10,5,0,0,0,0,0,0,0,0,0,0,0,0,0,0,0,40,0,0,0,0,0,0,0,0,0,0,40,70,0,35,0,0,0,0,0,0,0,0,15,30,0,80,30,0,0,0,0,0,0,8,1,0,0,0,0,0,0,0,20,0,0,0,0,0
Sphagnum lenense,Sphagnum lenense H. Lindb. ex L.I. Savicz,Sphagnum lenense,0,20,0,0,0,30,0,0,0,0,40,0,0,+,0,0,0,0,0,10,0,0,30,0,15,20,20,0,0,0,0,0,0,0,0,0,30,60,0,0,0,0,0,0,0,0,0,0,0,0,0,0,0,0,0,0,0,0,0,0,0,0,4,0,0,0
Sphagnum lindbergii,Sphagnum lindbergii Schimp.,Sphagnum lindbergii Schimp.,0,0,0,0,0,0,0,0,0,0,0,0,0,0,0,0,0,0,0,0,0,0,0,0,0,0,0,0,0,0,0,0,0,0,0,0,0,0,0,0,0,0,0,0,0,0,0,0,0,0,0,0,0,0,0,0,0,0,5,0,10,0,0,0,0,0
Sphagnum majus,Sphagnum majus (Russ.) C. Jens.,Sphagnum majus,0,0,0,0,0,0,0,0,0,0,0,0,0,0,0,0,0,0,0,0,0,0,0,0,0,0,0,0,0,0,0,0,0,0,10,0,10,0,0,0,0,0,0,0,0,0,0,0,0,0,0,0,0,0,0,0,0,0,0,0,0,0,0,0,0,0
Sphagnum obtusum,Sphagnum obtusum Warnst.,Sphagnum obtusum Warnst.,0,0,0,0,0,0,0,0,0,0,0,0,0,0,0,0,0,0,0,0,0,85,0,0,0,0,0,0,0,0,0,0,0,0,0,0,0,0,20,60,0,0,0,0,0,0,0,0,0,0,0,0,0,0,0,0,0,0,0,0,30,0,0,0,0,0
Sphagnum perfoliatum,Sphagnum perfoliatum L.I. Savicz,Sphagnum perfoliatum,0,0,0,0,0,0,0,0,0,0,0,0,0,0,0,0,0,0,0,0,0,0,0,0,0,0,0,0,0,0,0,0,50,60,0,0,0,0,0,0,0,0,0,0,0,0,0,0,0,0,0,0,0,0,0,0,0,0,0,0,0,0,0,0,0,0
Sphagnum riparium,Sphagnum riparium Aongstr.,Sphagnum riparium Ĺngstr.,0,0,0,0,0,0,0,0,0,0,0,0,0,0,0,0,0,0,0,0,0,0,0,0,0,0,0,0,0,0,0,0,0,0,0,0,0,0,0,0,0,0,0,0,0,0,0,0,0,0,0,80,0,0,0,0,0,0,0,0,0,0,0,0,0,0
Sphagnum rubellum,Sphagnum rubellum Wils.,Sphagnum rubellum Wilson,0,0,0,0,0,0,0,0,0,0,0,0,0,0,0,0,0,0,0,0,0,0,0,0,0,0,0,0,0,0,0,0,0,0,0,0,0,0,0,0,5,0,0,0,0,0,0,0,0,0,0,0,0,0,0,0,0,0,0,0,0,0,0,0,0,0
Sphagnum russowii,Sphagnum russowii Warnst.,Sphagnum russowii Warnst.,0,10,20,0,0,0,0,0,0,0,0,0,0,0,0,0,0,0,0,0,0,0,0,0,0,0,0,0,0,0,0,0,0,0,0,0,0,0,0,0,0,0,0,0,0,0,0,0,0,0,0,0,0,0,0,0,0,0,0,0,0,0,0,0,0,0
Sphagnum squarrosum,Sphagnum squarrosum Crome,Sphagnum squarrosum Crome,0,0,0,0,0,0,0,0,0,0,0,0,0,0,0,0,0,0,0,0,0,0,0,0,0,0,0,0,0,0,0,0,0,0,0,0,0,0,60,20,0,0,0,0,0,0,0,0,0,0,0,0,0,0,0,0,0,0,0,0,0,0,0,0,0,0
Sphagnum warnstorfii,Sphagnum warnstorfii Russ.,Sphagnum warnstorfii Russow,0,0,0,0,0,0,0,0,0,0,0,0,0,0,0,0,0,0,0,0,0,0,0,0,0,0,0,0,0,0,0,0,0,0,0,0,0,0,10,0,0,0,0,0,0,0,0,0,0,0,0,0,0,0,0,0,0,0,0,0,0,0,0,0,0,0
Stellaria peduncularis,Stellaria longipes taxon peduncularis ,Stellaria peduncularis Bunge,0,0,0,0,0,0,0,0,0,0,0,0,0,0,0,0,0,0,0.1,0,0,0,0,0,0,0,0,+,0,0,0,0,0,0,0,0,0,0,0,0,0,0,0,0,0,0,0,0,0,0,0,0,0,0,+,0,0,0,0,0,0,0,0,0,0,0
Stereocaulon alpinum,Stereocaulon alpinum Laur.,Stereocaulon alpinum,0,0,0,0,0,0,0,0,0,0,0,0,0,0,0,0,0,0,0,0,0,0,0,0,0,0,0,0,0,0,0,0,0,0,0,0,0,0,0,0,0,0,0,0,0,0,0,0,0,0,0,0,0,0,0,0,1,0,0,0,0,0,0,0,0,0
Stereocaulon species,Stereocaulon species,Stereocaulon sp,0,0,0,0,0,0,0,0,0,0,0,0,0,0,0,0,0,0,0,0,0,0,0,0,0,0,0,0,0,0,0,0,0,0,0,0,0,0,0,0,0,0,0,0,0,0,0,0,0,0,0,0,2,0,0,0,0,0,0,0,0,0,0,0,0,0
Straminergon stramineum,Calliergon stramineum (Dicks. ex Brid.) Kindb.,Straminergon stramineum =Calliergon stramineum,0,0,0,0,0,0,0,0,0,0,0,0,0,0,0,0,0,0,0,0,0,0,0,0,0,0,0,0,0,0,0,0,0,0,0,0,0,0,5,0,0,0,0,0,0,0,0,0,0,0,0,+,0,0,0,0,0,0,5,0,0,0,0,0,0,0
Tanacetum bipinnatum,Tanacetum bipinnatum (L.) Sch.Bip.,Tanacetum bipinnatum (L.) Sch.Bip.,0,0,0,0,0,0,0,0,0,0,0,0,0,0,0,0,0,0,0,0,0,0,0,0,0,0,0,0,0,0,0,0,0,0,0,0,0,0,0,0,0,0,0,0,0,0,0,0,0,+,+,0,+,0,0,0,0,+,0,0,0,0,0,0,0,0
Thamnolia vermicularis s. vermicularis,Thamnolia vermicularis s. vermicularis (Sw.) Schaer.,Thamnolia vermicularis,0,0,0,0,+,0,+,0,0,0,0,0,0,0,0,0,0,0,0,0,0,0,0,0,0,0,1,0,0,0,0,0,0,0,0,0,0,0,0,0,0,0,0,0,0,0,0,0,+,0,0,0,0,0,+,2,0,+,0,0,0,0,0,0,0,+
Tofieldia coccinea,Tofieldia coccinea Richardson,Tofieldia coccinea Richards.,0,0,0,0,0,0,0,0,0,0,0,0,0,0,0,0,0,0,0,0,0,0,0,0,0,0,0,0,0,0,0,0,0,0,0,0,0,0,0,0,0,0,0,0,0,0,0,0,+,+,0,0,0,0,+,0,0,0,0,0,0,0,0,0,0,0
Tomentypnum nitens,Tomentypnum nitens (Hedw.) Loeske,Tomentypnum nitens (Hedw.) Loeske,0,0,0,0,0,0,0,0,0,0,0,0,0,0,0,0,0,0,0,0,0,0,0,0,0,0,0,0,0,0,0,0,0,0,0,0,0,0,0,0,0,0,10,0,0,0,0,0,0,0,0,0,0,0,0,0,0,0,0,0,0,0,0,0,0,0
Trisetum spicatum,Trisetum spicatum (L.) K. Richt.,Trisetum spicatum (L.) K.Richt.,0,0,0,0,0,0,0,0,0,0,0,0,0,0,0,0,0,0,0,0,0,0,0,0,0,0,0,0,0,0,0,0,0,0,0,0,0,0,0,0,0,0,0,0,0,0,0,0,+,0,0,0,+,0,+,0,0,0,0,0,0,0,0,0,0,0
Unknown liverwort,Unknown liverwort,Hepaticae,0,0,0,0,0,0,0,+,+,0,0,0,0,+,5,+,0,0,0,0,0,0,0,0,0,0,0,0,+,+,0,+,0,0,0,0,0,+,0,0,+,0,+,0,0,+,5,0,0,0,0,0,0,+,0,0,0,0,0,10,0,0,5,0,0,0
Vaccinium uliginosum s. microphyllum,Vaccinium uliginosum s. microphyllum (Lange) Tolm.,Vaccinium uliginosum/microphyllum Lange,3,0.1,3,0.5,0,1,1,0.5,0.5,0,0,0,2,5,0.1,1,0.5,1,1,1,0,0,1,0,0.1,0,1,1,0.5,0.2,0,0,0,0,0,0,+,1,0,0,1,+,0,+,0,1,1,2,5,2,10,0,1,5,5,5,0,1,0,5,0,1,10,20,0,0
Vaccinium vitis-idaea s. minus,Vaccinium vitis-idaea s. minus (Lodd.) HultÂn,Vaccinium vitis-idaea/minus (Lodd.) Hult.,1,0,2,1,1,2,0.5,2,0.5,0,0,0,1,2,0,0,2,1,2,1,0,0,1,0,0,0,5,0.5,5,5,0,5,0,0,0,0,2,5,0,0,5,2,0,3,1,3,5,1,1,0,1,0,0,+,2,+,0,0,0,10,0,3,+,0,0,0
Veratrum lobelianum v. misae,Veratrum album s. misae (Sirj.) Tzvelev,Veratrum lobelianum/misae Sirjaev,+,0,0,0,0,0,0,0,0,0,0,0,0,0,0,0,0,0,0,0,0,0,0,0,0,0,0,0,0,0,0,0,0,0,0,0,0,0,0,0,0,0,0,0,0,0,0,0,0,0,0,0,1,1,0,0,0,0,0,0,0,0,0,0,0,0
Viola epipsiloides,Viola epipsila s. repens (Turcz. ex Trautv. & C.A. Mey.) W. Becker,Viola epipsiloides Love et D. Love,0,0,0,0,0,0,0,0,0,0,0,0,0,0,0,0,0,0,0,0,0,0,0,0,0,0,0,1,0,0,+,0,0,0,0,0,0,0,0,0,0,0,0,0,0,0,0,0,0,0,0,+,3,1,0,0,0,0,0,0,0,0,0,0,0,0
Warnstorfia exannulata,Warnstorfia exannulata (Schimp.) Loeske,Warnstorfia exannulata,0,0,0,0,0,0,0,0,60,0,0,0,0,0,0,0,0,0,0,0,0,5,0,+,0,0,0,0,0,0,0,0,0,0,60,0,0,0,0,0,0,0,0,+,0,+,0,0,0,0,0,5,0,0,0,0,0,0,10,0,5,0,0,0,0,0
Warnstorfia sarmentosa,Warnstorfia sarmentosa (Wahlenb.) Hedenas,Warnstorfia sarmentosa =Calliergon sarmentosum (old name),0,0,0,0,0,0,0,0,0,0,0,0,0,0,0,0,0,0,0,0,0,10,0,0,0,0,0,0,0,0,0,0,0,0,0,0,0,0,0,0,0,0,0,0,0,0,0,0,0,0,0,0,0,0,0,0,0,0,0,0,0,0,3,0,0,0
