AVARU_Scandinavia_historical_species_data,,,,,,,,,,,,,,,,,,,,,,,,,,,,,,,,,,,,,,,,,,,,,,,,,,,,,,,,,,,,,,,,,,,
Dataset Title: Russian Arctic Vegetation Archive: Scandinavian historical data,,,,,,,,,,,,,,,,,,,,,,,,,,,,,,,,,,,,,,,,,,,,,,,,,,,,,,,,,,,,,,,,,,,
"Dataset Author: Natalia Koroleva; Danilova A.D., Kalliola R., Nordhagen R., and O. Gjaerevoll.",,,,,,,,,,,,,,,,,,,,,,,,,,,,,,,,,,,,,,,,,,,,,,,,,,,,,,,,,,,,,,,,,,,
"Dataset Reference: Nordhagen R. 1928 (1927). Die Vegetation und Flora des Sylenegebietes. I. Die Vegetation. Skrifter utgitt av Det Norske Videnskaps-Akademi i Oslo. I. MatematiskNaturvidenskapelig Klasse 1: 311; O. Gjaerevoll. 1950. The snow-bed vegetation in the surroundings of Lake Torneträsk, Swedish Lappland // Svensk Botanisk Tidskrift. Bd. 44. Hf. 2. S.426–427. Tab. XV",,,,,,,,,,,,,,,,,,,,,,,,,,,,,,,,,,,,,,,,,,,,,,,,,,,,,,,,,,,,,,,,,,,
Dataset Table: Modified Species Cover Data for Scandinavia,,,,,,,,,,,,,,,,,,,,,,,,,,,,,,,,,,,,,,,,,,,,,,,,,,,,,,,,,,,,,,,,,,,
Dataset Notes: Braun Blanquet species cover scale is used. Taxa are listed in alphabetical order. Both the dataset author determinations and the current nomenclature according to the Panarctic Species List (PASL) are listed.,,,,,,,,,,,,,,,,,,,,,,,,,,,,,,,,,,,,,,,,,,,,,,,,,,,,,,,,,,,,,,,,,,,
,,,,,,,,,,,,,,,,,,,,,,,,,,,,,,,,,,,,,,,,,,,,,,,,,,,,,,,,,,,,,,,,,,,
,,AUTHOR PLOT NUMBER,1Ka/39,2Ka/39,3Ka/39,4Ka/39,5Ka/39,6Ka/39,7Ka/39,8Ka/39,9Ka/39,10Ka/39,63/19,2D/2020,3D/2020,4D/2020,5D 20/20,80/19,81/19,88/19,88a/19,64/19,82/19,95/19,91/19,83b/19,84/19,89/19,90a/19,92/19,93/19,96/19,83a/19,85/19,86/19,87/19,97/19,90b/19,83d/19,83e/19,83f/19,1N/28,2N/28,3N/28,4N/28,5N/28,6N/28,7N/28,8N/28,9N/28,10N/28,11N/28,12N/28,29/01,29a/01,G_XIV_I,G_XIV_II,G_XIV_III,G_XIV_IV,G_XIV_V,G_XIV_VI,G_XV_I,G_XV_II,G_XV_III,G_XV_IV,G_XV_V,G_XV_VI
,,TURBOVEG PLOT NUMBER,,,,,,,,,,,,,,,,,,,,,,,,,,,,,,,,,,,,,,,,,,,,,,,,,,,,,,,,,,,,,,,,,
PASL TAXON SCIENTIFIC NAME NO AUTHOR(S),PASL TAXON SCIENTIFIC NAME WITH AUTHOR(S),DATASET TAXON,,,,,,,,,,,,,,,,,,,,,,,,,,,,,,,,,,,,,,,,,,,,,,,,,,,,,,,,,,,,,,,,,
Alectoria ochroleuca,Alectoria ochroleuca (Hoffm.) Massal.,Alectoria ochroleuca,1,1,1,1,1,0,0,1,1,2,0,2,0,0,0,0,0.5,0,0,0,0.5,0.5,0.5,0.5,0,0.5,0.5,0,1,0.5,0.5,0.5,2,0,0,0,0,0,0,0,0,0,0,0,0,0,0,0,0,0,1,0,0,0,0,0,0,0,0,0,0,0,0,0,0
Alectoria sarmentosa s. vexillifera,Alectoria sarmentosa s. vexillifera (Ach.) Ach.,Alectoria sarmentosa s. vexillifera,0,0,0,0,0,0,1,1,0,0,0,0,0,0,0,0,0,0,0,0,0,0,0,0,0,0,0,0,0,0,0,0,0,0,0,0,0,0,0,0,0,0,0,0,0,0,0,0,0,0,0,0,0,0,0,0,0,0,0,0,0,0,0,0,0
Andreaea alpestris,Andreaea alpestris (Thed.) Schimp.,Andreaea alpestris,0,1,0,0,1,0,0,0,0,0,1,0,0.5,0,0.5,1,0,0,0,1,0.5,1,1,1,0,2,0,0,0,0.5,1,0,0,0.5,0,0.5,0.5,0.5,0.5,0,0,0,0,0,0,0,0,0,0,1,0,0,0,0,0,0,0,0,0,0,0,0,0,0,0
Antennaria alpina,Antennaria alpina (L.) Gaertn.,Antennaria alpina,0,0,0,0,0,0,0,0,0,0,0,0,0,0,0,0,0,0,0,0,0,0,0,0,0,0,0,0,0,0,0,0,0,0,0,0,0,0,0,0,0,0,0,0,0,0,0,0,0,0,0,0,0,0,0.5,0,0.5,0.5,0,0,0,0,0.5,0.5,1
Anthelia juratzkana,Anthelia juratzkana (Limpr.) Trevis.,Anthelia juratzkana,0,0,0,0,0,0,0,0,0,0,0,0,0,0,0,0,0,0,0,0,0,0,0,0,0,0,0,0,0,0,0,0,0,0,0,0,0,0,0,1,1,1,1,1,1,1,1,1,1,1,1,0.5,1,2,2,0,3,4,0.5,0,0,0,0.5,0.5,1
Arabis alpina,Arabis alpina L.,Arabis alpina,0,0,0,0,0,0,0,0,0,0,0,0,0,0.5,0,0,0,0,0,0,0,0,0,0,0,0,0,0,0,0,0,0,0,0,0,0,0,0,0,0,0,0,0,0,0,0,0,0,0,0,0,0,0,0.5,0.5,0,1,1,1,0,0,0,0.5,0.5,0
Arctoparmelia centrifuga,Arctoparmelia centrifuga (L.) Hale,Arctoparmelia centrifuga,0,0,0,0,0,0,0,0,0,0,0,0,0,0,0,0,0,0,0,0,0,0,0,0.5,0,0.5,0,0,0,0,1,0,0,0,0,0,0,0,0,0,0,0,0,0,0,0,0,0,0,0,0,0,0,0,0,0,0,0,0,0,0,0,0,0,0
Arctous alpina,Arctous alpina (L.) Nied.,Arctous alpina,0,1,2,1,1,0,2,2,3,1,0,0,0,0,0,0,0,0,0,0,0,0,0,0,0,0,0,0,0,0,0,0,0,0,0,0,0,0,0,0,0,0,0,0,0,0,0,0,0,0,0,0,0,0,0,0,0,0,0,0,0,0,0,0,0
Barbilophozia hatcheri,Barbilophozia hatcheri (A.Evans) Loeske,Barbilophozia hatcheri,0,0,0,0,0,0,0,0,0,0,0,0,0,0,0,0,0,0,0,0,0,0,0,0,0,0,0,0,0,0,0,0,0,0,0,0,0,0,0,0,0,0,0,0,0,0,0,0,0,0,0,0,0,0,0,0,0,0.5,0,0,0,0,0,0,0
Bartramia ithyphylla,Bartramia ithyphylla Brid.,Bartramia ithyphylla,0,0,0,0,0,0,0,0,0,0,0,0,0,0,0,0,0,0,0,0,0,0,0,0,0,0,0,0,0,0,0,0,0,0,0,0,0,0,0,0,0,0,0,0,0,0,0,0,0,0,0,0,0,0,0,0,0.5,1,0.5,0,0,0,0,0,0
Betula nana,Betula nana L.,Betula nana,0,1,1,1,1,1,0,1,2,1,0,0,0,0,0,0,0,0,0,0,0,0,0,0,0,0,0,0,0,0,0,0,0,0,0,0,0,0,0,0,0,0,0,0,0,0,0,0,0,0,0,0,0,0,0,0,0,0,0,0,0,0,0,0,0
Bistorta vivipara,Bistorta vivipara (L.) Delarbre,Bistorta vivipara,0,0,0,0,0,0,0,0,0,0,0,0,0,0,0,0.5,0.5,0.5,0,0,0,0,0,0,0,0,0,0,0,0,0,0,0,0,0,0,0,0,0,0,0,0,0,0,0,0,0,0,0,0,0,0,0,0.5,0.5,1,0.5,0.5,0.5,0.5,0,0.5,0,0,0
Blepharostoma trichophyllum,Blepharostoma trichophyllum (Linn.) Dumortier,Blepharostoma trichophyllum,0,0,0,0,0,0,0,0,0,0,0,0,0,0,0,0,0,0,0,0,0,0,0,0,0,0,0,0,0,0,0,0,0,0,0,0,0,0,0,0,0,0,0,0,0,0,0,0,0,0,0,0,0,0,0,0,0,0.5,0,0,0,0,0,0,0
Blindia acuta,Blindia acuta (Hedw.) Bruch & Schimp.,Blindia acuta,0,0,0,0,0,0,0,0,0,0,0,0,0,0,0,0,0,0,0,0,0,0,0,0,0,0,0,0,0,0,0,0,0,0,0,0,0,0,0,0,0,0,0,0,0,0,0,0,0,0,0,0,0,0,0,0,0,0,0,0.5,0,0,0.5,0,0
Bryocaulon divergens,Bryocaulon divergens (Ach.) K?rnefelt,Bryocaulon divergens,0,0,0,0,1,1,0,1,1,1,0,0,0,0,0,0,0,0,0,0,0,0,0,0,0,0,0,0,0,0.5,0,0,0,0,0,0,0,0,0,0,0,0,0,0,0,0,0,0,0,0,0,0,0,0,0,0,0,0,0,0,0,0,0,0,0
Bryum cyclophyllum,Bryum cyclophyllum (Schwaegr.) Bruch & Schimp.,Bryum cyclophyllum,0,0,0,0,0,0,0,0,0,0,0,0,0,0,0,0,0,0,0,0,0,0,0,0,0,0,0,0,0,0,0,0,0,0,0,0,0,0,0,0,0,0,0,0,0,0,0,0,0,0,0,0,0,0,0,0,0,0.5,0.5,0,0,0,0,0,0
Bryum pseudotriquetrum,"Bryum pseudotriquetrum (Hedw.) P.G. Gaertn., B. Mey. & Scherb.",Bryum pseudotriquetrum,0,0,0,0,0,0,0,0,0,0,0,0,0,0,0,0,1,0,0,0,0.5,0,0.5,0,0,0,0.5,0,0,0.5,0,0,0,0,0,0.5,0,0,0,0,0,0,0,0,0,0,0,0,0,0,0,0,0,0.5,0,0,0.5,1,0,0,0,0,0,0,0
Bryum pseudotriquetrum,"Bryum pseudotriquetrum (Hedw.) P.G. Gaertn., B. Mey. & Scherb.",Bryum pseudotriquetrum,0,0,0,0,0,0,0,0,0,0,0,0,0,0,0,0,0,0,0,0,0,0,0,0,0,0,0,0,0,0,0,0,0,0,0,0,0,0,0,0,0,0,0,0,0,0,0,0,0,0,0,0,0,0,0,0,0,0,0,0,0,0.5,0,0.5,0.5
Bryum weigelii,Bryum weigelii Sprengel,Bryum weigelii,0,0,0,0,0,0,0,0,0,0,0,0,0,0,0,0,0,0,0,0,0,0,0,0,0,0,0,0,0,0,0,0,0,0,0,0,0,0,0,0,0,0,0,0,0,0,0,0,0,0,0,0,0,0,0,0,0,0,0,0,0,0,0.5,0,0
Calamagrostis lapponica,Calamagrostis lapponica (Wahlenb.) Hartm.,Calamagrostis lapponica,0,0,0,0,0,0,0,1,0,0,0,0,0,0,0,0,0,0,0,0,0,0,0,0,0,0,0,0,0,0,0,0,0,0,0,0,0,0,0,0,0,0,0,0,0,0,0,0,0,0,0,0,0,0,0,0,0,0,0,0,0,0,0,0,0
Campylium stellatum,Campylium stellatum (Hedw.) C. Jens.,Campylium stellatum,0,0,0,0,0,0,0,0,0,0,0,0,0,0,0,0,0,0,0,0,0,0,0,0,0,0,0,0,0,0,0,0,0,0,0,0,0,0,0,0,0,0,0,0,0,0,0,0,0,0,0,0,0,0,0,0,0,0,0,0,0.5,0.5,0,0,0
Cardamine bellidifolia [s. bellidifolia],Cardamine bellidifolia [s. bellidifolia] L.,Cardamine bellidifolia [s. bellidifolia],0,0,0,0,0,0,0,0,0,0,0,0,0.5,0,0.5,0,1,0,0,0,0,0.5,0.5,0,0,0,0,0,0,0.5,0,0.5,0,0.5,0.5,0,0,0,0,0,0,0,1,1,1,0,0,0,0,0,1,0,0,0,0,0,0,0,0,0,0,0,0,0,0
Carex bigelowii,Carex bigelowii Torr.,Carex bigelowii,0,0,0,1,0,1,0,0,0,1,0.5,0,1,0,0,1,2,1,1,0,0.5,0.5,0,0,0,0,0,0,0,0,0,0.5,0,0,0,0,0,0,0,1,1,1,0,0,0,1,0,1,1,0,0,1,1,0,0,0,0,0,0,0,0,0,0,0,0
Carex glacialis,Carex glacialis Mack.,Carex glacialis,0,1,1,1,1,1,0,0,1,1,0,0,0,0,0,0,0,0,0,0,0,0,0,0,0,0,0,0,0,0,0,0,0,0,0,0,0,0,0,0,0,0,0,0,0,0,0,0,0,0,0,0,0,0,0,0,0,0,0,0,0,0,0,0,0
Carex lachenalii,Carex lachenalii Schkuhr,Carex lachenalii,0,0,0,0,0,0,0,0,0,0,0,0,0,0,0,0,0,0,0,0,0,0,0,0,0,0,0,0,0,0,0,0,0,0,0,0,0,0,0,0,0,0,0,0,0,0,0,0,0,0,0,0,0,0.5,0.5,0.5,1,1,1,0.5,0,0,0,4,4
Catoscopium nigritum,Catoscopium nigritum (Hedw.) Brid.,Catoscopium nigritum,0,0,0,0,0,0,0,0,0,0,0,0,0,0,0,0,0,0,0,0,0,0,0,0,0,0,0,0,0,0,0,0,0,0,0,0,0,0,0,0,0,0,0,0,0,0,0,0,0,0,0,0,0,0,0,0,0,0,0,0.5,0.5,0.5,0,0,0
Cephaloziella spinigera,Cephaloziella spinigera (Lindb.) Warnst.,Cephaloziella spinigera,0,0,0,0,0,0,0,0,0,0,0,0,0,0,0,0,0,0,0,0,0,0,0,0,0,0,0,0,0,0,0,0,0,0,0,0,0,0,0,0,0,0,0,0,0,0,0,0,0,0,1,0,0,0,0,0,0,0,0,0,0,0,0,0,0
Cephaloziella varians,Cephaloziella varians (Gottsche) Steph.,Cephaloziella varians,0,0,0,0,0,0,0,0,0,0,0,0,0,0,0,0,0,0,0,0,0,0,0,0,0,0,0,0,0,0,0,0,0,0,0,0,0,0,0,0,0,0,0,0,0,0,0,0,0,0,0,0,0,0,0,0.5,0,0,0,0,0,0,0,0,0
Cerastium alpinum,Cerastium alpinum L.,Cerastium alpinum,0,0,0,0,0,0,0,0,0,0,0,0,0,0.5,0,0,1,0,0,0,0,0,0,0,0,0,0,0.5,0,0.5,0,0,0,0,0,0,0,0,0,0,0,0,0,0,0,0,0,0,0,0,0,0,0,0,0.5,1,0.5,0.5,1,0,0,0,0.5,0,0
Cerastium cerastoides,Cerastium cerastoides (L.) Britton,Cerastium cerastoides,0,0,0,0,0,0,0,0,0,0,0,0,0,0,0,0,0,0,0,0,0,0,0,0,0,0,0,0,0,0,0,0,0,0,0,0,0,0,0,0,0,0,0,0,0,0,0,0,0,0,0,0,0,1,0,0,1,1,1,1,1,1,0.5,1,1
Ceratodon purpureus,Ceratodon purpureus (Hedw.) Brid.,Ceratodon purpureus,0,0,0,0,0,0,0,0,0,0,0,0,0,0,0,0,0,0,0,0,0.5,0,0,0,1,0,0,0.5,0,0.5,0,0,0,0,0,0,0,0,0,0,0,0,0,0,0,0,0,0,0,0,0,0,0,0,0,0,0,0,0,0,0,0,0,0,0
Cetraria aculeata,Cetraria aculeata (Schreb.) Link.,Cetraria aculeata,0,1,0,0,0,0,0,0,0,0,0,0,0,0,0,0,0,0,0,0,0,0,0,0,0.5,0,0,0,0.5,0,0,0,0,0,0,0,0,0,0,0,0,0,0,0,0,0,0,0,0,0,0,0,0,0,0,0,0,0,0,0,0,0,0,0,0
Cetraria ericetorum,Cetraria ericetorum Opiz,Cetraria ericetorum,0,0,0,0,0,0,0,0,0,0,0,0,0.5,0,0,0,0,0,0,0,0,0,0,0,0,0,0,0,0,0,0,0,0,0.5,0,0,0,0,0,1,1,1,1,1,1,1,1,1,1,0,2,0.5,0.5,0,0,0,0,0,0,0,0,0,0,0,0
Cetraria islandica,Cetraria islandica (L.) Ach.,Cetraria islandica,0,1,1,1,1,1,1,1,1,1,0,1,1,0,0.5,0.5,1,0.5,2,0,0.5,1,0,0.5,0.5,0,0,0,0.5,0,0,0.5,1,0.5,0.5,0,0.5,0.5,0,0,0,0,0,0,0,0,0,0,0,0,0,1,0,0,0,0,0,0,0,0,0,0,0,0,0
Cetraria nigricans,Cetraria nigricans Nyl.,Cetraria nigricans,2,1,0,1,0,0,0,0,0,0,0,0,0,0,0,0,0,0,0,0,0,0.5,0.5,0.5,0,0,0,0,0,0,0,0,0,0,0,0,0,0,0,0,0,0,0,0,0,0,0,0,0,0,0,0.5,0,0,0,0,0,0,0,0,0,0,0,0,0
Cetrariella delisei,Cetrariella delisei (Bory ex Schaer.) K?rnef.,Cetrariella delisei,0,0,0,0,0,0,0,0,0,0,0,1,0,0,0.5,0.5,0.5,0,0,0,1,0,0.5,1,0.5,0.5,0,0.5,1,0.5,0.5,0,0,1,0,0,0,0,0,0,0,1,0,1,1,0,1,1,1,1,1,0.5,0,0,0,0.5,0,0,0,0,0,0,0,0,0
Chamerion angustifolium,Chamerion angustifolium (L.) Holub,Chamerion angustifolium,0,0,0,0,0,0,0,0,0,0,0,0,0,0,0,0,0,0,0,0,0,0,0,0,1,0,0,0.5,0,0.5,0,0.5,0,0,0,0,0,0,0,0,0,0,0,0,0,0,0,0,0,0,0,0,0,0,0,0,0,0,0,0,0,0,0,0,0
Cladonia amaurocraea,Cladonia amaurocraea (Fl?rke) Schaer.,Cladonia amaurocraea,0,0,0,0,0,0,0,0,0,0,0,0,0.5,0,0,0,0,0,0,0.5,0.5,0.5,0,0.5,0,0,0,0,0,0,0.5,0,0,0,0,0,0,0,0,0,0,0,0,0,0,0,0,0,0,0,0,0,0,0,0,0,0,0,0,0,0,0,0,0,0
Cladonia arbuscula s. lat.,Cladonia arbuscula s. lat. (Wallr.) Hale & W.Culb.,Cladonia arbuscula s. lat.,0,0,0,0,0,0,0,0,0,0,0,0,0,0,0,0,1,1,2,0,0.5,0.5,0,0,0,0,0,0,0,0,0,0,0,0,0,0,0,0,0,0,0,0,1,0,0,0,0,0,0,1,2,0.5,0,0,0,0,0,0,0,0,0,0,0,0,0
Cladonia bellidiflora,Cladonia bellidiflora (Ach.) Schaer.,Cladonia bellidiflora,0,0,0,0,0,0,0,0,0,0,0,0,0,0,0,0,0,0,0,0,0,0,0,0,0,0,0,0,0,0,0,0,0,0,0,0,0,0,0,1,1,1,1,0,0,0,0,1,0,0,0,0,0,0,0,0,0,0,0,0,0,0,0,0,0
Cladonia coccifera s. lat.,Cladonia coccifera s. lat. (L.) Willd.,Cladonia coccifera s. lat.,0,0,0,0,0,0,0,0,0,0,0,0,0,0,0,0,0.5,0,0,0.5,0,0.5,0,0,0,0,0.5,0,0,0,0,0,0,0,0.5,0,0,0,0,0,0,0,0,0,0,0,0,0,0,0,0,0.5,0,0,0,0,0,0,0,0,0,0,0,0,0
Cladonia deformis,Cladonia deformis (L.) Hoffm.,Cladonia deformis,0,0,0,0,0,0,0,0,0,0,0,0,0,0,0,0,0,0,0,0,0,0,0,0.5,0,0,0,0,0,0,0,0,0,0,0,0,0,0,0,0,0,0,0,0,0,0,0,0,0,0,0,0,0,0,0,0,0,0,0,0,0,0,0,0,0
Cladonia gracilis s. lat.,Cladonia gracilis s. lat. (L.) Willd.,Cladonia gracilis s. lat.,0,2,0,0,0,0,0,0,0,0,0,0,0,0,0,0,0.5,1,1,0,0.5,0.5,0,0,0,0,0.5,0,0,0,0,0,0,0,0,0,0,0,0,1,1,0,1,0,0,0,1,1,1,0,0,0,0,0,0,0,0,0,0,0,0,0,0,0,0
Cladonia macrophylla,Cladonia macrophylla (Schaerer) Stenh.,Cladonia macrophylla,0,0,0,0,0,0,0,0,0,0,0,0,0,0,0,0,0,0,0,0,0,0,0,0,0,0,0,0,0,0,0,0,0,0,0,0,0,0,0,0,0,0,0,0,0,0,0,0,0,0,1,0,0,0,0,0,0,0,0,0,0,0,0,0,0
Cladonia mitis,Cladonia mitis Sandst.,Cladonia mitis,0,0,0,0,0,0,0,0,0,0,0,0,0,0,0,0,0,0,0,0,0,0,0,0,0,0,0,0,0,0,0,0,0,0,0,0,0,0,0,0,0,0,0,0,0,0,0,0,0,0,0,0.5,0,0,0,0,0,0,0,0,0,0,0,0,0
Cladonia pleurota,Cladonia pleurota (Fl?rke) Schaer.,Cladonia pleurota,0,0,0,0,0,0,0,0,0,0,0,0,0,0,0,0.5,0,1,1,0,0,0,0,0,0,0,0,0,0,0,0,0,0,0,0,0,0,0,0,0,0,0,0,0,0,0,0,0,0,0,0,0,0,0,0,0,0,0,0,0,0,0,0,0,0
Cladonia pyxidata,Cladonia pyxidata (L.) Hoffm.,Cladonia pyxidata,0,0,0,0,0,0,0,0,0,0,0,0,0,0,0,0,0,0,0,0,0,0,0,0,0,0,0,0,0,0,0,0,0,0,0,0,0,0,0,0,0,0,0,0,0,0,0,0,0,0,0,0,0,0.5,3,0,0,0,0,0,0,0,0,0,0
Cladonia rangiferina,Cladonia rangiferina (L.) Nyl.,Cladonia rangiferina,0,0,1,1,0,1,0,0,0,0,0,0,0,0,0,0,0,0,0,0,0,0,0,0,0,0,0,0,0,0,0,0,0,0,0,0,0,0,0,0,0,0,0,0,0,0,0,0,0,0,0,0,0,0,0,0,0,0,0,0,0,0,0,0,0
Cladonia species,Cladonia species,Cladonia species,0,0,0,0,0,0,0,0,0,0,0,0,0.5,0,0.5,0,0,0,0,0,0,0,0,0,0,0,0,0,0,0,0,0,0,0,0,0,0,0,0,0,0,0,0,0,0,0,0,0,0,0,0,0,0,0,0,0,0,0,0,0,0,0,0,0,0
Cladonia uncialis,Cladonia uncialis (L.) Wigg.,Cladonia uncialis,0,0,0,0,0,1,0,0,0,0,0,0,0,0,0,0,0,0,0,0,0,0,0,0,0,0,0,0,0,0,0,0,0,0,0,0,0,0,0,0,0,1,0,0,0,0,0,0,0,1,2,0,0,0,0,0,0,0,0,0,0,0,0,0,0
Conostomum tetragonum,Conostomum tetragonum (Hedw.) Lindb.,Conostomum tetragonum,0,0,0,0,0,0,0,0,0,0,0.5,0,0,0,0,0,0,0.5,0,0.5,0,0,0,0,0,0,0,0,0,0,0,0,0,0,0,0,0,0,0,0,0,0,0,0,0,0,0,0,0,0,0,0,0,0,0,0,0,0,0,0,0,0,0,0,0.5
Deschampsia alpina,Deschampsia alpina (L.) Roem. & Schult.,Deschampsia alpina,0,0,0,0,0,0,0,0,0,0,0,0,0,0,0,0,0,0,0,0,0,0,0,0,0,0,0,0,0,0,0,0,0,0,0,0,0,0,0,0,0,0,0,0,0,0,0,0,0,0,0,0,0,0,0,0,0,0,0,0.5,0.5,0.5,0,0.5,0
Deschampsia anadyrensis,Deschampsia anadyrensis V.N. Vassil.,Deschampsia anadyrensis,0,0,0,0,0,0,0,0,0,0,0,0,0,0.5,0,0,0,0,0,0,0,0,0,0,0,0,0,0,0,0,0,0,0,0,0,0,0,0,0,0,0,0,0,0,0,0,0,0,0,0,0,0,0,0,0,0,0,0,0,0,0,0,0,0,0
Deschampsia cespitosa [s. cespitosa],Deschampsia cespitosa [s. cespitosa] (L.) P. Beauv.,Deschampsia cespitosa [s. cespitosa],0,0,0,0,0,0,0,0,0,0,0,0,0,0.5,0,0,0,0,0,0,0,0,0,0,0,0,0,0,0,0,0,0.5,0,0,0,0,0,0,0,0,0,0,0,0,0,0,0,0,0,0,0,0,0,0,0,0,0,0,0,0,0,0,0,0,0
Deschampsia sukatschewii s. borealis,Deschampsia sukatschewii s. borealis (Trautv.) Tzvelev,Deschampsia sukatschewii s. borealis,0,0,0,0,0,0,0,0,0,0,0,0,0,0,0,0,0,0,0,0,0,0,0,0,0,0,0,0.5,0,0.5,0,0,0,0,0,0,0,0,0,0,0,0,0,0,0,0,0,0,0,0,0,0,0,0,0,0,0,0,0,0,0,0,0,0,0
Desmatodon latifolius,Desmatodon latifolius (Hedw.) Brid.,Desmatodon latifolius,0,0,0,0,0,0,0,0,0,0,0,0,0,0,0,0,0,0,0,0,0,0,0,0,0,0,0,0,0,0,0,0,0,0,0,0,0,0,0,0,0,0,0,0,0,0,0,0,0,0,0,0,0,0,0,0,0,0.5,0,0,0,0,0,0,0
Diapensia lapponica,Diapensia lapponica L.,Diapensia lapponica,1,0,0,1,2,2,3,2,1,2,0,0,0,0,0,0,0,0,0,0,0,0,0,0,0,0,0,0,0,0,0,0,0,0,0,0,0,0,0,0,0,0,0,0,0,0,0,0,0,0,0,0.5,0.5,0,0,0,0,0,0,0,0,0,0,0,0
Dicranum scoparium,Dicranum scoparium Hedw.,Dicranum scoparium,0,0,0,0,0,0,0,1,1,0,0,0,0,0,0,0,0,0,0,0,0,0,0,0,0,0,0,0,0,0,0,0,0,0,0,0,0,0,0,0,0,0,0,0,0,0,0,0,0,0,0,0,0,0,0,0,0,0,0,0,0,0,0,0,0
Dicranum species,Dicranum species,Dicranum species,0,0,0,0,0,0,0,1,0,0,0,0,0.5,0,0,0,0,0,0,0,0,0,0,0,0,0,0,0,0,0,0,0,0,0,0,0,0,0,0,0,0,0,0,0,0,0,0,0,0,0,0,0,0,0,0,0,0,0,0,0,0,0,0,0,0
Diplophyllum taxifolium,Diplophyllum taxifolium (Wahlenb.) Dumort.,Diplophyllum taxifolium,0,0,0,0,0,0,0,0,0,0,0,0,0,0,0,0,0,0,0,0,0,0,0,0,0,0,0,0,0,0,0,0,0,0,0,0,0,0,0,0,0,0,0,0,0,0,0,0,0,0,0,0.5,0,0,0,0,0,0,0,0,0,0,0,0,0
Distichium capillaceum,Distichium capillaceum (Hedw.) Bruch & Schimp.,Distichium capillaceum,0,0,0,0,0,0,0,0,0,0,0,0,0,0,0,0,0,0,0,0,0,0,0,0,0,0,0,0,0,0,0,0,0,0,0,0,0,0,0,0,0,0,0,0,0,0,0,0,0,0,0,0,0,3,3,2,1,0.5,1,0,1,0,0.5,0.5,0
Draba alpina,Draba alpina L.,Draba alpina,0,0,0,0,0,0,0,0,0,0,0,0,0,0,0,0,0,0,0,0,0,0,0,0,0,0,0,0,0,0,0,0,0,0,0,0,0,0,0,0,0,0,0,0,0,0,0,0,0,0,0,0,0,1,0.5,0,0.5,0,0,0,0,0,0,0,0
Dryas octopetala,Dryas octopetala L.,Dryas octopetala,0,0,0,0,0,0,0,0,0,0,0.5,0,0,0,0,1,0.5,0,0,0.5,0,0,0.5,0,0,0,0,0,0,0,0,0,0,0,0,0,0,0,0,0,0,0,0,0,0,0,0,0,0,0,0,0.5,0,0,0,0,0,0,0,0,0,0,0,0,0
Empetrum nigrum,Empetrum nigrum L.,Empetrum nigrum,3,1,3,1,1,0,3,3,3,2,0.5,0,0,0,0,0.5,1,0,0,0,0.5,0,0,0,0,0,0,0,0,0,0,0,0,0,0,0,0,0,0,0,0,0,0,0,0,0,0,0,0,0,0,0.5,0,0,0,0,0,0,0,0,0,0,0,0,0
Encalypta alpina,Encalypta alpina Sm.,Encalypta alpina,0,0,0,0,0,0,0,0,0,0,0,0,0,0,0,0,0,0,0,0,0,0,0,0,0,0,0,0,0,0,0,0,0,0,0,0,0,0,0,0,0,0,0,0,0,0,0,0,0,0,0,0,0,0,0,2,1,0.5,1,0,0,0,0,0,0
Epilobium anagallidifolium,Epilobium anagallidifolium Lam.,Epilobium anagallidifolium,0,0,0,0,0,0,0,0,0,0,0,0,0,0,0,0,0,0,0,0,0,0,0,0,0,0,0,0,0,0,0,0,0,0,0,0,0,0,0,0,0,0,0,0,0,0,0,0,0,0,0,0,0,0,0,0,0,0,0,0.5,0,0,0,0.5,0.5
Equisetum arvense,Equisetum arvense L.,Equisetum arvense,0,0,0,0,0,0,0,0,0,0,0,0,0,0,0,0,0,0,0,0,0,0,0,0,0,0,0,0,0,0,0,0,0,0,0,0,0,0,0,0,0,0,0,0,0,0,0,0,0,0,0,0,0,0,0,0,0,0,0,0,1,1,0,1,0
Erigeron uniflorus,Erigeron uniflorus L.,Erigeron uniflorus,0,0,0,0,0,0,0,0,0,0,0,0,0,0,0,0,0,0,0,0,0,0,0,0,0,0,0,0,0,0,0,0,0,0,0,0,0,0,0,0,0,0,0,0,0,0,0,0,0,0,0,0,0,0,0.5,0,0.5,0.5,0.5,0,0,0,0,0,0
Eriophorum scheuchzeri,Eriophorum scheuchzeri Hoppe,Eriophorum scheuchzeri,0,0,0,0,0,0,0,0,0,0,0,0,0,0,0,0,0,0,0,0,0,0,0,0,0,0,0,0,0,0,0,0,0,0,0,0,0,0,0,0,0,0,0,0,0,0,0,0,0,0,0,0,0,0,0,0,0,0,0,1,0.5,0.5,0,0.5,0
Festuca ovina [s. ovina],Festuca ovina [s. ovina] L.,Festuca ovina [s. ovina],0,0,0,0,1,0,0,0,0,0,0,0,0,0.5,0,0,1,0,0,0,0,0,0,0,0.5,0,0,0,0,0,0,0.5,0,0,0,0,0,0,0,0,0,0,1,0,0,0,0,0,0,0,0,0,0,0,0,0,0,0,0,0,0,0,0,0,0
Flavocetraria cucullata,Flavocetraria cucullata (Bell.) K?rnefelt & Thell,Flavocetraria cucullata,0,0,1,0,0,1,0,1,0,1,0,1,0,0,0,0,0,0,0,0.5,0,0.5,0,0,0,0,0.5,0,0,0.5,0.5,0,3,1,0,0,0,0,0,0,0,0,0,0,1,0,0,1,0,0,0,0.5,0,0,0,0,0,0,0,0,0,0,0,0,0
Flavocetraria nivalis,Flavocetraria nivalis (L.) K?rnefelt & Thell,Flavocetraria nivalis,3,1,1,2,1,1,1,2,1,2,0,2,1,0,1,0,0.5,0,0,1,0.5,1,0.5,0,0.5,0,0.5,0,1,0.5,1,0.5,1,1,0,0,0,0,0,0,0,0,0,0,0,0,0,0,0,0,0,0,0,0,0,0,0,0,0,0,0,0,0,0,0
Gowardia nigricans,"Gowardia nigricans (Ach.) P.Halonen, L.Myllys, S. Velmala & H.Hyvarinen",Gowardia nigricans,0,1,1,1,1,1,0,1,1,1,0,0.5,0,0,0.5,0,0,0,0,0.5,0,0.5,0.5,0,0,0,0.5,0,0.5,0.5,0.5,0,1,0,0,0,0,0,0,0,0,0,0,0,0,0,0,0,0,0,0,0.5,0,0,0,0,0,0,0,0,0,0,0,0,0
Gymnomitrion concinnatum,Gymnomitrion concinnatum (Lightf.) Corda,Gymnomitrion concinnatum,0,0,0,0,0,0,0,0,0,0,0,0,0,0,0,0,0,0,0,0,0,0,0,0,0,0,0,0,0,0,0,0,0,0,0,0,0,0,0,1,1,1,1,1,1,1,1,1,1,1,1,0.5,1,0,0,0,0,0,0,0,0,0,0,0,0
Gymnomitrion corallioides,Gymnomitrion corallioides Nees,Gymnomitrion corallioides,0,0,0,0,0,0,0,0,0,0,0,0,0.5,0,0.5,0,0,0,0,0,0,0,0,0,0,0,0,0,0,0.5,0,0,0,0,0,0,0,0,0,0,0,0,0,0,0,0,0,0,0,0,0,0,0,0,0,0,0,0,0,0,0,0,0,0,0
Harrimanella hypnoides,Harrimanella hypnoides (L.) Coville,Harrimanella hypnoides,0,0,0,0,0,0,0,0,0,0,0.5,0,0.5,0,0.5,0.5,0.5,0,0,0,1,0,0.5,0.5,0,0,0,0,0,0,0,0,0,0,0.5,0,0,0,0,0,1,0,1,2,0,0,0,1,2,0,0,1,1,0,0,0,0,0,0,0,0,0,0,0,0
Huperzia selago,Huperzia selago (L.) Bernh. ex Schrank & Mart.,Huperzia selago,0,0,0,0,0,0,0,0,0,0,0,0,0,0,0,0.5,0,0.5,0,0,0,0.5,0,0,0,0,0,0,0,0,0,0,0,0,0,0,0,0,0,0,0,0,0,0,0,0,0,0,0,0,1,0,0,0,0,0,0,0,0,0,0,0,0,0,0
Hylocomium splendens,Hylocomium splendens (Hedw.) Schimp.,Hylocomium splendens,0,0,0,0,0,0,0,0,0,0,0,0,0,0,0,0,0,0,0,0,0,0,0,0,0,0,0,0,0,0,0,0,0,0,0,0,0,0,0,0,0,0,0,0,0,0,0,0,0,0,0,0,0,0,0,0,0,0.5,0,0,0,0,0,0,0
Hypogymnia physodes,Hypogymnia physodes (L.) Nyl.,Hypogymnia physodes,0,0,1,0,0,0,0,0,0,0,0,0,0,0,0,0,0,0,0,0,0,0,0,0,0,0,0,0,0,0,0,0,0,0,0,0,0,0,0,0,0,0,0,0,0,0,0,0,0,0,0,0,0,0,0,0,0,0,0,0,0,0,0,0,0
Juncus biglumis,Juncus biglumis L.,Juncus biglumis,0,0,0,0,0,0,0,0,0,0,0,0,0,0,0,0,0,0,0,0,0,0,0,0,0,0,0,0,0,0,0,0,0,0,0,0,0,0,0,0,0,0,0,0,0,0,0,0,0,0,0,0,0,0,0,0,0.5,0.5,0.5,0,1,0.5,0,0.5,0.5
Juncus trifidus,Juncus trifidus L.,Juncus trifidus,1,1,1,1,1,0,1,1,0,1,1,0.5,0,0,0,0,1,1,1,0.5,0,0.5,0,0,0,0,0,0,0,0,0,0,0,0,0,0,0,0,0,0,0,0,0,0,0,0,0,0,0,0,0,0,0,0,0,0,0,0,0,0,0,0,0,0,0
Kalmia procumbens,"Kalmia procumbens (L.) Gift et al. ex Galasso, Banfi & F.Conti",Kalmia procumbens,3,3,1,3,3,4,3,4,1,3,0.5,0,0,0,0,0.5,0,0.5,0,0,0,0,0,0,0,0,0,0,0,0,0,0,0,0,0,0,0,0,0,0,0,0,0,0,0,0,0,0,0,0,0,0,0,0,0,0,0,0,0,0,0,0,0,0,0
Kiaeria glacialis,Kiaeria glacialis (Berggren) I. Hagen,Kiaeria glacialis,0,0,0,0,0,0,0,0,0,0,0,0,0,0,0,0.5,0,0,1,0.5,0.5,0,0,0.5,0,0,0.5,0,0,0,0,0,0,0,0,0,0,0,0,0,0,0,0,0,0,0,0,0,0,0,0,0,0,0,0,0,0,0,0,0,0,0,0,0,0
Larix species,Larix species,Larix species,0,0,0,0,0,0,0,0,0,0,0,0,0,0.5,0,0,0,0,0,0,0,0,0,0,0,0,0,0,0,0,0,0,0,0,0,0,0,0,0,0,0,0,0,0,0,0,0,0,0,0,0,0,0,0,0,0,0,0,0,0,0,0,0,0,0
Lecidea atrobrunnea,Lecidea atrobrunnea (Ramond ex Lam.& DC.) Schaer.,Lecidea atrobrunnea,0,0,0,0,0,0,0,0,0,0,0,0,0,0,0,0,0,0,0,0,0,0,0,0,0,0,0,0,0.5,0,0,0,0,0,0,0,0,0,0,0,0,0,0,0,0,0,0,0,0,0,0,0,0,0,0,0,0,0,0,0,0,0,0,0,0
Lecidea species,Lecidea species,Lecidea species,0,0,0,0,0,0,0,0,0,0,0,0,0,0,0,0,0,0,0,0,0,0,0,0,0,0.5,0,0,0.5,0,0,0,0,0,0,0,0,0,0,0,0,0,0,0,0,0,0,0,0,0,0,0,0,0,0,0,0,0,0,0,0,0,0,0,0
Limprichtia revolvens,Limprichtia revolvens (Swartz) Loeske,Limprichtia revolvens,0,0,0,0,0,0,0,0,0,0,0,0,0,0,0,0,0,0,0,0,0,0,0,0,0,0,0,0,0,0,0,0,0,0,0,0,0,0,0,0,0,0,0,0,0,0,0,0,0,0,0,0,0,0,0,0,0.5,0.5,0.5,0.5,1,0.5,0,1,0
Lophozia savicziae,Lophozia savicziae Schljakov,Lophozia savicziae,0,0,0,0,0,0,0,0,0,0,0,0,0,0,0,0,0,0,0,0,0,0,0,0,0,0,0,0.5,0,0,0,0,0,0,0,0,0,0,0,0,0,0,0,0,0,0,0,0,0,0,0,0,0,0,0,0,0,0,0,0,0,0,0,0,0
Lophozia ventricosa,Lophozia ventricosa (Dicks.) Dumort.,Lophozia ventricosa,0,0,0,0,0,0,0,0,0,0,0,0,0,0,0,0,0,0,0,0,0,0,0,0,0,0,0,0,0,0,0,0,0,0,0,0,0,0,0,0,0,0,0,0,0,0,0,0,0,2,2,0,0,0,0,0,0,0,0,0,0,0,0,0,0
Lophozia wenzelii,Lophozia wenzelii (Nees) Steph.,Lophozia wenzelii,0,0,0,0,0,0,0,0,0,0,0,0,0,0,0,0,0,0,0,0,0,0,0,0,0,0,0,0,0,0,0,0,0,0,0,0,0,0,0,0,0,0,0,0,0,0,0,0,0,0,0,0,0,0,0,0,0,0.5,0,0,0,0,0,0,0
Luzula arcuata,Luzula arcuata (Wahlenb.) Sw.,Luzula arcuata,0,0,0,0,0,0,0,0,1,1,0,1,0.5,0.5,0,0,0,0,0,0.5,1,1,1,0.5,0.5,0,0.5,0,0.5,0.5,0,0.5,0.5,0.5,0,0,0,0,0,3,4,4,3,3,4,3,4,3,3,4,5,0,0,0,0,0,0,0,0,0,0,0,0,0,0
Luzula spicata [s. spicata],Luzula spicata [s. spicata] (L.) DC.,Luzula spicata [s. spicata],0,0,0,0,0,0,0,0,0,0,0,0,0,0,0,0,0,0,0,0,0,0,0,0,0,0,0,0,0,0,0,0,0.5,0,0,0,0,0,0,0,0,0,0,0,0,0,0,0,0,0,0,0,0,0,0,0,0,0,0,0,0,0,0,0,0
Marsupella apiculata,Marsupella apiculata Schiffn.,Marsupella apiculata,0,0,0,0,0,0,0,0,0,0,0.5,0,0,0,0,1,0,0.5,0,1,1,1,0,0,0,0,0,0,0,0.5,0,0,0,0,0,0,0.5,0.5,0.5,0,0,0,0,0,0,0,0,0,0,0,0,0,0,0,0,0,0,0,0,0,0,0,0,0,0
Meesia triquetra,Meesia triquetra (H. Richter) Aongstr.,Meesia triquetra,0,0,0,0,0,0,0,0,0,0,0,0,0,0,0,0,0,0,0,0,0,0,0,0,0,0,0,0,0,0,0,0,0,0,0,0,0,0,0,0,0,0,0,0,0,0,0,0,0,0,0,0,0,0,0,0,0,0,0,0,0,0.5,0,0.5,0
Melanelia hepatizon,Melanelia hepatizon (Ach.) Thell,Melanelia hepatizon,0,0,0,0,0,0,0,0,0,0,0,0,0,0,0,0,0,0,0,0,0,0,0,0,0,0.5,0,0,0,0,0,0,0,0,0,0,0,0,0,0,0,0,0,0,0,0,0,0,0,0,0,0,0,0,0,0,0,0,0,0,0,0,0,0,0
Micarea assimilata,Micarea assimilata (Nyl.) Coppins,Micarea assimilata,0,0,0,0,0,0,0,0,0,0,0,0,0,0,0,0,0,0,0,0,0,0,0,0,0,0,0,0,0,0,0,0,0,0,0,0,0,0,0,0,0,0,0,0,0,0,0,1,0,0,0,0,0,0,0,0,0,0,0,0,0,0,0,0,0
Micranthes stellaris [s. stellaris],"Micranthes stellaris [s. stellaris] (L.) Galasso, Banfi & Soldano",Micranthes stellaris [s. stellaris],0,0,0,0,0,0,0,0,0,0,0,0,0,0,0,0,0,0,0,0,0,0,0,0,0,0,0,0,0,0,0,0,0,0,0,0,0,0,0,0,0,0,1,1,1,0,0,0,0,1,1,0,0,0,0,0,0,0,0,0.5,0,0.5,0,0.5,1
Micranthes tenuis,Micranthes tenuis (Wahlenb.) Small,Micranthes tenuis,0,0,0,0,0,0,0,0,0,0,0,0,0,0,0,0,0,0,0,0,0,0,0,0,0,0,0,0,0,0,0,0,0,0,0,0,0,0,0,0,0,0,0,0,0,0,0,0,0,0,0,0,0,1,0.5,0.5,1,1,0.5,0,0,0,0,0,0
Minuartia biflora,Minuartia biflora (L.) Schinz & Thell.,Minuartia biflora,0,0,0,0,0,0,0,0,0,0,0,0,0,0,0,0,0,0,0,0,0,0,0,0,0,0,0,0,0,0,0,0,0,0,0,0,0,0,0,0,0,0,0,0,0,0,0,0,0,0,0,0,0,0.5,0.5,0,0.5,0,0.5,0,0,0,0,0,0
Nardia geoscyphus,Nardia geoscyphus (De Not.) Lindb.,Nardia geoscyphus,0,0,0,0,0,0,0,0,0,0,0,0,0,0,0,0,0,0,0,0,0,0,0,0,0,0,0,0,0,0,0,0,0,0,0,0,0,0,0,0,0,0,0,0,0,0,0,0,0,0,0,0,0,0,0,0,0.5,0,0,0,0,0,0,0,0
Nardia scalaris,Nardia scalaris Gray,Nardia scalaris,0,0,0,0,0,0,0,0,0,0,0,0,0,0,0,0,0,0,0,0,0,0,0,0,0,0,0,0,0,0,0,0,0,0,0,0,0,0,0,1,1,1,1,1,1,1,1,1,1,1,1,0,0,0,0,0,0,0,0,0,0,0,0,0,0
Ochrolechia frigida,Ochrolechia frigida (Sw.) Lynge,Ochrolechia frigida,0,1,0,0,0,0,0,1,1,1,0,0,0.5,0,0.5,0,0.5,0.5,1,1,0.5,0.5,0,1,0,1,0.5,0,0.5,0,1,0,0,0.5,0,0,0.5,1,0.5,0,0,0,1,0,0,0,0,0,0,0,1,0.5,0,0,0,0,0,0,0,0,0,0,0,0,0
Oncophorus virens,Oncophorus virens (Hedw.) Brid.,Oncophorus virens,0,0,0,0,0,0,0,0,0,0,0,0,0,0,0,0,0,0,0,0,0,0,0,0,0,0,0,0,0,0,0,0,0,0,0,0,0,0,0,0,0,0,0,0,0,0,0,0,0,0,0,0,0,0,0,0,0,0,0,0.5,0,0.5,0,0.5,0
Orthocaulis floerkei,Orthocaulis floerkei (F.Weber & D.Mohr) H.Buch,Orthocaulis floerkei,0,0,0,0,0,0,0,0,0,0,0,0,0,0,0,0,0,0,0,0,0,0,0,0,0,0,0,0,0,0,0,0,0,0,0,0,0,0,0,0,0,0,0,0,0,0,0,0,0,0,0,0,0,0,0,0.5,0,0,0,0,0,0,0,0,0
Orthothecium chryseum,Orthothecium chryseum (Schwaegr.) B.S.G.,Orthothecium chryseum,0,0,0,0,0,0,0,0,0,0,0,0,0,0,0,0,0,0,0,0,0,0,0,0,0,0,0,0,0,0,0,0,0,0,0,0,0,0,0,0,0,0,0,0,0,0,0,0,0,0,0,0,0,0,0,0,0,0.5,0.5,0,0,0,0,0,0
Oxyria digyna,Oxyria digyna (L.) Hill,Oxyria digyna,0,0,0,0,0,0,0,0,0,0,0,0,0,0,0,0,0,0,0,0,0.5,0,0,0,0.5,0,0,0,0,0.5,0,0.5,0,0,0,0,0.5,0.5,0.5,0,0,0,0,0,0,0,0,0,0,0,0,0,0,1,0.5,0.5,2,2,1,0.5,0,0,0.5,0,1
Oxytropis sordida,Oxytropis sordida (Willd.) Pers.,Oxytropis sordida,0,0,0,0,0,0,0,0,1,0,0,0,0,0,0,0,0,0,0,0,0,0,0,0,0,0,0,0,0,0,0,0,0,0,0,0,0,0,0,0,0,0,0,0,0,0,0,0,0,0,0,0,0,0,0,0,0,0,0,0,0,0,0,0,0
Parmelia species,Parmelia species,Parmelia species,0,0,0,0,0,0,0,0,0,0,0,0.5,0,0,0,0,0,0,0,0,0,0,0,0,0,0,0,0,0,0,0,0,0,0,0,0,0,0,0,0,0,0,0,0,0,0,0,0,0,0,0,0,0,0,0,0,0,0,0,0,0,0,0,0,0
Peltigera aphthosa,Peltigera aphthosa (L.) Willd.,Peltigera aphthosa,0,0,0,0,0,0,0,0,0,0,0,0,0,0,0,0,0,0,0,0,0,0,0,0,0,0,0,0,0,0,0,0,0,0,0,0,0,0,0,0,0,0,0,0,0,0,0,0,0,0,0,0,0,0,0,0,0.5,0.5,0,0,0,0,0,0,0
Peltigera didactyla s.lat.,Peltigera didactyla s.lat. (With.) Laundon,Peltigera didactyla s.lat.,0,0,0,0,0,0,0,0,0,0,0,0,0,0,0,1,0,0,0,0.5,0,0,0,0,0,0,0,0.5,0,0,0,0,0,0,0,0,0,0,0,0,0,0,0,0,0,0,0,0,0,0,0,0,0,0,0,0,0,0,0,0,0,0,0,0,0
Peltigera rufescens,Peltigera rufescens (Weis) Humb.,Peltigera rufescens,0,0,0,0,0,0,1,0,0,0,0,0,0,0,0,0,0,0,0,0,0,0,0,0,0,0,0,0,0,0,0,0,0,0,0,0,0,0,0,0,0,0,0,0,0,0,0,0,0,0,0,0,0,1,1,0.5,0.5,0,0,0,0,0,0,0,0
Peltolepis quadrata,Peltolepis quadrata (Saut.) M?ll.Frib.,Peltolepis quadrata,0,0,0,0,0,0,0,0,0,0,0,0,0,0,0,0,0,0,0,0,0,0,0,0,0,0,0,0,0,0,0,0,0,0,0,0,0,0,0,0,0,0,0,0,0,0,0,0,0,0,0,0,0,0,0,0.5,1,1,1,0,0,0,0,0,0
Pertusaria dactylina,Pertusaria dactylina (Ach.) Nyl.,Pertusaria dactylina,0,0,1,0,0,0,0,0,0,0,0,0,0,0,0,0,0,0,0,0,0,0,0,0,0,0.5,0,0,0,0,0,0,0,0,0,0,0,0,0,0,0,0,0,0,0,0,0,0,0,0,0,0,0,0,0,0,0,0,0,0,0,0,0,0,0
Philonotis fontana,Philonotis fontana (Hedw.) Brid.,Philonotis fontana,0,0,0,0,0,0,0,0,0,0,0,0,0,0,0,0,0,0,0,0,0,0,0,0,0,0,0,0,0,0,0,0,0,0,0,0,0,0,0,0,0,0,0,0,0,0,0,0,0,0,0,0,0,0,0,0,0.5,0.5,1,0,0,0,0.5,0,0
Philonotis fontana,Philonotis fontana (Hedw.) Brid.,Philonotis fontana,0,0,0,0,0,0,0,0,0,0,0,0,0,0,0,0,0,0,0,0,0,0,0,0,0,0,0,0,0,0,0,0,0,0,0,0,0,0,0,0,0,0,0,0,0,0,0,0,0,0,0,0,0,0,0,0,0,0,0,0,1,0.5,0,3,0
Phippsia algida,Phippsia algida (Sol.) R. Br.,Phippsia algida,0,0,0,0,0,0,0,0,0,0,0,0,0,0,0,0,0,0,0,0,0,0,0,0,0,0,0,0,0,0,0,0,0,0,0,0,0,0,0,0,0,0,0,0,0,0,0,0,0,0,0,0,0,0,0,0,0,0,0,4,2,3,1,2,1
Phyllodoce caerulea,Phyllodoce caerulea (L.) Bab.,Phyllodoce caerulea,1,0,0,1,0,0,0,0,0,0,0.5,0,0.5,0,0.5,0.5,0.5,1,1,0,0.5,0,0,0,0,0,0,0,0,0,0,0.5,0,0,0,0,0,0,0,1,0,0,1,0,0,0,0,0,0,0,0,0,0.5,0,0,0,0,0,0,0,0,0,0,0,0
Pinguicula vulgaris [s. vulgaris],Pinguicula vulgaris [s. vulgaris] L.,Pinguicula vulgaris [s. vulgaris],0,0,0,0,0,1,0,0,0,1,0,0,0,0,0,0,0,0,0,0,0,0,0,0,0,0,0,0,0,0,0,0,0,0,0,0,0,0,0,0,0,0,0,0,0,0,0,0,0,0,0,0,0,0,0,0,0,0,0,0,0,0,0,0,0
Plectocolea obovata,Plectocolea obovata (Nees) Lindb.,Plectocolea obovata,0,0,0,0,0,0,0,0,0,0,0,0,0,0,0,0,0,0,0,0,0,0,0,0,0,0,0,0,0,0,0,0,0,0,0,0,0,0,0,0,0,0,0,0,0,0,0,0,0,0,0,0,0,0,0,0,0.5,0,0,0,0,0,0,0,0
Pleurocladula albescens,Pleurocladula albescens (Hook.) Grolle,Pleurocladula albescens,0,0,0,0,0,0,0,0,0,0,0,0,0,0,0,0,0,0,0,0,0,0,0,0,0,0,0,0,0,0,0,0,0,0,0,0,0,0,0,1,1,1,1,1,1,1,1,1,1,1,1,0.5,1,0,0,0,0.5,0.5,0,0,0,0,0,0,0
Poa alpina,Poa alpina L.,Poa alpina,0,0,0,0,0,0,0,0,0,0,0,0,0,0,0,0,0,0,0,0,0,0,0,0,0,0,0,0,0,0,0,0.5,0,0,0,0,0,0,0,0,0,0,0,0,0,0,0,0,0,0,0,0,0,1,1,1,2,1,2,0.5,0,0,0,0.5,0.5
Poa glauca,Poa glauca Vahl,Poa glauca,0,0,0,0,0,0,0,0,0,0,0,0,0,0,0,0,0,0,0,0,0,0,0,0,0,0,0,0.5,0,0,0,0,0,0,0,0,0,0,0,0,0,0,0,0,0,0,0,0,0,0,0,0,0,0,0,0,0,0,0,0,0,0,0,0,0
Pohlia annotina,Pohlia annotina (Hedw.) Lindb.,Pohlia annotina,0,0,0,0,0,0,0,0,0,0,0,0,0,0,0,0,0,0,0,0,0,0,0,0,0,0,0,0,0,0,0,0,0,0,0,0,0,0,0,0,0,0,0,0,0,0,0,0,0,0,0,0,0,2,1,0,1,2,1,1,0.5,0.5,2,1,0
Pohlia cruda,Pohlia cruda (Hedw.) Lindb.,Pohlia cruda,0,0,0,0,0,0,0,0,0,0,0,0,0,0,0,0,0,0,0,0,0,0,0,0,0,0,0,0,0,0,0,0,0,0,0,0,0,0,0,0,0,0,0,0,0,0,0,0,0,0,0,0,0,0,0.5,0,0,0,0,0,0,0,0,0,0
Pohlia nutans,Pohlia nutans (Hedw.) Lindb.,Pohlia nutans,0,0,0,0,0,0,0,0,0,0,0,0,0,0,0,0,0,0,0,0,0,0,0,0,0,0,0,0,0,0,0,0,0,0,0,0,0,0,0,0,0,0,0,0,0,0,0,0,0,1,1,0,0,0,0,0,0,0,0,0,0,0,0,0,0
Pohlia wahlenbergii,Pohlia wahlenbergii (Web. & D. Mohr) Andrews,Pohlia wahlenbergii,0,0,0,0,0,0,0,0,0,0,0,0,0,0,0,0,0,0,0,0,0,0,0,0,0,0,0,0,0,0,0,0,0,0,0,0,0,0,0,0,0,0,0,0,0,0,0,0,0,0,0,0,0,0,0,0,2,0.5,0.5,0,1,0.5,3,0.5,2
Polytrichastrum alpinum,Polytrichastrum alpinum (Hedw.) G. L. Sm.,Polytrichastrum alpinum,0,0,0,0,0,0,0,0,0,0,0,0,0,0,0,0,0,0,0,0,0,0,0,0,0,0,0,0,0,0.5,0,1,1,0.5,0,0,0,0,0,0,0,1,2,3,0,0,0,0,0,1,2,0.5,0,0.5,0,0,2,2,0,0,0,0,0.5,0,0
Polytrichum commune,Polytrichum commune Hedw.,Polytrichum commune,0,0,0,0,0,0,0,0,0,0,0,0,0,0,0,0,0,0,0,0,0,0,0,0,0,0,0,0,0.5,0,0,0,0,0,0,0,0,0,0,0,0,0,0,0,0,0,0,0,0,0,0,0,0,0,0,0,0,0,0,0,0,0,0,0,0
Polytrichum juniperinum,Polytrichum juniperinum Hedw.,Polytrichum juniperinum,0,0,0,0,0,0,0,1,1,0,0,1,0,0.5,0.5,0,0,0,0,0.5,1,0,0,0,0,0,0,0,0,0.5,0,0,0,0.5,0,0,0,0,0,0,0,0,0,0,0,0,0,0,0,0,0,0,0,0,0,0,0,0,0,0,0,0,0,0,0
Polytrichum piliferum,Polytrichum piliferum Hedw.,Polytrichum piliferum,1,1,1,1,1,0,1,0,1,1,0.5,1,0.5,0.5,0.5,0.5,0.5,0.5,0,0.5,1,0.5,0.5,5,0.5,0,0.5,0.5,0,0,1,0.5,0,0,0.5,0.5,0.5,0.5,0.5,0,0,0,0,0,0,0,0,0,0,0,0,0,0,0,0,0,0,0,0,0,0,0,0,0,0
Polytrichum sexangulare,Polytrichum sexangulare Fl?rke ex Brid.,Polytrichum sexangulare,0,0,0,0,0,0,0,0,0,0,0,0,0,0,0,0,0,0,0,0,0,0,0,0,0,0,0,0,0,0,0,0,0,0,0,0,0,0,0,2,1,1,2,1,2,3,2,2,2,0,1,0,0,0,0,0,0.5,1,0,0,0,0,0.5,0,2
Porpidia species,Porpidia species,Porpidia species,0,0,0,0,0,0,0,0,0,0,0,0,0,0,0,0,0,0,0,0,0,0,0,0,0,0,0,0,0.5,0,0,0,0,0,0,0,0,0,0,0,0,0,0,0,0,0,0,0,0,0,0,0,0,0,0,0,0,0,0,0,0,0,0,0,0
Preissia quadrata,Preissia quadrata (Scop.) Nees,Preissia quadrata,0,0,0,0,0,0,0,0,0,0,0,0,0,0,0,0,0,0,0,0,0,0,0,0,0,0,0,0,0,0,0,0,0,0,0,0,0,0,0,0,0,0,0,0,0,0,0,0,0,0,0,0,0,1,0.5,0.5,2,1,1,0,0,0,0,0,0.5
Protomicarea limosa,Protomicarea limosa Ach.,Protomicarea limosa,0,0,0,0,0,0,0,0,0,0,0,0,0,0,0,0,0,0,0,0,0,0,0,0,0,0,0,0,0,0,0,0,0,0.5,0,0,0,0,0,0,0,0,0,0,0,0,0,0,0,0,0,0,0,0,0,0,0,0,0,0,0,0,0,0,0
Protoparmelia badia,Protoparmelia badia (Hoffm.) Hafelln.,Protoparmelia badia,0,0,0,0,0,0,0,0,0,0,0,0,0,0,0,0,0,0,0,0,0,0,0,0,0,0.5,0,0,0,0,0,0,0,0,0,0,0,0,0,0,0,0,0,0,0,0,0,0,0,0,0,0,0,0,0,0,0,0,0,0,0,0,0,0,0
Pseudephebe pubescens,Pseudephebe pubescens (L.) Choisy,Pseudephebe pubescens,1,0,1,0,0,0,2,1,0,0,0,0,0,0,0,0,0,0,0,0,0,0,0,0.5,0,0.5,0,0,0.5,0,0.5,0,0,0,0,0,0,0,0,0,0,0,0,0,0,0,0,0,0,0,1,0,0,0,0,0,0,0,0,0,0,0,0,0,0
Pseudocalliergon turgescens,Pseudocalliergon turgescens (T. Jensen) Loeske,Pseudocalliergon turgescens,0,0,0,0,0,0,0,0,0,0,0,0,0,0,0,0,0,0,0,0,0,0,0,0,0,0,0,0,0,0,0,0,0,0,0,0,0,0,0,0,0,0,0,0,0,0,0,0,0,0,0,0,0,0,0,0,0,0,0,0,1,0.5,0,0,0
Pseudolophozia sudetica,Pseudolophozia sudetica (Nees ex Huebener) Konstant. & Vilnet,Pseudolophozia sudetica,0,0,0,0,0,0,0,0,0,0,0,0,0,0,0,0,0,0,0,0,0,0,0,0.5,0,0,0,0,0,0,0,0,0,0,0,0,0,0,0,0,0,0,0,0,0,0,0,0,0,0,0,0,0,0,0,0,0,0,0,0,0,0,0.5,0,0.5
Racomitrium canescens,Racomitrium canescens (Hedw.) Brid.,Racomitrium canescens,0,0,0,0,0,0,0,0,0,0,0,0,0,0,0,0,0,0,0,0,0,0,0,0,0,0,0,0.5,0,0,0,0,0,0,0,0,0,0,0,0,0,0,0,0,0,0,0,0,0,0,0,0,0,0,0,0,0,0,0,0,0,0,0,0,0
Racomitrium lanuginosum,Racomitrium lanuginosum (Hedw.) Brid.,Racomitrium lanuginosum,0,1,0,0,1,3,0,0,1,1,0,1,1,0,1,1,1,0,1,1,0.5,1,0.5,2,0,0,0.5,0,0.5,0,1,0,2,1,0,0,1,0.5,0,0,0,0,0,0,0,0,0,0,0,4,3,1,1,0,0,0,0,0,0,0,0,0,0,0,0
Racomitrium microcarpon,Racomitrium microcarpon (Hedw.) Brid.,Racomitrium microcarpon,0,0,0,0,0,0,0,0,0,1,1,0,1,0,2,1,0.5,0,0,0,0.5,0.5,0.5,2,1,0,0,1,0,0.5,0,1,1,0,1,0.5,5,5,5,0,0,0,0,0,0,0,0,0,0,0,0,0,0,0,0,0,0,0,0,0,0,0,0,0,0
Racomitrium sudeticum,Racomitrium sudeticum (Funck) Bruch & Schimp.,Racomitrium sudeticum,0,0,0,0,0,0,0,0,0,0,0,0,0,0,0,0,0,0,0,0,0,0,0,0,0,0,0,0,0,0,0,0,0,0,0,0,0,0,0,2,2,1,0,1,1,0,1,0,1,0,0,0,0,0,0,0,0,0,0,0,0,0,0,0,0
Ranunculus glacialis,Ranunculus glacialis L.,Ranunculus glacialis,0,0,0,0,0,0,0,0,0,0,0,0,0,0,0,0,0,0,0,0,0,0,0,0,0,0,0,0,0,0,0,0,0,0,0,0,0,0,0,1,1,2,2,1,2,1,1,1,1,0,0,0.5,1,0,0,0,0,0,0,0,0,0,0,0,0
Ranunculus nivalis,Ranunculus nivalis L.,Ranunculus nivalis,0,0,0,0,0,0,0,0,0,0,0,0,0,0,0,0,0,0,0,0,0,0,0,0,0,0,0,0,0,0,0,0,0,0,0,0,0,0,0,0,0,0,0,0,0,0,0,0,0,0,0,0,0,0,0,0,0.5,0.5,0.5,0,0,0,0.5,0,0.5
Ranunculus pygmaeus,Ranunculus pygmaeus Wahlenb.,Ranunculus pygmaeus,0,0,0,0,0,0,0,0,0,0,0,0,0,0,0,0,0,0,0,0,0,0,0,0,0,0,0,0,0,0,0,0,0,0,0,0,0,0,0,0,0,0,0,0,0,0,0,0,0,0,0,0,0,0.5,0.5,0.5,1,1,1,0,0,0,0.5,0,2
Rhizocarpon geographicum s. lat.,Rhizocarpon geographicum s. lat. (L.) DC.,Rhizocarpon geographicum s. lat.,0,0,0,0,0,0,0,0,0,0,0,0,1,0,0.5,0,0,0,0,0,0.5,0.5,0.5,1,0,0.5,0.5,0.5,1,0.5,1,0.5,0,0.5,0,0,0,0,0,0,0,0,0,0,0,0,0,0,0,0,0,0,0,0,0,0,0,0,0,0,0,0,0,0,0
Saccobasis polita,Saccobasis polita (Nees) H.Buch,Saccobasis polita,0,0,0,0,0,0,0,0,0,0,0,0,0,0,0,0,0,0,0,0,0,0,0,0,0,0,0,0,0,0,0,0,0,0,0,0,0,0,0,0,0,0,0,0,0,0,0,0,0,0,0,0,0,0,0,0,0.5,0.5,0,0,0,0,0,0.5,0
Sagina nivalis,Sagina nivalis (Lindblom) Fr.,Sagina nivalis,0,0,0,0,0,0,0,0,0,0,0,0,0,0,0,0,0,0,0,0,0,0,0,0,0,0,0,0,0,0,0,0,0,0,0,0,0,0,0,0,0,0,0,0,0,0,0,0,0,0,0,0,0,0,0,0,0.5,0.5,0.5,0,0,0,0,0,0
Sagina saginoides,Sagina saginoides (L.) H. Karst.,Sagina saginoides,0,0,0,0,0,0,0,0,0,0,0,0,0,0,0,0,0,0,0,0,0,0,0,0,0,0,0,0,0,0,0,0,0,0,0,0,0,0,0,0,0,0,0,0,0,0,0,0,0,0,0,0,0,3,1,0,0.5,0.5,0,0,0,0.5,0,0,1
Salix hastata,Salix hastata L.,Salix hastata,0,0,0,0,0,0,0,0,0,0,0,0,0,0.5,0,0,0,0,0,0.5,0,0,0.5,0,0,0,0,0.5,0,0,0,0,0,0,0,0,0,0,0,0,0,0,0,0,0,0,0,0,0,0,0,0,0,0,0,0,0,0,0,0,0,0,0,0,0
Salix herbacea,Salix herbacea L.,Salix herbacea,0,0,0,0,0,0,1,0,0,0,0,0,0,0,0,0,0,0,0,0,0,0,0,0,0,0,0,0,0,0,0,0,0,0,0,0,0,0,0,3,3,3,2,4,3,2,3,4,3,1,1,1,1,0,0,0,0,0,0,0,0,0,0.5,0,2
Salix polaris,Salix polaris Wahlenb.,Salix polaris,0,0,0,0,0,0,0,0,0,0,0.5,1,0.5,0,0.5,1,0.5,1,1,0.5,1,0.5,0.5,0.5,0.5,0,0,0,0.5,0,0,0,0,0,0,0,0,0,0,0,0,0,0,0,0,0,0,0,0,0,0,0,0,0.5,0.5,1,1,2,2,0.5,0.5,0.5,0,1,0
Salix reticulata,Salix reticulata L.,Salix reticulata,0,0,0,0,0,0,0,0,0,0,0,0,0,0,0,0,0,0,0,0,0,0,0,0,0,0,0,0,0,0,0,0,0,0,0,0,0,0,0,0,0,0,0,0,0,0,0,0,0,0,0,0,0,0,0,1,0.5,0,0.5,0,0,0,0,0,0
Salix x nothula,Salix x nothula Andersson,Salix x nothula,0,0,0,0,0,0,0,0,0,0,0,0,0,0,0,0,0,0,0,0,0,0,0,0,0,0,0,0,0,0,0,0,0,0,0,0,0,0,0,0,0,0,0,0,0,0,0,0,0,0,0,0,0,0,0,0.5,0,0,0,0,0,0,0,0,0.5
Sanionia uncinata,Sanionia uncinata (Hedw.) Loeske,Sanionia uncinata,0,0,0,0,0,0,0,0,0,0,0,0,0,0,0,0,0,0.5,2,0,0,0,0,0,0.5,0,0,0,0,0,0,0,0,0,0,0,0,0,0,0,0,0,0,0,0,0,0,0,0,0,0,0,0,0.5,0,1,0,0.5,0.5,0.5,0,0,0.5,0,0
Sauteria alpina,Sauteria alpina (Nees) Nees,Sauteria alpina,0,0,0,0,0,0,0,0,0,0,0,0,0,0,0,0,0,0,0,0,0,0,0,0,0,0,0,0,0,0,0,0,0,0,0,0,0,0,0,0,0,0,0,0,0,0,0,0,0,0,0,0,0,0.5,0,1,2,2,3,0,0,0,0,0,0
Saxifraga aizoides,Saxifraga aizoides L.,Saxifraga aizoides,0,0,0,0,0,0,0,0,0,0,0,0,0,0,0,0,0,0,0,0,0,0,0,0,0,0,0,0,0,0,0,0,0,0,0,0,0,0,0,0,0,0,0,0,0,0,0,0,0,0,0,0,0,0,0,1,1,0,1,0,0,0,0,0,0
Saxifraga cernua,Saxifraga cernua L.,Saxifraga cernua,0,0,0,0,0,0,0,0,0,0,0,0,0,0.5,0,0,0,0,0,0,0,0,0,0,0,0,0,0,0,0,0,0,0,0,0,0,0,0,0,0,0,0,0,0,0,0,0,0,0,0,0,0,0,2,1,0.5,1,1,1,0,0,0,1,0.5,0.5
Saxifraga cespitosa,Saxifraga cespitosa L.,Saxifraga cespitosa,0,0,0,0,0,0,0,0,0,0,0,0,0,0,0,0,0,0,0,0,0,0,0,0,0,0,0,0,0,0,0,0,0,0.5,0,0,0,0,0,0,0,0,0,0,0,0,0,0,0,0,0,0,0,0,0,0.5,0,0,0,0,0,0,0,0,0
Saxifraga oppositifolia,Saxifraga oppositifolia L.,Saxifraga oppositifolia,0,0,0,0,0,0,0,0,0,0,0,1,1,0.5,0.5,0,0,0,0,0,0,1,0.5,0.5,0.5,0,0,0.5,0.5,0,0,0.5,0.5,0,0,0,0,0,0,0,0,0,0,0,0,0,0,0,0,0,0,0,0,1,5,5,1,0.5,1,0,0,0,0,0,0
Saxifraga rivularis,Saxifraga rivularis L.,Saxifraga rivularis,0,0,0,0,0,0,0,0,0,0,0,0,0,0,0,0,0,0,0,0,0,0,0,0,0,0,0,0,0,0,0,0,0,0,0,0,0,0,0,0,0,0,0,0,0,0,0,0,0,0,0,0,0,0,0,0,0,0,0,0,0,0,1,0,0.5
Scapania irrigua,Scapania irrigua (Nees) Nees,Scapania irrigua,0,0,0,0,0,0,0,0,0,0,0,0,0,0,0,0,0,0,0,0,0,0,0,0,0,0,0,0,0,0,0,0,0,0,0,0,0,0,0,0,0,0,0,0,0,0,0,0,0,0,0,0,0,0,0,0,0,0.5,0,0,0,0,0,0,0
Schistochilopsis incisa,Schistochilopsis incisa (Schrad.) Konstant.,Schistochilopsis incisa,0,0,0,0,0,0,0,0,0,0,0,0,0,0,0,0,0,0,0,0,0,0,0,0,0,0,0,0,0,0,0,0,0,0,0,0,0,0,0,0,0,0,0,0,0,0,0,0,0,0,0,0,0,0,0,0,1,1,0,0,0,0,0,0,0
Scorpidium scorpioides,Scorpidium scorpioides (Hedw.) Limpr.,Scorpidium scorpioides,0,0,0,0,0,0,0,0,0,0,0,0,0,0,0,0,0,0,0,0,0,0,0,0,0,0,0,0,0,0,0,0,0,0,0,0,0,0,0,0,0,0,0,0,0,0,0,0,0,0,0,0,0,0,0,0,0,0,0,0,1,1,0,0.5,0
Sibbaldia procumbens,Sibbaldia procumbens L.,Sibbaldia procumbens,0,0,0,0,0,0,0,0,0,0,0,0,0,0,0,0,0,0,0,0,0,0,0,0,0,0,0,0,0,0,0,0,0,0,0,0,0,0,0,0,0,0,0,0,0,0,0,0,0,0,0,0,0,0,0.5,0,0,0,0,0,0,0,0,0,0
Silene acaulis,Silene acaulis (L.) Jacq.,Silene acaulis,0,0,0,0,0,0,0,0,0,0,0,0,0,0,0,1,1,0.5,0,0.5,0,0.5,0,0,0,0,0,0,0,0,0,0,0,0,0,0,0,0,0,0,0,0,0,0,0,0,0,0,0,0,0,0.5,0,0.5,0.5,0.5,0.5,0.5,0,0,0,0,0,0,0
Solenostoma sphaerocarpum,Solenostoma sphaerocarpum (Hook.) Steph.,Solenostoma sphaerocarpum,0,0,0,0,0,0,0,0,0,0,0,0,0,0,0,0,0,0,0,0,0,0,0,0,0,0,0,0,0,0,0,0,0,0,0,0,0,0,0,0,0,0,0,0,0,0,0,0,0,0,0,0,0,0,0,0,0.5,1,0,0,0,0,0,0,0
Solidago virgaurea s. lapponica,Solidago virgaurea s. lapponica (With.) Tzvelev,Solidago virgaurea s. lapponica,0,0,0,0,0,0,0,0,0,0,0,0,0,0,0,0.5,0,0.5,0,0,0,0,0,0,0,0,0,0,0,0.5,0,0,0,0,0,0,0,0,0,0,0,0,0,0,0,0,0,0,0,0,0,0,0,0,0,0,0,0,0,0,0,0,0,0,0
Solorina bispora,Solorina bispora Nyl.,Solorina bispora,0,0,0,0,0,0,0,0,0,0,0,0,0,0,0,0,0,0,0,0,0,0,0,0,0,0,0,0,0,0,0,0,0,0,0,0,0,0,0,0,0,0,0,0,0,0,0,0,0,0,0,0,0,1,0.5,0,0.5,0,0,0,0,0,0,0,0
Solorina crocea,Solorina crocea (L.) Ach.,Solorina crocea,0,1,0,0,0,0,1,0,0,1,0,0,0,0,0,0,0,0.5,0.5,0.5,0.5,0.5,0,0.5,0,0,0,0,0,0,0,0,0,0,0,0,0,0,0,1,1,0,0,0,0,0,0,1,1,0,1,0.5,0.5,0,0,0,0,0,0,0,0,0,0,0,0
Sphaerophorus fragilis,Sphaerophorus fragilis (L.) Pers.,Sphaerophorus fragilis,1,0,1,1,0,1,1,1,2,1,0,0,0,0,0,0,0,0,0,0,0,0,0,0.5,0,0,0,0,0,0,0,0,0,0,0,0,0,0,0,0,0,0,0,0,0,0,0,0,0,0,0,0,0,0,0,0,0,0,0,0,0,0,0,0,0
Sphaerophorus globosus,Sphaerophorus globosus (Huds.) Vain.,Sphaerophorus globosus,0,0,0,0,0,0,0,0,0,0,0,0,0,0,0,0,0,0,0,0,0,0,0,0,0,0,0,0,0,0,0,0,0,0,0,0,0,0,0,0,0,0,0,0,0,0,0,0,0,0,1,0,0,0,0,0,0,0,0,0,0,0,0,0,0
Sphenolobus minutus,Sphenolobus minutus (Schreb.) Berggr.,Sphenolobus minutus,0,0,0,0,0,0,0,0,0,0,0,0,0,0,0,0,0,0,0,0.5,0,0.5,0,0,0,0,0,0,0,0.5,0,0,0,0,0,0,0,0,0,0,0,0,0,0,0,0,0,0,0,0,0,0,0,0,0,0,0,0,0,0,0,0,0,0,0
Sporastatia species,Sporastatia species,Sporastatia species,0,0,0,0,0,0,0,0,0,0,0,0,0,0,0,0,0,0,0,0,0,0,0,0,0,0.5,0,0,0,0,0,0,0,0,0,0,0,0,0,0,0,0,0,0,0,0,0,0,0,0,0,0,0,0,0,0,0,0,0,0,0,0,0,0,0
Stereocaulon alpinum,Stereocaulon alpinum Laur.,Stereocaulon alpinum,1,0,0,1,0,0,0,1,0,0,0,0,0,0,0.5,1,0,1,0,0,0,0.5,0.5,0.5,0,1,0,0,0.5,0.5,0,0,0,0,0.5,0,0.5,0.5,0.5,2,2,1,1,1,1,1,1,2,2,0,0,0.5,0,0,0,0,0,0,0,0,0,0,0,0,0
Stereocaulon arcticum,Stereocaulon arcticum Lynge,Stereocaulon arcticum,0,0,0,0,0,0,0,0,0,0,0,0,0,0,0,0,0,0,0,0,0,0,0,0,0,0.5,0,0,0,0,0,0,0,0,0,0,0,0,0,0,0,0,0,0,0,0,0,0,0,0,0,0,0,0,0,0,0,0,0,0,0,0,0,0,0
Stereocaulon condensatum,Stereocaulon condensatum Hoffm.,Stereocaulon condensatum,1,0,0,1,0,0,0,1,0,0,0,0,0,0,0,0,0,0,0,0,0,0,0,0,0,0,0,0,0,0,0,0,0,0,0,0,0,0,0,0,0,0,0,0,0,0,0,0,0,0,0,0,0,0,0,0,0,0,0,0,0,0,0,0,0
Stereocaulon paschale,Stereocaulon paschale (L.) Hoffm.,Stereocaulon paschale,1,0,0,1,0,0,0,1,0,0,0,0,0,0,0,0,0,0,0,0,0,0,0,0,0,0,0,0,0,0,0,0,0,0,0,0,0,0,0,0,0,0,0,0,0,0,0,0,0,0,0,0,0,0,0,0,0,0,0,0,0,0,0,0,0
Stereocaulon rivulorum,Stereocaulon rivulorum H. Magn.,Stereocaulon rivulorum,0,0,0,0,0,0,0,0,0,0,0,0,0,0,0,0,0,0,0,0,0,0,0,1,0,0,0,0,0,0,0,0,0,0.5,0,0,1,0,1,0,0,0,0,0,0,0,0,0,0,0,0,0,0,0,0,0,0,0,0,0,0,0,0,0,0
Stereocaulon species,Stereocaulon species,Stereocaulon species,0,0,0,0,0,0,0,0,0,0,0,1,0.5,0.5,0,0,0,0,0,0,0,0,0,0,0,0,0,0,0,0,0,0,0,0,0,0,0,0,0,0,0,0,0,0,0,0,0,0,0,0,0,0,0,1,2,0.5,0.5,0.5,0,0,0,0,0,0,0
Stereocaulon vesuvianum,Stereocaulon vesuvianum Pers.,Stereocaulon vesuvianum,0,0,0,0,0,0,0,0,0,0,0,0,0,0,0,0,0,0,0,0.5,0,0,0,1,0,0,0,0,0,0,0.5,0,0,0,0,0,0,0,0,0,0,0,0,0,0,0,0,0,0,0,0,0,0,0,0,0,0,0,0,0,0,0,0,0,0
Taraxacum croceum aggregate; Subsection Crocea,"Taraxacum croceum aggregate, Subsection Crocea (M.P. Christ.) A.J. Richards",Taraxacum croceum aggregate; Subsection Crocea,0,0,0,0,0,0,0,0,0,0,0,0,0,0,0,0,0,0,0,0,0,0,0,0,0,0,0,0,0,0,0,0,0,0,0,0,0,0,0,0,0,0,0,0,0,0,0,0,0,0,0,0,0,0,0,0,0.5,0.5,0,0,0,0,0,0,0
Tayloria lingulata,Tayloria lingulata (Dicks.) Lindb.,Tayloria lingulata,0,0,0,0,0,0,0,0,0,0,0,0,0,0,0,0,0,0,0,0,0,0,0,0,0,0,0,0,0,0,0,0,0,0,0,0,0,0,0,0,0,0,0,0,0,0,0,0,0,0,0,0,0,0,0,0,0,0,0,0.5,1,0.5,0,2,0
Tetralophozia setiformis,Tetralophozia setiformis (Steph.) Urmi,Tetralophozia setiformis,0,0,0,0,0,0,0,0,0,0,0,0,0.5,0,0,0,0,0,0,0,0,0,0,0,0,0,0,0,0,0,0,0,0,0,0,0,0,0,0,0,0,0,0,0,0,0,0,0,0,0,0,0,0,0,0,0,0,0,0,0,0,0,0,0,0
Thamnolia vermicularis s. vermicularis,Thamnolia vermicularis s. vermicularis (Sw.) Schaer.,Thamnolia vermicularis s. vermicularis,0,0,1,0,0,0,0,0,0,0,0,0.5,0,0,0,0,0,0,0,0,0,0.5,0,0,0,0,0,0,0.5,0,0.5,0,0.5,0.5,0,0,0,0,0,0,0,0,0,0,0,0,0,0,0,0,1,0.5,0,0,0,0,0,0,0,0,0,0,0,0,0
Timmia austriaca,Timmia austriaca Hedw.,Timmia austriaca,0,0,0,0,0,0,0,0,0,0,0,0,0,0,0,0,0,0,0,0,0,0,0,0,0,0,0,0,0,0,0,0,0,0,0,0,0,0,0,0,0,0,0,0,0,0,0,0,0,0,0,0,0,0,0,0,0.5,0,1,0,0,0,0,0,0
Timmia norvegica v. excurrens,Timmia norvegica v. excurrens (Bryhn) J. E. Zetterst.,Timmia norvegica v. excurrens,0,0,0,0,0,0,0,0,0,0,0,0,0,0,0,0,0,0,0,0,0,0,0,0,0,0,0,0,0,0,0,0,0,0,0,0,0,0,0,0,0,0,0,0,0,0,0,0,0,0,0,0,0,0,0,2,0,0,0,0,0,0,0,0,0
Tofieldia pusilla,Tofieldia pusilla (Michx.) Pers.,Tofieldia pusilla,0,0,0,0,0,0,0,0,0,1,0,0,0,0,0,0,0,0,0,0,0,0,0,0,0,0,0,0,0,0,0,0,0,0,0,0,0,0,0,0,0,0,0,0,0,0,0,0,0,0,0,0,0,0,0,0,0,0,0,0,0,0,0,0,0
Tortella fragilis,Tortella fragilis (Hook. & Wils.) Limpr.,Tortella fragilis,0,0,0,0,0,0,0,0,0,0,0,0,0,0,0,0,0,0,0,0,0,0,0,0,0,0,0,0,0,0,0,0,0,0,0,0,0,0,0,0,0,0,0,0,0,0,0,0,0,0,0,0,0,0,1,1,0,0,0,0,0,0,0,0,0
Trapeliopsis granulosa,Trapeliopsis granulosa (Hoffm.) Lumbsch,Trapeliopsis granulosa,0,0,0,0,0,0,0,0,0,0,0,0,0,0,0,0,0,0,0,0,0,0,0,0,0,0,0.5,0,0,0,0,0,0,0,0,0,0,0,0,0,0,0,0,0,0,0,0,0,0,0,0,0,0,0,0,0,0,0,0,0,0,0,0,0,0
Trichophorum cespitosum [s. cespitosum],Trichophorum cespitosum [s. cespitosum] (L.) Schur,Trichophorum cespitosum [s. cespitosum],0,0,0,0,0,1,0,0,0,0,0,0,0,0,0,0,0,0,0,0,0,0,0,0,0,0,0,0,0,0,0,0,0,0,0,0,0,0,0,0,0,0,0,0,0,0,0,0,0,0,0,0,0,0,0,0,0,0,0,0,0,0,0,0,0
Trisetum spicatum,Trisetum spicatum (L.) K. Richt.,Trisetum spicatum,0,0,0,0,0,0,0,0,0,0,0,0,0,0,0,0,0,0,0,0,0,0,0,0,0,0,0,0.5,0,0.5,0,0.5,0,0,0,0,0,0,0,0,0,0,0,0,0,0,0,0,0,0,0,0,0,0,0.5,0,0.5,0.5,0.5,0,0,0,0,0,0
Tritomaria quinquedentata,Tritomaria quinquedentata (Huds.) H.Buch,Tritomaria quinquedentata,0,0,0,0,0,0,0,0,0,0,0,0,0,0,0,0,0,0,0,0,0,0,0,0,0,0,0,0,0,0,0,0,0,0,0,0,0,0,0,0,0,0,0,0,0,0,0,0,0,0,0,0,0,0,0,0,0.5,0.5,0,0,0,0,0,0,0
Tussilago farfara,Tussilago farfara L.,Tussilago farfara,0,0,0,0,0,0,0,0,0,0,0,0,0,0,0,0,0,0,0,0,0,0,0,0,0.5,0,0,0,0,0,0,0,0,0,0,0,0,0,0,0,0,0,0,0,0,0,0,0,0,0,0,0,0,0,0,0,0,0,0,0,0,0,0,0,0
Umbilicaria cylindrica s. lat.,Umbilicaria cylindrica s. lat. (L.) Del.,Umbilicaria cylindrica s. lat.,0,0,0,0,0,0,0,0,0,0,0,0,0,0,0,0,0,0,0,0,0,0,0,0,0,0.5,0,0,0.5,0,0.5,0,0,0.5,0,0,0,0,0,0,0,0,0,0,0,0,0,0,0,0,0,0,0,0,0,0,0,0,0,0,0,0,0,0,0
Umbilicaria hyperborea,Umbilicaria hyperborea (Ach.) Hoffm.,Umbilicaria hyperborea,1,0,0,0,0,0,0,0,0,0,0,0,0,0,0.5,0,0,0,0,0.5,0,0.5,0,0.5,0,0.5,0,0,0.5,0,0.5,0,0,0.5,0,0,0,0,0,0,0,0,0,0,0,0,0,0,0,0,0,0,0,0,0,0,0,0,0,0,0,0,0,0,0
Umbilicaria proboscidea,Umbilicaria proboscidea (L.) Schrad.,Umbilicaria proboscidea,1,1,1,1,1,1,1,1,1,0,0,0,0,0,0,0,0,0,0,0,0,0,0,0,0,0.5,0,0,0,0,0,0,0,0,0,0,0,0,0,0,0,0,0,0,0,0,0,0,0,0,0,0,0,0,0,0,0,0,0,0,0,0,0,0,0
Umbilicaria torrefacta,Umbilicaria torrefacta (Lightf.) Schrad.,Umbilicaria torrefacta,0,0,0,0,0,0,0,0,0,0,0,0,0,0,0,0,0,0,0,0,0,0,0,0,0,0,0,0,0,0,0,0,0,0,0,0,0,0,0,0,1,0,0,0,0,0,0,0,0,0,0,0,0,0,0,0,0,0,0,0,0,0,0,0,0
Unknown Cyanobacteria,Unknown Cyanobacteria (Nostoc etc.),Unknown Cyanobacteria,0,0,0,0,0,0,0,0,0,0,0,0,0,0,0,0,0,0,0,0,0,0,0,0,0,0,0,0,0,0,0,0,0,0,0,0,0,0,0,0,0,0,0,0,0,0,0,0,0,0,0,0,0,0,0,0,1,1,1,0,0,0,0,0,0
Unknown plant,Unknown plant,Unknown plant,0,0,0,0,0,0,0,0,0,0,0,0,0,0,0,0,0,0,0,0,0,0,0,0,0,0,0,0,0,0,0,0,0,0,0,0,0,0,0,1,1,1,1,1,1,1,1,1,1,1,1,0,0,0,0,1,0,0,0,1,0.5,0.5,0,0.5,1
Vaccinium myrtillus,Vaccinium myrtillus L.,Vaccinium myrtillus,0,0,0,0,0,0,0,0,0,0,0,0,0,0,0,0,0,0,0,0,0,0,0,0,0,0.5,0,0,0,0,0,0,0,0,0,0,0,0,0,0,0,0,0,0,0,0,0,0,0,0,0,0,0,0,0,0,0,0,0,0,0,0,0,0,0
Vaccinium uliginosum,Vaccinium uliginosum L.,Vaccinium uliginosum,0,1,0,1,1,1,1,1,1,1,0.5,0,0,0,0,0.5,0,0.5,1,0,0.5,0,0,0,0,0,0,0,0,0,0,0,0,0,0,0,0,0,0,0,0,0,0,0,0,0,0,0,0,0,0,1,0,0,0,0,0,0,0,0,0,0,0,0,0
Vaccinium vitis-idaea,Vaccinium vitis-idaea L.,Vaccinium vitis-idaea,1,1,1,1,1,0,0,1,1,1,0.5,0,0,0,0,0,0,0.5,0,0.5,0,0.5,0,0,0,0,0,0,0,0.5,0,0,0,0,0,0,0,0,0,0,0,0,0,0,0,0,0,0,0,0,0,0,0,0,0,0,0,0,0,0,0,0,0,0,0
Veronica alpina,Veronica alpina L.,Veronica alpina,0,0,0,0,0,0,0,0,0,0,0,0,0,0,0,0,0,0,0,0,0,0,0,0,0,0,0,0,0,0,0,0,0,0,0,0,0,0,0,0,0,0,0,0,0,0,0,0,0,0,0,0,0,0.5,0.5,0.5,0.5,0.5,0,0,0,0,0,0,0
Warnstorfia exannulata,Warnstorfia exannulata (Schimp.) Loeske,Warnstorfia exannulata,0,0,0,0,0,0,0,0,0,0,0,0,0,0,0,0,0,0,0,0,0,0,0,0,0,0,0,0,0,0,0,0,0,0,0,0,0,0,0,0,0,0,0,0,0,0,0,0,0,0,0,0,0,0,0,0,0,0,0,0,0,0,0,0.5,0
Warnstorfia sarmentosa,Warnstorfia sarmentosa (Wahlenb.) Hedenas,Warnstorfia sarmentosa,0,0,0,0,0,0,0,0,0,0,0,0,0,0,0,0,0,0,0,0,0,0,0,0,0,0,0,0,0,0,0,0,0,0,0,0,0,0,0,0,0,0,0,0,0,0,0,0,0,0,0,0,0,0,0,0,0,0,0,5,0,0.5,0,0,0
