RELEVE_NUMBER,FIELD RELEVE NUMBER,DATE (YEARMONTHDAY),RELEVE AREA (M2),RELEVE SHAPE,COVERSCALE,REPEAT SAMPLED (Y/N),COLLECTION,COLLECTION METHOD,SYNTAXON CODE,SYSTEM FOR PLANT COMMUNITY NAME,PLANT COMMUNITY NAME,AUTHOR CODE,REFERENCE FOR SPECIES DATA,TABLE NUMBER FOR SPECIES DATA,NUMBER OF RELEVE IN TABLE,REFERENCE FOR ENVIRONMENTAL DATA,TABLE NUMBER FOR ENVIRONMENTAL DATA,SUBZONE,COUNTRY CODE,DATASET,REGION,LOCATION,PHYSIOGRAPHIC DIVISION,PHYSIOGRAPHIC REGION SOURCE,GEOREFERENCE (Y/N),GEOREFERENCE SOURCE,GEOREFERENCE ACCURACY (M),LATITUDE WGS 84 (DD),LONGITUDEWGS84'(DD),ALTITUDE (M),SLOPE (DEGREES),ASPECT (DEGREES),TOPOGRAPHIC POSITION,SURFICIAL GEOLOGY,HABITAT TYPE ,SITE MOISTURE,DISTURBANCE,ORGANIC LAYER DEPTH (CM),SOIL TEXTURE  TOP MINERAL HORIZON,SOIL PH (at 10 cm),MOSSES IDENTIFIED (Y/N),LIVERWORTS IDENTIFIED (Y/N),LICHENS IDENTIFIED (Y/N),VASCULAR PLANT TAXONOMIC QUALITY ,CRYPTOGAM TAXONOMIC QUALITY,COVER TREE LAYER (%),COVER SHRUB LAYER (%),COVER TALL SHRUBS (%),COVER LOW SHRUBS (%),COVER ERECT DWARF-SHRUBS (%),COVER PROSTRATE DWARF-SHRUBS (%),COVER GRAMINOIDS (%),COVER TUSSOCK GRAMINOIDS (%),COVER FORBS (%),COVER SEEDLESS VASCULAR PLANTS (%),COVER MOSSES & LIVERWORTS (%),COVER LICHEN LAYER (%),COVER CRUST(%),COVER ALGAE LAYER (%),COVER BARE SOIL (%),COVER BARE ROCK (%),COVER OPEN WATER (%),COVER LITTER LAYER (%),COVER TOTAL (%),MEAN CANOPY HEIGHT (CM),MEAN TREE LAYER HEIGHT (CM),MEAN SHRUB LAYER HEIGHT (CM),MEAN HERB LAYER HEIGHT (CM),MEAN MOSS LAYER HEIGHT (CM),REMARKS
RELEVE_NR,FIELD_NR,DATE,REL_AREA ,SHAPE,COVERSCALE,REPEAT,COLLECT,COLL_METH,SYNTAXON,COMM_SYST,COMM_NAME,AUTHOR,REF_SPE,TABLE_SPP,NR_SPP_TAB,REF_ENV,TABLE_ENV,SUBZONE,COUNTRY,DATASET,REGION,LOCATION,PHYS_DIV,PHYS_SOUR,GEOREF,GEO_SOURC,ACCURACY,LATITUDE,LONGITUDE,ELEVATION,SLOPE,ASPECT,POSITION,SURF_GEOL,HAB_TYPE,SITE_MST,DISTURBAN,ORG_DEPTH,SOIL_TEXT,SOIL_PH,MOSS_IDENT,LIV_IDENT,LICH_IDENT,FLOR_QUAL,CRYP_QUAL,COV_TREES,COV_SHRUBS,COV_TSHRUB,COV_LSHRUB,COV_DSHRUB,COV_PSHRUB,COV_GRAM,COV_TGRAM,COV_FORB,COV_SLVAS,COV_MOSS,COV_LICH,COV_CRUST,COV_ALGAE,COV_SOIL,COV_ROCK,COV_WATER,COV_LITTER,COV_TOTAL,MEAN_HT,TREE_HT,SHRUB_HT,HERB_HT,MOSS_HT,REMARKS
21229,31001,20180707,100,I,0,N,R,,9,FLD_NM,Dwarf shrub (Betula nana)-lichen (Cladonia arbuscula) tundra,MT,,,,,,E,RU,,13,upper reaches ,,,Y,GPS,10,66.893278,65.366722,471,5,315,FOOT,,1.03,MST,NAT,3,LOM,-9,Y,Y,Y,1,1,0,5,0,5,3,6,8,0,8,0,0,50,0,0,2,20,0,0,80,4,-9,10,10,1,"frost boil, mud circles"
21230,31002,20180707,100,I,0,N,R,,9,FLD_NM,Dwarf shrub (Betulanana)-lichen(Cladonia arbuscula) tundra with mosses (Racomitrium lanuginosum ang sedges (Carex arctisibirica),MT,,,,,,E,RU,,13,upper reaches ,,,Y,GPS,10,66.892972,65.366972,472,4,260,FOOT,,1.03,WET,NAT,3,LOM,-9,Y,Y,Y,1,1,0,20,0,20,5,18,29,5,9,0,20,30,0,0,30,5,0,0,95,10,-9,10,10,1,frost boil
21231,31003,20180707,100,I,0,N,R,,,FLD_NM,Dryas-Kobresia tundra with mosses (Racomitrium lanuginosum),MT,,,,,,E,RU,,13,upper reaches ,,,Y,GPS,10,66.892611,65.36725,477,4,290,FOOT,,,MST,NAT,2,LOM,-9,Y,Y,Y,1,1,0,5,0,5,4,13,9,0,13,0,20,20,0,0,0,50,0,0,50,5,-9,10,10,5,"frost boil, mud circles"
21232,31004a,20180707,100,I,0,N,R,,9,FLD_NM,Patterned tundra,MT,,,,,,E,RU,,13,upper reaches ,,,Y,GPS,10,66.892528,65.368611,455,0,-9,FOOT,,1.03,WET,NAT,2,LOM,-9,Y,Y,Y,1,1,0,1,0,1,0,3,6,2,4,0,0,3,0,0,0,85,0,0,15,7,-9,10,5,3,"frost boil, mud circles"
21233,31004b,20180707,100,I,0,N,R,,9,FLD_NM,Dwarf shrub-lichen dominated site within paterned tundra,MT,,,,,,E,RU,,13,upper reaches ,,,Y,GPS,10,66.892528,65.368611,455,0,-9,FOOT,,1.03,WET,NAT,2,LOM,-9,Y,Y,Y,1,1,0,10,0,10,10,15,12,4,3,0,10,25,1,0,0,0,0,0,75,0,-9,10,10,0,"frost boil, mud circles"
21234,31005,20180707,100,I,0,N,R,,10,FLD_NM,"Lichen (Cladonia uncialis, C. mitis) tundra with sedges (Carex rupestris) and Betula nana",MT,,,,,,E,RU,,13,upper reaches ,,,Y,GPS,10,66.893278,65.370639,477,4,290,FOOT,,1.02,MST,NAT,2,LOM,-9,Y,Y,Y,1,1,0,8,0,8,2,5,16,4,10,0,5,65,1,0,0,0,0,0,100,10,-9,10,10,4,"frost boil, mud circles"
21235,31006,20180707,100,I,0,N,R,,9,FLD_NM,Lichen (Cladonia arbuscula)-dwarf shrub (Vaccinium uliginosum) tundra,MT,,,,,,E,RU,,13,upper reaches ,,,Y,GPS,10,66.892139,65.378139,486,8,180,FOOT,,1.03,WET,NAT,6,LOM,-9,Y,Y,Y,1,1,0,3,0,3,20,29,12,5,9,0,5,25,1,0,0,20,0,0,80,10,-9,10,10,4,"frost boil, mud circles"
21236,31007,20180707,100,I,0,N,R,,9,FLD_NM,grassy-lichen tundra on gravel soil,MT,,,,,,E,RU,,13,upper reaches ,,,Y,GPS,10,66.892056,65.379417,494,12,240,BACK,,1.03,MST,NAT,3,LOM,-9,Y,Y,Y,1,1,0,0,0,0,2,4,9,4,11,0,0,5,0,0,0,70,0,0,30,5,-9,0,10,1,"frost boil, mud circles"
21237,31008,20180707,100,I,0,N,R,,9,FLD_NM,Dwarf shrub (Betula nana) dominated tundra with mosses,MT,,,,,,E,RU,,13,upper reaches ,,,Y,GPS,10,66.892389,65.380917,502,13,240,BACK,,1.03,,NAT,0,LOM,-9,Y,Y,Y,1,1,0,20,0,20,2,8,6,2,13,0,12,20,0,0,0,20,0,0,80,10,-9,10,10,4,"frost boil, mud circles"
21238,31009,20180707,100,I,0,N,R,,12,FLD_NM,"Meadow dominated by sedges (Carex capillaris, C. arctisibirica, C. rupestris) with dwarf shrubs and forbs",MT,,,,,,E,RU,,13,upper reaches ,,,Y,GPS,10,66.890583,65.380389,521,13,225,SHLD,,2.01,MST,NAT,7,LOM,-9,Y,Y,Y,1,1,0,2,0,2,6,11,59,6,22,0,1,10,2,0,0,0,0,0,100,15,-9,10,10,4,"frost boil, mud circles"
21239,31010,20180707,100,I,0,N,R,,,FLD_NM,Carex arctisibirica-Deschampsia cespitosa dominated meadow with dwarf shrubs and forbs,MT,,,,,,E,RU,,13,upper reaches ,,,Y,GPS,10,66.889,65.379083,508,15,270,FOOT,,,WET,NAT,1,ORG,-9,Y,Y,Y,1,1,0,2,0,2,3,6,52,13,19,0,0,10,0,0,10,30,0,0,90,10,-9,10,10,3,screes
21240,31011,20180708,100,I,0,N,R,,9,FLD_NM,Racomitrium lanuginosum-dominated tundra with lichens (Cladonia aruscula) and dwarf shrubs,MT,,,,,,E,RU,,13,upper reaches ,,,Y,GPS,10,66.893694,65.366194,485,5,190,FOOT,,1.03,MST,NAT,0,LOM,-9,Y,Y,Y,1,1,0,10,0,10,6,13,8,3,12,0,30,35,0,0,0,0,0,0,100,-9,-9,10,10,-9,
21241,31012,20180708,100,I,0,N,R,,,FLD_NM,"Wet meadow dominated with Betula nana, Carex arctisibirica and dwarf shrubs",MT,,,,,,E,RU,,13,upper reaches ,,,Y,GPS,10,66.895444,65.36575,459,4,210,FOOT,,,WET,NAT,6,LOM,-9,Y,Y,Y,1,1,0,25,0,25,17,39,29,2,15,0,60,5,0,0,0,0,0,0,100,-9,-9,10,15,-9,frost boil
21242,31013,20180708,100,I,0,N,R,,9,FLD_NM,Moss(Racomitrium lanuginosum)-lichen (Cladonia arbuscula) tundra with dwarf shrubs,MT,,,,,,E,RU,,13,upper reaches ,,,Y,GPS,10,66.896083,65.366583,480,5,200,FOOT,,1.03,WET,NAT,2,LOM,-9,Y,Y,Y,1,1,0,10,0,10,3,6,6,1,7,0,50,35,0,0,0,5,0,0,95,-9,-9,10,15,-9,screes
21243,31014,20180708,100,I,0,N,R,,12,FLD_NM,Wet meadow with forbs,MT,,,,,,E,RU,,13,upper reaches ,,,Y,GPS,10,66.895028,65.365611,496,10,220,BACK,,2.01,WET,NAT,8,ORG,-9,Y,Y,Y,1,1,0,0,0,0,3,4,16,7,36,0,0,0,0,0,0,0,0,0,60,-9,-9,10,15,-9,stone river
21244,31015,20180709,100,I,0,N,R,,,FLD_NM,Grassy tundra dominated with Deschampsia borealis,MT,,,,,,E,RU,,13,upper reaches ,,,Y,GPS,10,66.888167,65.37775,469,7,190,FOOT,,,MST,NAT,1,LOM,-9,Y,Y,Y,1,1,0,8,0,8,0,2,41,34,18,0,0,15,0,0,0,30,0,0,70,10,-9,10,10,0,dried-up bottom of a temporary stream
21245,31016,20180709,100,I,0,N,R,,,FLD_NM,Dwarf shrub (Betula nana) - lichen (Cladonia arbuscula) tundra,MT,,,,,,E,RU,,13,upper reaches ,,,Y,GPS,10,66.888806,65.376111,471,5,175,BACK,,,MST,NAT,4,LOM,-9,Y,Y,Y,1,1,0,8,0,8,0,2,15,7,19,0,17,0,0,0,0,4,0,0,60,10,-9,10,10,1,"frost boil, mud circles"
21246,31017,20180709,100,I,0,N,R,,9,FLD_NM,Dwarf shrub (Betula nana) - lichen (Cladonia arbuscula) tundra with grasses and forbs,MT,,,,,,E,RU,,13,upper reaches ,,,Y,GPS,10,66.888417,65.373111,466,7,190,BACK,,1.03,WET,NAT,1,ORG,-9,Y,Y,Y,1,1,0,10,0,10,4,9,19,8,6,0,8,40,2,0,0,10,0,0,90,10,-9,10,10,2,"frost boil, mud circles"
21247,31018,20180709,100,I,0,N,R,,,FLD_NM,Lichen-dominated tundra with dwarf shrubs and sedges,MT,,,,,,E,RU,,13,upper reaches ,,,Y,GPS,10,66.887278,65.3755,462,4,155,BACK,,,MST,NAT,1,LOM,-9,Y,Y,Y,1,1,0,5,0,5,6,11,29,11,11,0,5,20,0,0,0,50,0,0,50,-9,-9,10,10,2,frost boil
21248,31019,20180709,100,I,0,N,R,,9,FLD_NM,Dwarf shrub (Betula nana) - lichen (Cladonia arbuscula) tundra with sedges and grasses,MT,,,,,,E,RU,,13,upper reaches ,,,Y,GPS,10,66.885917,65.374806,437,3,150,BACK,,1.03,MST,NAT,1,CLY,-9,Y,Y,Y,1,1,0,15,0,15,4,9,15,5,18,0,20,25,0,0,0,0,0,0,100,25,-9,20,5,2,
21249,31020,20180709,100,I,0,N,R,,,FLD_NM,Betula nana-Carex melonocarpa community,MT,,,,,,E,RU,,13,upper reaches ,,,Y,GPS,10,66.885694,65.374333,429,30,230,BACK,,,MST,NAT,0,LOM,-9,Y,Y,Y,1,1,0,3,0,3,2,6,4,3,12,0,3,5,0,0,0,65,0,0,35,5,-9,10,5,3,
21250,31021,20180709,100,I,0,N,R,,,FLD_NM,Dwarf shrub (Vaccinum uliginosum) tundra with forbs,MT,,,,,,E,RU,,13,upper reaches ,,,Y,GPS,10,66.883917,65.381694,430,5,195,FOOT,,,MST,NAT,0,LOM,-9,Y,Y,Y,1,1,0,5,0,5,20,24,7,1,22,0,1,5,1,0,0,30,0,0,70,7,-9,10,5,0,"frost boil, mud circles"
21251,31022,20180709,100,I,0,N,R,,,FLD_NM,"Dwarf shrub (Betula nana, Vaccinium uliginosum, Andromeda polifolia) tundra with sedges",MT,,,,,,E,RU,,13,upper reaches ,,,Y,GPS,10,66.883833,65.368222,440,5,220,FOOT,,,MST,NAT,1,LOM,-9,Y,Y,Y,1,1,0,15,0,15,11,26,44,12,16,0,8,10,0,0,0,5,0,0,95,10,-9,10,10,3,"frost boil, mud circles"
21252,31023,20180709,100,I,0,N,R,,,FLD_NM,"Tundra dominated by dwarf shrubs (Vaccinium uliginosum) and sedges (Carex parallela, C. arctisibirica)",MT,,,,,,E,RU,,13,upper reaches ,,,Y,GPS,10,66.883972,65.386611,470,30,230,EL_PLN,,,MST,NAT,0,LOM,-9,Y,Y,Y,1,1,0,2,0,2,10,19,39,17,14,0,2,10,0,0,0,10,0,0,90,10,-9,10,10,3,"frost boil, mud circles"
21253,31024,20180709,100,I,0,N,R,,,FLD_NM,"Dwarf shrub (Andromeda polifolia, Vaccinium uliginosum) tundra with sedges",MT,,,,,,E,RU,,13,upper reaches ,,,Y,GPS,10,66.883417,65.385833,455,15,210,EL_PLN,,,MST,NAT,0,LOM,-9,Y,Y,Y,1,1,0,1,0,1,15,41,27,11,20,0,0,5,0,0,0,15,0,0,85,10,-9,10,10,0,"frost boil, mud circles"
21254,31025,20180710,100,I,0,N,R,,,FLD_NM,"Dwarf shrub-lichen tundra dominated with sedges (Carex arctisibirica, C. parallela)",MT,,,,,,E,RU,,13,upper reaches ,,,Y,GPS,10,66.896694,65.365472,495,13,230,EL_PLN,,,MST,NAT,1,LOM,-9,Y,Y,Y,1,1,0,3,0,3,8,19,29,10,28,0,0,12,0,0,0,30,0,0,70,10,-9,10,10,1,screes
21255,31026,20180710,100,I,0,N,R,,,FLD_NM,"Scree overgrowing with dwarf shrubs, sedges and forbs",MT,,,,,,E,RU,,13,upper reaches ,,,Y,GPS,10,66.896917,65.366167,503,17,210,EL_PLN,,,MST,NAT,0,LOM,-9,Y,Y,Y,1,1,0,0,0,0,2,4,3,2,10,0,0,1,0,0,0,75,0,0,25,10,-9,10,10,0,"screes, frost boil"
21256,31027,20180710,100,I,0,N,R,,,FLD_NM,Sedge (Carex brevifolia) -dominated tundra with dwarf shrubs (Betula nana),MT,,,,,,E,RU,,13,upper reaches ,,,Y,GPS,10,66.897083,65.364972,500,4,210,EL_PLN,,,MST,NAT,2,LOM,-9,Y,Y,Y,1,1,0,15,0,15,5,9,35,15,13,0,0,10,1,15,0,0,0,0,85,7,-9,10,10,2,patches of peat
21257,31028,20180710,100,I,0,N,R,,,FLD_NM,Tundra dominated with Betula nana and Carex arctisibirica,MT,,,,,,E,RU,,13,upper reaches ,,,Y,GPS,10,66.898139,65.361417,478,8,225,EL_PLN,,,MST,NAT,3,ORG,-9,Y,Y,Y,1,1,0,20,0,20,8,17,20,0,11,0,10,25,0,0,0,0,0,5,100,10,-9,10,10,3,mud circles
21258,31029,20180710,100,I,0,N,R,,,FLD_NM,Patterned tundra dominated with mosses (Racomitrium lanuginosum) and Lichens (Cladonia arbuscula),MT,,,,,,E,RU,,13,upper reaches ,,,Y,GPS,10,66.899389,65.357333,483,5,360,BACK,,,MST,NAT,10,LOM,-9,Y,Y,Y,1,1,0,5,0,5,6,9,8,1,9,0,35,35,4,0,0,0,0,0,100,7,-9,10,10,4,"frost boil, mud circles"
21259,31030,20180710,100,I,0,N,R,,,FLD_NM,Sedge (Carex arctisibirica) dominated meadow with forbs,MT,,,,,,E,RU,,13,upper reaches ,,,Y,GPS,10,66.901028,65.358472,506,3,190,EL_PLN,,,MST,NAT,2,LOM,-9,Y,Y,Y,1,1,0,5,0,5,2,4,19,5,57,0,5,5,0,0,15,5,0,0,95,10,-9,10,10,0,
21260,31031,20180710,100,I,0,N,R,,,FLD_NM,Dwarf shrub (Betula nana< Vaccinium uliginosum) tundra with sedges (Carex arctisibirica),MT,,,,,,E,RU,,13,upper reaches ,,,Y,GPS,10,66.901833,65.357472,507,5,230,EL_PLN,,,MST,NAT,2,LOM,-9,Y,Y,Y,1,1,0,20,0,20,10,13,27,2,14,0,7,20,0,0,40,0,0,0,100,10,-9,10,10,0,
21261,31032,20180710,100,I,0,N,R,,,FLD_NM,Lichen tundra on gravel,MT,,,,,,E,RU,,13,upper reaches ,,,Y,GPS,10,66.901861,65.35375,494,3,50,SHLD,,,MST,NAT,2,LOM,-9,Y,Y,Y,1,1,0,3,0,3,3,4,11,5,18,0,2,45,2,0,0,40,0,0,60,5,-9,10,10,3,"frost boil, mud circles"
21262,31033,20180710,100,I,0,N,R,,9,FLD_NM,Tundra community with Racomitrium lanuginosum on gravelly soli,MT,,,,,,E,RU,,13,upper reaches ,,,Y,GPS,10,66.902167,65.352917,499,2,200,CRST,,1.03,MST,NAT,10,LOM,-9,Y,Y,Y,1,1,0,0,0,0,1,9,9,0,11,0,25,10,0,0,0,50,0,0,50,5,-9,10,10,4,"frost boil, mud circles"
21263,31034,20180710,100,I,0,N,R,,,FLD_NM,Dwarf shrub tundra dominated with Racomitrium lanuginosum,MT,,,,,,E,RU,,13,upper reaches ,,,Y,GPS,10,66.9025,65.352583,496,5,190,BACK,,,MST,NAT,7,LOM,-9,Y,Y,Y,1,1,0,10,0,10,4,10,11,0,4,0,60,30,0,0,0,0,0,0,100,5,-9,10,10,5,"frost boil, mud circles"
21264,31035,20180711,100,I,0,N,R,,,FLD_NM,"Sedge (Carex arctisibirica) tundra community with Lichens (Cladonia arbuscula) and mosses (Aulacomnium turgidum, Limprichtia revolvens, Hylocomium splendens)",MT,,,,,,E,RU,,13,upper reaches ,,,Y,GPS,10,66.902194,65.3515,494,1,235,BACK,,,AQU,NAT,7,ORG,-9,Y,Y,Y,1,1,0,5,0,5,6,17,26,0,7,0,60,30,0,0,0,0,0,0,100,10,-9,10,10,7,"frost boil, mud circles"
21265,31036,20180711,100,I,0,N,R,,,FLD_NM,"Grassy tundra with sedges (Carex arctisibirica), mosses (Racomitrium lanuginosum) and lichens (Cladonia arbuscula)",MT,,,,,,E,RU,,13,upper reaches ,,,Y,GPS,10,66.90225,65.351278,496,3,260,BACK,,,MST,NAT,7,LOM,-9,Y,Y,Y,1,1,0,8,0,8,5,5,15,4,9,0,55,40,1,0,0,0,0,0,100,10,-9,10,10,5,"frost boil, mud circles"
21266,31037,20180711,100,I,0,N,R,,,FLD_NM,Dryas community with Racomitrium lanuginosum on gravelly soil,MT,,,,,,E,RU,,13,upper reaches ,,,Y,GPS,10,66.902778,65.352333,496,25,290,BACK,,,MST,NAT,0,LOM,-9,Y,Y,Y,1,1,0,0,0,0,0,6,8,3,12,0,10,15,0,0,0,50,0,0,50,3,-9,0,10,2,"frost boil, mud circles"
21267,31038,20180711,100,I,0,N,R,,,FLD_NM,Dwarf shrub tundra with Aulacomnium turgidum,MT,,,,,,E,RU,,13,upper reaches ,,,Y,GPS,10,66.9035,65.353389,503,2,310,BACK,,,WET,NAT,7,ORG,-9,Y,Y,Y,1,1,0,10,0,10,3,6,14,2,8,0,60,30,0,0,0,0,0,0,100,5,-9,10,10,7,patches of peat
21268,31039,20180711,100,I,0,N,R,,,FLD_NM,Grassy tundra with sedges (Carex arctisibirica) and Bistorta major,MT,,,,,,E,RU,,13,upper reaches ,,,Y,GPS,10,66.903833,65.3555,511,8,230,EL_PLN,,,MST,NAT,5,LOM,-9,Y,Y,Y,1,1,0,8,0,8,3,8,24,4,25,0,10,15,1,0,0,0,0,0,100,15,-9,10,10,2,frost boil
21269,31040,20180711,100,I,0,N,R,,,FLD_NM,Grassy tundra with dwarf shrubs dominated with Racomitrium lanuginosum,MT,,,,,,E,RU,,13,upper reaches ,,,Y,GPS,10,66.904222,65.356167,522,10,250,BACK,,,MST,NAT,7,LOM,-9,Y,Y,Y,1,1,0,0,0,0,4,9,13,3,6,0,35,20,1,0,15,20,0,0,80,5,-9,10,10,5,"frost boil, mud circles"
21270,31041,20180711,100,I,0,N,R,,,FLD_NM,Patterned tundra with Dryas and forbs,MT,,,,,,E,RU,,13,upper reaches ,,,Y,GPS,10,66.905056,65.3535,510,5,240,CRST,,,MST,NAT,2,LOM,-9,Y,Y,Y,1,1,0,0,0,0,0,19,9,0,9,0,8,8,0,0,0,50,0,0,50,5,-9,10,10,4,"frost boil, mud circles"
21271,31042,20180711,100,I,0,N,R,,,FLD_NM,"Wet meadow with Deschapmsia brevifolia, Carex arctisibirica and Festuca rubra s. arctica",MT,,,,,,E,RU,,13,upper reaches ,,,Y,GPS,10,66.906,65.349611,505,1,340,RIPZN,,,WET,NAT,2,ORG,-9,Y,Y,Y,1,1,0,10,0,10,4,15,33,15,10,0,3,3,0,0,0,25,0,0,75,7,-9,10,10,1,patches of peat
21272,31043,20180711,100,I,0,N,R,,,FLD_NM,Moss (Racomitrium lanuginosum) - lichen (Cladonia arbuscula) tundra with dwarf shrubs on gravelly soils,MT,,,,,,E,RU,,13,upper reaches ,,,Y,GPS,10,66.906083,65.349194,509,30,30,BACK,,,MST,NAT,10,LOM,-9,Y,Y,Y,1,1,0,3,0,3,4,6,9,1,3,0,40,35,0,0,0,0,0,0,100,5,-9,10,10,4,"frost boil, mud circles"
21273,31044,20180711,100,I,0,N,R,,,FLD_NM,"Wet meadow dominated by Eriophorum vaginatum with sedges (Carex saxatilis, C. arctisibirica) and mosses (Campyloum polygamum, Limprichtia revolvens)",MT,,,,,,E,RU,,13,upper reaches ,,,Y,GPS,10,66.905583,65.348333,505,0,-1,RIPZN,,,WET,NAT,0,ORG,-9,Y,Y,Y,1,1,0,5,0,5,0,6,66,35,7,0,25,5,0,0,0,0,0,0,100,10,-9,10,10,2,patches of peat
21274,31045,20180712,100,I,0,N,R,,,FLD_NM,"Wet meadow with Eriophorum polystachion, E. vaginatum, Carex concolor and mosses (Pryum pseudotriquetrum, Limprichtia revolvens and Meesia uliginosa)",MT,,,,,,E,RU,,13,upper reaches ,,,Y,GPS,10,66.895194,65.356417,472,1,20,RIPZN,,,AQU,NAT,3,LOM,-9,Y,Y,Y,1,1,0,10,0,10,2,11,59,10,3,0,40,0,0,0,0,0,10,30,100,25,-9,10,15,3,"frost boil, mud circles"
21275,31046,20180712,100,I,0,N,R,,,FLD_NM,"Lichen tundra (Cladonia arbuscula, C. uncialis) with dwarf shrubs and herbs",MT,,,,,,E,RU,,13,upper reaches ,,,Y,GPS,10,66.894917,65.356278,479,2,35,EL_PLN,,,WET,NAT,4,GRV,-9,Y,Y,Y,1,1,0,8,0,8,4,9,9,2,10,0,5,60,0,0,0,20,0,0,80,10,-9,10,10,3,"frost boil, mud circles, stone strings"
21276,31047,20180712,100,I,0,N,R,,,FLD_NM,Dwarf shrub (Betula nana) -lichen (Cladonia arbuscula) tundra on gravelly soils,MT,,,,,,E,RU,,13,upper reaches ,,,Y,GPS,10,66.893528,65.355694,479,7,25,BACK,,,MST,NAT,2,LOM,-9,Y,Y,Y,1,1,0,10,0,10,2,12,10,3,8,0,5,35,0,5,0,40,0,0,60,7,-9,10,10,3,"Stone strings, polygons"
21277,31048,20180712,100,I,0,N,R,,,FLD_NM,"Lichen tundra (Cetraria islandica, Cladonia arbuscula) on gravelly soil",MT,,,,,,E,RU,,13,upper reaches ,,,Y,GPS,10,66.892972,65.357028,476,5,25,BACK,,,MST,NAT,-9,GRV,-9,Y,Y,Y,1,1,0,5,0,5,3,8,11,2,6,0,3,50,1,0,0,25,0,0,75,5,-9,10,10,3,"Stone strings, polygons, mud circles"
21278,31049,20180712,100,I,0,N,R,,,FLD_NM,Patterned grassy tundra with Racomitrium lanuginosum,MT,,,,,,E,RU,,13,upper reaches ,,,Y,GPS,10,66.892389,65.353528,491,3,40,EL_PLN,,,MST,NAT,3,GRV,-9,Y,Y,Y,1,1,0,5,0,5,3,10,5,0,5,0,30,20,0,0,0,15,0,0,60,10,-9,10,10,4,"frost boil, mud circles, stone strings"
21279,31050,20180712,100,I,0,N,R,,,FLD_NM,"Wet meadow with Eriophorum vaginatum, E. polystachion, sedges (carex concolor, C. saxatilis) and limprichtia revolvens",MT,,,,,,E,RU,,13,upper reaches ,,,Y,GPS,10,66.892778,65.353194,492,3,330,EL_PLN,,,AQU,NAT,20,ORG,-9,Y,Y,Y,1,1,0,5,0,5,0,4,59,20,7,0,20,5,0,0,0,0,0,0,100,15,-9,10,15,2,
21280,31051,20180712,100,I,0,N,R,,,FLD_NM,Dwarf shrub-lichen tundra with herbs on gravelly soils,MT,,,,,,E,RU,,13,upper reaches ,,,Y,GPS,10,66.891278,65.355417,490,6,40,BACK,,,MST,NAT,2,ORG,-9,Y,Y,Y,1,1,0,1,0,1,4,14,19,3,11,0,5,20,1,20,0,35,0,0,65,10,-9,10,10,2,"frost boil, mud circles"
21281,31052,20180712,100,I,0,N,R,,,FLD_NM,"Sedge meadow with forbs and dwarf shrubs (Salix arctica, S.pulchra)",MT,,,,,,E,RU,,13,upper reaches ,,,Y,GPS,10,66.890806,65.353972,506,5,330,BACK,,,MST,NAT,2,ORG,-9,Y,Y,Y,1,1,0,1,0,1,0,4,27,3,13,0,20,7,0,0,0,0,0,0,70,10,-9,10,10,2,"frost boil, mud circles"
21282,31053,20180712,100,I,0,N,R,,,FLD_NM,Fragments of Dryas-tundra with lichen on small terraces,MT,,,,,,E,RU,,13,upper reaches ,,,Y,GPS,10,66.889889,65.352694,518,13,30,BACK,,,MST,NAT,0,LOM,-9,Y,Y,Y,1,1,0,0,0,0,0,7,4,1,5,0,5,5,1,0,0,80,0,0,20,7,-9,10,10,2,"frost boil, mud circles, solifluction"
21283,31054,20180712,100,I,0,N,R,,,FLD_NM,Meadow with forbs and dwarf shrubs on gravelly soils,MT,,,,,,E,RU,,13,upper reaches ,,,Y,GPS,10,66.889361,65.352167,522,8,70,BACK,,,MST,NAT,2,LOM,-9,Y,Y,Y,1,1,0,5,0,5,3,8,15,3,11,0,5,15,0,0,0,35,0,0,65,7,-9,10,10,2,"frost boil, mud circles"
21284,31055,20180713,100,I,0,N,R,,,FLD_NM,Small meadow dominated with sedges (Carex arctisibirica),MT,,,,,,E,RU,,13,upper reaches ,,,Y,GPS,10,66.888,65.317917,823,2,95,EL_PLN,,,MST,NAT,0,LOM,-9,Y,Y,Y,1,1,0,3,0,3,0,0,16,2,14,0,3,10,1,20,0,55,0,0,45,10,-9,10,10,2,"frost boil, stone strings, polygons"
21285,31056,20180713,100,I,0,N,R,,,FLD_NM,"Grassy tundra with sedges (Carex arctisibirica), dwarf shrubs (Salix pulchra) and lichens",MT,,,,,,E,RU,,13,upper reaches ,,,Y,GPS,10,66.886917,65.320139,817,2,90,EL_PLN,,,MST,NAT,3,LOM,-9,Y,Y,Y,1,1,0,0,0,0,0,0,20,2,15,0,2,10,0,15,0,50,0,0,50,7,-9,0,10,3,"frost boil, stone strings, polygons, mud circles"
21286,31057,20180713,100,I,0,N,R,,,FLD_NM,Pattetned tundra wuth sedges (Carex arctisibirica) and lichens (Cetraria islandica),MT,,,,,,E,RU,,13,upper reaches ,,,Y,GPS,10,66.884806,65.323528,798,2,140,EL_PLN,,,MST,NAT,2,CLY,-9,Y,Y,Y,1,1,0,0,0,0,0,3,14,3,7,0,3,16,1,7,0,65,0,0,35,10,-9,0,10,2,"frost boil, stone strings, polygons, mud circles"
21287,31058,20180713,100,I,0,N,R,,,FLD_NM,"Carex arctisibirica - dominated tundra with dwarf shrubs (Salix glauca, S. arctica) and forbs",MT,,,,,,E,RU,,13,upper reaches ,,,Y,GPS,10,66.883167,65.324722,782,6,220,EL_PLN,,,MST,NAT,2,ORG,-9,Y,Y,Y,1,1,0,0,0,0,0,5,19,4,12,0,5,2,0,15,0,45,0,0,55,10,-9,0,10,2,"frost boil, mud circles"
21288,31059,20180713,100,I,0,N,R,,,FLD_NM,Small meadow dominated with Carex arctisibirica,MT,,,,,,E,RU,,13,upper reaches ,,,Y,GPS,10,66.882722,65.327222,770,4,70,EL_PLN,,,MST,NAT,2,LOM,-9,Y,Y,Y,1,1,0,0,0,0,0,2,13,1,18,0,0,5,0,8,0,60,0,0,40,10,-9,0,10,0,"frost boil, mud circles"
21289,31060,20180713,100,I,0,N,R,,,FLD_NM,Small meadow dominated with Carex arctisibirica,MT,,,,,,E,RU,,13,upper reaches ,,,Y,GPS,10,66.88275,65.332722,730,8,70,EL_PLN,,,MST,NAT,1,LOM,-9,Y,Y,Y,1,1,0,0,0,0,0,2,10,1,6,0,15,1,0,5,0,60,0,0,40,-9,-9,0,10,-9,"frost boil, mud circles"
21290,31061,20180713,100,I,0,N,R,,,FLD_NM,Sedge (Carex arctisibirica)meadow with forbs,MT,,,,,,E,RU,,13,upper reaches ,,,Y,GPS,10,66.882778,65.340667,681,7,60,SHLD,,,MST,NAT,1,LOM,-9,Y,Y,Y,1,1,0,0,0,0,2,5,32,2,5,0,5,10,0,5,0,40,0,0,60,15,-9,10,10,1,
21291,31062,20180713,100,I,0,N,R,,,FLD_NM,Grassy tundra with lichens (Cladonia arbuscula) and Racomitrum lanuginosum,MT,,,,,,E,RU,,13,upper reaches ,,,Y,GPS,10,66.883194,65.342917,665,6,40,EL_PLN,,,MST,NAT,2,LOM,-9,Y,Y,Y,1,1,0,5,0,5,8,10,7,2,6,0,20,35,0,0,0,30,0,0,70,15,-9,10,10,3,"frost boil, mud circles"
21292,31063,20180713,100,I,0,N,R,,,FLD_NM,Meadow dominated with sedges (Carex arctisibirica) and grasses (Deschampsia brevifolia),MT,,,,,,E,RU,,13,upper reaches ,,,Y,GPS,10,66.884611,65.345556,654,8,50,EL_PLN,,,MST,NAT,2,LOM,-9,Y,Y,Y,1,1,0,0,0,0,6,8,42,15,6,0,20,20,0,0,0,0,0,0,100,15,-9,0,10,3,
21293,31064,20180713,100,I,0,N,R,,,FLD_NM,Grassy tundra with lichens and Dryas octopetala,MT,,,,,,E,RU,,13,upper reaches ,,,Y,GPS,10,66.888167,65.353889,519,23,30,BACK,,,MST,NAT,2,LOM,-9,Y,Y,Y,1,1,0,5,0,5,3,8,10,1,13,0,5,10,0,7,0,0,0,0,50,10,-9,10,10,3,"frost boil, mud circles"
21294,31065,20180714,100,I,0,N,R,,,FLD_NM,Dwarf shrub (Betula nana) - lichen (Cladonia arbuscula) tundra on gravelly soils,MT,,,,,,E,RU,,13,upper reaches ,,,Y,GPS,10,66.895472,65.359222,508,4,40,BACK,,,MST,NAT,5,LOM,-9,Y,Y,Y,1,1,0,12,0,12,3,3,11,2,7,0,0,45,1,0,0,30,0,0,70,10,-9,10,10,2,"frost boil, mud circles"
21295,31066,20180714,100,I,0,N,R,,,FLD_NM,Sedge (Carex arctisibirica) meadow with lichens and forbs,MT,,,,,,E,RU,,13,upper reaches ,,,Y,GPS,10,66.895472,65.356472,478,1,75,SHLD,,,MST,NAT,0,LOM,-9,Y,Y,Y,1,1,0,3,0,3,1,2,23,5,11,0,5,8,1,7,0,55,0,0,45,10,-9,10,10,2,"frost boil, polygons, stone strings"
21296,31067,20180714,100,I,0,N,R,,,FLD_NM,"Lichen (Cetraria islandica, Cladonia arbuscula) tundra with lichens and forbs",MT,,,,,,E,RU,,13,upper reaches ,,,Y,GPS,10,66.8965,65.356111,486,2,100,CRST,,,MST,NAT,4,CLY,-9,Y,Y,Y,1,1,0,6,0,6,3,6,17,8,10,0,15,45,0,0,0,0,0,0,100,10,-9,10,10,2,"frost boil, mud circles, patches of peat"
21297,31068,20180714,100,I,0,N,R,,,FLD_NM,Wet meadow dominated with tussok cottongrass,MT,,,,,,E,RU,,13,upper reaches ,,,Y,GPS,10,66.897,65.352833,476,0,-1,EL_PLN,,,MST,NAT,2,LOM,-9,Y,Y,Y,1,1,0,8,0,8,0,2,57,55,13,0,20,10,0,0,0,0,0,20,100,20,-9,10,10,10,
21298,31069,20180714,100,I,0,N,R,,,FLD_NM,Grassy tundra with sedges (Carex arctisibirica) and lichens,MT,,,,,,E,RU,,13,upper reaches ,,,Y,GPS,10,66.89775,65.352694,480,0,-1,EL_PLN,,,MST,NAT,2,LOM,-9,Y,Y,Y,1,1,0,5,0,5,6,8,17,3,6,0,10,20,0,0,0,30,0,0,70,10,-9,10,10,2,
21299,31070,20180714,100,I,0,N,R,,,FLD_NM,Racomitrium lanuginosum -dominated tundra with dwarf shrubs and lichens,MT,,,,,,E,RU,,13,upper reaches ,,,Y,GPS,10,66.898111,65.355167,481,2,340,EL_PLN,,,DRY,NAT,6,CLY,-9,Y,Y,Y,1,1,0,5,0,5,5,7,7,2,8,0,50,20,0,3,0,10,0,0,90,10,-9,10,10,3,"frost boil, mud circles"
21300,31071,20180714,100,I,0,N,R,,,FLD_NM,Sedge (Carex arctisibirica) with dwarf shrubs and forbs,MT,,,,,,E,RU,,13,upper reaches ,,,Y,GPS,10,66.898944,65.352139,481,1,210,EL_PLN,,,MST,NAT,1,ORG,-9,Y,Y,Y,1,1,0,5,0,5,12,15,30,9,8,0,0,12,0,3,0,25,0,0,75,10,-9,10,10,1,
21301,31072,20180714,100,I,0,N,R,,,FLD_NM,"Grassy tundra with sedges (Carex arctisibirica), lichens (Cladonia arbuscula, C. mitis), shrubs and dwarf shrubs",MT,,,,,,E,RU,,13,upper reaches ,,,Y,GPS,10,66.898722,65.346667,510,17,35,BACK,,,MST,NAT,3,LOM,-9,Y,Y,Y,1,1,0,5,0,5,6,8,15,0,8,0,25,50,1,0,0,25,0,0,100,10,-9,10,12,2,"frost boil, mud circles"
21302,31073,20180714,100,I,0,N,R,,,FLD_NM,Grassy tundra with dwarf shrubs on gravelly soils,MT,,,,,,E,RU,,13,upper reaches ,,,Y,GPS,10,66.8985,65.3455,518,3,40,EL_PLN,,,MST,NAT,3,ORG,-9,Y,Y,Y,1,1,0,2,0,2,0,3,12,1,13,0,5,15,0,0,0,50,0,0,50,7,-9,10,10,3,
21303,31074,20180714,100,I,0,N,R,,,FLD_NM,Sedge (Carex arctisibirica) meadow with dwarf shrubs and forbs,MT,,,,,,E,RU,,13,upper reaches ,,,Y,GPS,10,66.897694,65.345111,523,5,20,EL_PLN,,,WET,NAT,2,LOM,-9,Y,Y,Y,1,1,0,5,0,5,5,12,42,2,7,0,5,5,0,0,0,35,0,0,65,15,-9,10,10,2,"frost boil, mud circles"
