Supporting Information Appendix S4. Eurasia Arctic Transect species cover-abundance data.  ,,,,,,,,,,,,,,,,,,,,,,,,,,,,,,,,,,,,,,,,,,,,,,,,,,,,,,,,,,,,,,,,,,,,,,,,,,,,,,,,,
"Nomenclature for vascular plants follows the PanArctic Species List (Raynolds et al. 2013, CAFF Proceedings Series Report Nr. 10), which is a compiliation that includes the  checklist for the vascular plants: Elven et al. 2007: Checklist of the Panarctic Flora (PAF).  -Draft. University of Oslo. ",,,,,,,,,,,,,,,,,,,,,,,,,,,,,,,,,,,,,,,,,,,,,,,,,,,,,,,,,,,,,,,,,,,,,,,,,,,,,,,,,
Lichens followed H. Kristinsson & M. Zhurbenko 2006: Panarctic lichen checklist (http://archive.arcticportal.org/276/01/Panarctic_lichen_checklist.pdf). ,,,,,,,,,,,,,,,,,,,,,,,,,,,,,,,,,,,,,,,,,,,,,,,,,,,,,,,,,,,,,,,,,,,,,,,,,,,,,,,,,
"Mosses followed M.S. Ignatov, O.M. Afonina & E.A. Ignatova 2006: Check-list of mosses of East Europe and North Asia. Arctoa 15: 1-130.",,,,,,,,,,,,,,,,,,,,,,,,,,,,,,,,,,,,,,,,,,,,,,,,,,,,,,,,,,,,,,,,,,,,,,,,,,,,,,,,,
Liverworts followed N.A. Konstantinova & A.D. Potemkin 1996: Liverworts of Russian Arctic: an annotated check-list and bibliography. Arctoa 6: 125-150. ,,,,,,,,,,,,,,,,,,,,,,,,,,,,,,,,,,,,,,,,,,,,,,,,,,,,,,,,,,,,,,,,,,,,,,,,,,,,,,,,,
"Cover-abundance scores: r = rare, + = <0.1% cover, 1 = 1-5%, 2 = 6-25%, 3 = 26-50% 4 = 51-75%, 5 = 76-100%.",,,,,,,,,,,,,,,,,,,,,,,,,,,,,,,,,,,,,,,,,,,,,,,,,,,,,,,,,,,,,,,,,,,,,,,,,,,,,,,,,
Key to Plant Growth Form Codes is at the bottom of the table.,,,,,,,,,,,,,,,,,,,,,,,,,,,,,,,,,,,,,,,,,,,,,,,,,,,,,,,,,,,,,,,,,,,,,,,,,,,,,,,,,
aava_eat_dwalker_2011_spp_modsrc.xlsx,,,,,,,,,,,,,,,,,,,,,,,,,,,,,,,,,,,,,,,,,,,,,,,,,,,,,,,,,,,,,,,,,,,,,,,,,,,,,,,,,
Dataset Title: Eurasia Arctic Transect,,,,,,,,,,,,,,,,,,,,,,,,,,,,,,,,,,,,,,,,,,,,,,,,,,,,,,,,,,,,,,,,,,,,,,,,,,,,,,,,,
Dataset Author: Donald A. (Skip) Walker,,,,,,,,,,,,,,,,,,,,,,,,,,,,,,,,,,,,,,,,,,,,,,,,,,,,,,,,,,,,,,,,,,,,,,,,,,,,,,,,,
"Dataset Reference: Walker, D.A., Epstein, H.E., Šibík, J., Bhatt, U., Romanovsky, V.E., Breen, A.L., … Forbes, B.C. (2019). Vegetation on mesic loamy and sandy soils along a 1700?km maritime Eurasia Arctic Transect. Applied Vegetation Science, 22(1), 150–167.",,,,,,,,,,,,,,,,,,,,,,,,,,,,,,,,,,,,,,,,,,,,,,,,,,,,,,,,,,,,,,,,,,,,,,,,,,,,,,,,,
Dataset Table: Modified Species Cover Data for the Eurasia Arctic Transect,,,,,,,,,,,,,,,,,,,,,,,,,,,,,,,,,,,,,,,,,,,,,,,,,,,,,,,,,,,,,,,,,,,,,,,,,,,,,,,,,
"Dataset Notes: This is the modified dataset standardized for entry into Turboveg. Original field data are in Table 11 Walker et al. (2011). Species cover classes are the old Braun-Blanquet cover-abundance scale ( r (rare), + (common, but less than 1 percent), 1 (1 to 5 percent), 2  ( 6 to 25 percent), 3 (25 to 50 percent), 4 (51 to 75 percent), and 5 (76 to 100 percent). Taxa are listed in alphabetical order. Both the Panarctic Species List (PASL) and dataset author's determinations are listed. In two instances, taxa were lumped into a single taxon in the PASL: 1) Dicranum spadiceum (Dicranum spadiceum and Dicranum laevidens) and, 2) Unknown moss = in orig. Hypnum holmenii (Hypnum holmenii and Stereodon holmenii). See readme in the metadata folder for further information about these data.",,,,,,,,,,,,,,,,,,,,,,,,,,,,,,,,,,,,,,,,,,,,,,,,,,,,,,,,,,,,,,,,,,,,,,,,,,,,,,,,,
,,,,,,,,,,,,,,,,,,,,,,,,,,,,,,,,,,,,,,,,,,,,,,,,,,,,,,,,,,,,,,,,,,,,,,,,,,,,,,,,,
,,AUTHOR PLOT NUMBER,ND_RV_01,ND_RV_02,ND_RV_03,ND_RV_04,ND_RV_05,ND_RV_06,ND_RV_07,ND_RV_08,ND_RV_09,ND_RV_10,ND_RV_11,ND_RV_12,ND_RV_13,ND_RV_14,LA_RV_15,LA_RV_16,LA_RV_17,LA_RV_18,LA_RV_19,LA_RV_20,LA_RV_21,LA_RV_22,LA_RV_23,LA_RV_24,VD_RV_25,VD_RV_26,VD_RV_27,VD_RV_28,VD_RV_29,VD_RV_30,VD_RV_31,VD_RV_32,VD_RV_33,VD_RV_34,VD_RV_35,VD_RV_36,VD_RV_37,VD_RV_38,VD_RV_39,KH_RV_40,KH_RV_41,KH_RV_42,KH_RV_43,KH_RV_44,KH_RV_45,KH_RV_46,KH_RV_47,KH_RV_48,KH_RV_49,BO_RV_49a,BO_RV_49b,BO_RV_50a,BO_RV_50b,BO_RV_51a,BO_RV_51b,BO_RV_52a,BO_RV_52b,BO_RV_53a,BO_RV_53b,BO_RV_54a,BO_RV_54b,BO_RV_55a,BO_RV_55b,BO_RV_56a,BO_RV_56b,BO_RV_57a,BO_RV_57b,BO_RV_58a,BO_RV_58b,KR_RV_60,KR_RV_61,KR_RV_62,KR_RV_63,KR_RV_64,KR_RV_65,KR_RV_66,KR_RV_67,KR_RV_68,KR_RV_69
,,TURBOVEG PLOT NUMBER,20001,20002,20003,20004,20005,20006,20007,20008,20009,20010,20011,20012,20013,20014,20015,20016,20017,20018,20019,20020,20021,20022,20023,20024,20025,20026,20027,20028,20029,20030,20031,20032,20033,20034,20035,20036,20037,20038,20039,20040,20041,20042,20043,20044,20045,20046,20047,20048,20049,20050,20051,20052,20053,20054,20055,20056,20057,20058,20059,20060,20061,20062,20063,20064,20065,20066,20067,20068,20069,20070,20071,20072,20073,20074,20075,20076,20077,20078,20079
PASL TAXON SCIENTIFIC NAME NO AUTHOR(S),,PASL TAXON SCIENTIFIC NAME WITH AUTHOR(S),,,,,,,,,,,,,,,,,,,,,,,,,,,,,,,,,,,,,,,,,,,,,,,,,,,,,,,,,,,,,,,,,,,,,,,,,,,,,,,
Alectoria ochroleuca,30300,Alectoria ochroleuca (Hoffm.) Massal.,0,0,0,0,0,0,0,0,0,0,0,0,0,0,0,0,0,0,0,0,+,+,+,0,0,0,0,0,0,+, ,0,0,+,+,+,+,+,+,0,0,0,0,0,+,+,+,+,+,0,0,0,0,0,0,0,0,0,0,0,+,+,0,+,+,0,+,0,+,0,0,0,0,0,0,0,0,0,0
Alopecurus alpinus,50200,Alopecurus  borealis Trin.,0,0,0,0,0,0,0,0,0,0,0,0,0,0,0,0,0,0,0,0,0,0,0,0,1,1,1,+,1,+,0,+,0,0,0,0,0,0,0,0,0,0,0,0,+,+,1,1,1,0,0,0,0,0,0,0,0,0,0,0,0,0,0,0,0,0,0,0,0,0,0,0,0,0,0,0,0,0,0
Andromeda polifolia,70101,Andromeda polifolia L.,0,0,0,0,0,1,+,0,r,r,1,r,+,+,0,0,0,0,0,0,0,+,0,0,0,0,0,0,0,0,0,0,0,0,0,0,0,0,0,0,0,0,0,0,0,0,0,0,0,0,0,0,0,0,0,0,0,0,0,0,0,0,0,0,0,0,0,0,0,0,0,0,0,0,0,0,0,0,0
Anthelia juratzkana,20100,Anthelia juratzkana (Limpr.) Trevis.,0,0,0,0,0,0,0,0,0,0,0,0,0,0,0,0,0,0,0,0,0,0,0,0,0,0,0,0,0,0,0,0,0,0,0,0,0,0,0,0,0,0,0,0,0,0,0,0,0,1,0,+,0,+,0,+,0,+,0,0,0,0,0,0,0,0,0,0,0,0,0,0,0,0,0,+,+,+,0
Aplodon wormskjoldii,10100,Aplodon wormskjoldii (Hornemann) R. Br.,0,0,0,0,0,0,0,0,0,0,0,0,0,0,0,0,0,0,0,0,0,0,0,0,0,0,0,0,0,0,0,0,0,0,0,0,0,0,0,0,r,0,0,0,0,0,0,0,0,0,0,0,0,0,0,0,0,0,0,0,0,0,0,0,0,0,0,0,0,0,0,0,0,0,0,0,0,0,0
Arctagrostis latifolia,50200,Arctagrostis latifolia (R. Br.) Griseb.,0,0,0,0,0,0,0,0,0,0,0,0,0,0,+,r,0,0,0,0,0,0,0,0,r,r,r,+,+,+,1,1,+,1,+,0,0,0,0,+,1,+,+,+,+,+,0,+,+,1,+,1,1,+,1,+,+,+,+,0,0,0,0,0,+,0,0,0,0,0,0,0,0,0,0,0,0,0,0
Arctocetraria andrejevii,30300,Arctocetraria andrejevii (Oxner) Kärnefelt & Thell,0,0,0,0,0,0,0,0,0,0,0,0,0,0,0,0,0,0,0,0,0,0,0,0,0,0,0,0,0,0,0,0,0,0,+,0,0,0,0,0,0,0,0,0,+,+,0,0,0,0,0,0,0,0,0,0,0,0,0,0,0,0,0,0,0,0,0,0,0,0,0,0,0,0,0,0,0,0,0
Arctocetraria nigricascens,30300,Arctocetraria nigricascens (Nyl.) Elenkin,0,0,0,0,0,0,0,0,0,0,0,0,0,0,0,0,0,0,0,0,0,0,0,0,0,0,0,0,0,0,0,0,0,0,0,0,0,0,0,0,0,0,0,0,0,0,0,0,0,0,0,0,0,0,0,0,0,+,0,0,0,0,0,0,0,0,0,0,0,0,0,0,0,0,0,0,0,0,0
Arctous alpina,70102,Arctous  alpina (L.) Nied.,0,0,0,0,0,0,0,0,0,0,0,0,0,0,0,0,0,0,0,0,+,+,+,0,0,0,0,0,0,0,0,0,0,0,0,0,0,0,0,0,0,0,0,0,0,0,0,0,0,0,0,0,0,0,0,0,0,0,0,0,0,0,0,0,0,0,0,0,0,0,0,0,0,0,0,0,0,0,0
Asahinea chrysantha,30300,Asahinea chrysantha (Tuck.) Culb & C.Culb.,0,0,0,0,0,0,0,0,0,0,0,0,0,0,0,0,0,1,0,+,1,+,+,+,0,0,0,0,0,0,0,0,0,0,0,0,0,0,0,0,0,0,0,0,0,0,0,0,0,0,0,0,0,0,0,0,0,0,0,0,0,0,0,0,0,0,0,0,0,0,0,0,0,0,0,0,0,0,0
Aulacomnium palustre,10200,Aulacomnium palustre (Hedw.) Schwaegr.,0,0,0,0,0,0,0,0,0,0,0,0,0,0,1,0,+,0,r,0,0,0,0,0,0,0,0,0,0,0,0,0,0,0,0,0,0,0,0,0,1,1,1,1,0,0,0,0,0,0,0,0,0,0,0,0,0,0,0,0,0,0,r,0,0,0,0,0,0,0,0,0,0,0,0,0,0,0,0
Aulacomnium turgidum,10200,Aulacomnium turgidum (Wahlenb.) Schwaegr.,0,0,0,0,0,0,0,+,0,0,0,0,0,0,1,1,1,1,1,r,1,+,+,1,3,3,4,3,3,2,2,2,2,1,r,0,+,0,+,2,1,+,1,1,1,1,1,1,2,+,1,+,1,+,1,+,1,+,+,0,0,0,0,0,+,0,+,0,0,0,0,0,0,0,0,0,0,0,0
Bacidia bagliettoana,30100,Bacidia bagliettoana (Massal. & DeNot.) Jatta,0,0,0,0,0,0,0,0,0,0,0,0,0,0,0,0,0,0,0,0,0,0,0,0,0,0,0,0,0,0,0,0,0,0,0,0,0,0,0,0,0,0,0,0,0,0,0,0,0,0,0,+,0,0,0,+,0,0,0,0,0,0,0,0,0,0,0,0,0,0,0,0,0,0,0,0,0,0,0
Baeomyces rufus,30300,Baeomyces rufus (Huds.) Rebent.,0,0,0,0,0,0,0,0,0,0,0,0,0,0,0,0,0,0,0,0,0,0,0,0,0,0,0,0,0,0,0,0,0,0,0,0,0,+,0,0,0,0,0,0,0,0,0,0,0,0,0,0,0,0,0,0,0,0,0,0,0,0,0,0,0,0,0,0,0,0,+,0,0,0,0,0,0,0,0
Bartramia ithyphylla,10100,Bartramia ithyphylla Brid.,0,0,0,0,0,0,0,0,0,0,0,0,0,0,0,0,0,0,0,0,0,0,0,0,0,0,0,0,0,0,0,0,0,0,0,0,0,0,0,0,0,0,0,0,0,0,0,0,0,0,0,0,0,0,0,0,0,0,0,0,+,0,0,0,0,0,0,0,0,0,0,0,0,0,+,+,+,+,0
Betula nana,70202,Betula nana L.,2,2,2,2,2,0,1,2,0,0,+,0,0,0,2,3,3,3,2,2,2,2,2,2,1,1,2,2,0,2,3,3,1,2,0,0,1,0,1,0,0,0,0,0,0,0,0,0,0,0,0,0,0,0,0,0,0,0,0,0,0,0,0,0,0,0,0,0,0,0,0,0,0,0,0,0,0,0,0
Betula pubescens,70303,Betula pubescens Ehrh.,2,2,1,1,2,0,0,0,0,0,0,0,0,0,0,0,0,0,0,0,0,0,0,0,0,0,0,0,0,0,0,0,0,0,0,0,0,0,0,0,0,0,0,0,0,0,0,0,0,0,0,0,0,0,0,0,0,0,0,0,0,0,0,0,0,0,0,0,0,0,0,0,0,0,0,0,0,0,0
Bistorta vivipara,60300,Bistorta vivipara (L.) Delarbre,0,0,0,0,0,0,0,0,0,0,0,0,0,0,r,0,0,0,0,0,0,0,0,0,+,+,+,+,+,+,0,0,0,0,0,0,0,0,0,0,0,0,+,+,0,0,0,0,0,0,0,0,0,0,0,0,0,0,0,+,+,0,+,0,+,0,0,0,0,0,0,0,0,0,0,0,0,0,0
Blepharostoma trichophyllum,20100,Blepharostoma trichophyllum (L.) Dumort.,0,0,0,0,0,0,0,0,0,0,0,0,0,0,0,0,0,0,0,0,0,0,0,0,0,r,0,0,0,0,0,0,0,0,0,0,0,0,0,0,0,0,0,0,0,0,0,0,0,3,+,2,+,1,+,2,+,2,+,0,0,0,0,0,0,0,0,0,0,0,0,0,0,0,0,0,0,0,0
Bryocaulon divergens,30300,Bryocaulon divergens (Ach.) Kärnefelt,0,0,0,0,0,0,0,0,0,0,0,0,0,0,+,0,0,r,0,+,+,+,+,+,+,0,+,+,+,+,+,+,+,+,+,+,+,+,+,+,+,r,0,r,1,+,+,+,0,+,0,+,0,+,0,+,0,+,0,+,+,+,+,+,+,+,+,+,+,0,r,+,+,+,0,0,0,0,0
Bryoerythrophyllum recurvirostrum,10100,Bryoerythrophyllum recurvirostre (Hedw.) P. C. Chen,0,0,0,0,0,0,0,0,0,0,0,0,0,0,0,0,0,0,0,0,0,0,0,0,0,0,0,0,0,0,0,0,0,0,0,0,0,0,0,0,0,0,0,0,0,0,0,0,0,+,0,+,0,0,0,0,0,0,+,0,0,0,0,0,0,0,0,0,0,+,0,+,+,+,+,0,0,0,+
Bryoria nitidula,30300,Bryoria nitidula (Th. Fr.) Brodo & Hawksw.,0,0,0,0,0,0,0,0,0,0,0,0,0,0,+,0,0,0,0,0,0,+,0,+,0,0,0,0,+,0,0,0,0,0,+,0,0,0,+,0,0,0,0,0,0,0,0,0,0,+,0,0,0,0,0,0,0,0,0,+,+,0,0,0,0,0,0,+,+,0,0,0,0,0,0,0,0,0,0
Bryum cryophilum,10100,Bryum cyclophyllum (Schwaegr.) Bruch & Schimp.,0,0,0,0,0,0,0,0,0,0,0,0,0,0,0,0,0,0,0,0,0,0,0,0,0,0,0,0,0,0,0,0,0,0,0,0,0,0,0,0,0,0,0,0,0,0,0,0,0,+,0,+,0,0,0,+,0,0,r,0,0,0,0,0,0,0,0,0,0,0,0,0,0,0,0,0,0,0,0
Bryum pseudotriquetrum,10100,"Bryum pseudotriquetrum (Hedw.) P. G. Gaertn., B. Mey. & Scherb.",0,0,0,0,0,0,0,0,0,0,0,0,0,0,0,0,0,0,0,0,0,0,0,0,0,0,0,0,0,0,0,0,0,0,0,0,0,0,0,0,0,0,0,0,0,0,0,0,0,+,0,0,0,0,0,+,0,0,0,0,0,0,0,0,0,0,0,0,0,0,+,0,+,+,0,0,0,0,0
Bryum rutilans,10100,Bryum rutilans Brid.,0,0,0,0,0,0,0,0,0,0,0,0,0,0,0,0,0,0,0,0,0,0,0,0,0,0,0,0,0,0,0,0,0,0,0,0,0,0,0,0,0,0,0,0,0,0,0,0,0,0,0,0,0,0,0,0,0,0,0,0,0,0,0,0,0,0,0,0,0,+,+,0,+,0,r,0,+,0,+
Bryum sp.,10100,Bryum species,0,0,0,0,0,0,0,0,0,0,0,0,0,0,0,0,0,0,0,0,0,0,0,0,0,0,0,0,0,0,0,0,0,0,0,0,0,0,0,0,0,0,0,0,0,0,0,0,0,0,0,+,0,+,0,+,0,+,+,0,0,0,0,0,0,0,0,0,0,r,r,0,0,0,r,r,r,+,r
Calamagrostis holmii,50200,Calamagrostis holmii Lange,0,0,0,0,0,0,0,0,0,0,0,0,0,0,1,+,1,1,1,+,+,0,+,+,+,0,+,+,+,2,3,2,2,2,+,+,+,+,0,2,2,2,1,2,2,1,1,1,1,+,+,+,2,+,1,+,1,+,+,+,1,0,0,0,+,0,0,r,0,0,0,0,0,0,0,0,0,0,0
Cratoneuron curvicaule,10200,Callialaria curvicaulis (Juratz.) Och.,0,0,0,0,0,0,0,0,0,0,0,0,0,0,0,0,0,0,0,0,0,0,0,0,0,0,0,0,0,0,0,0,0,0,0,0,0,0,0,0,0,0,0,0,0,0,0,0,0,0,0,0,0,0,0,0,0,0,0,0,0,0,0,0,0,0,0,0,0,+,+,+,+,0,0,0,0,0,+
Calliergon stramineum,10200,Calliergon stramineum (Dicks. ex Brid.) Kindb.,0,0,0,0,0,0,0,0,0,0,0,0,0,0,r,0,0,0,0,0,0,0,0,0,0,0,0,0,0,0,0,0,0,0,0,0,0,0,0,0,0,0,0,0,0,0,0,0,0,0,0,0,0,0,0,0,0,0,0,0,0,0,0,0,0,0,0,0,0,0,0,0,0,0,0,0,0,0,0
Straminergon stramineum,10200,Calliergon stramineum (Dicks. ex Brid.) Kindb.,0,0,0,0,0,0,0,0,0,0,0,0,0,0,0,0,0,0,0,0,0,0,0,0,0,0,0,0,0,0,0,0,0,0,0,0,0,0,0,0,r,0,0,0,0,0,0,0,0,0,0,0,0,0,0,0,0,0,0,0,0,0,0,0,0,0,0,0,0,0,0,0,0,0,0,0,0,0,0
Calypogeia sphagnicola,20100,Calypogeia sphagnicola (Arnell & J.Perss.) Warnst. & Loeske,0,0,0,0,0,0,r,0,0,0,0,0,0,0,0,0,0,0,0,0,0,0,0,0,0,0,0,0,0,0,0,0,0,0,0,0,0,0,0,0,0,0,0,0,0,0,0,0,0,0,0,0,0,0,0,0,0,0,0,0,0,0,0,0,0,0,0,0,0,0,0,0,0,0,0,0,0,0,0
Campylium cf. arcticum,10200,Campylium stellatum var. arcticum ((R.S. Williams) L. I. Savicz) (Hedw.) C. Jens.,0,0,0,0,0,0,0,0,0,0,0,0,0,0,0,0,0,0,0,0,0,0,0,0,0,0,0,0,0,0,0,0,0,0,0,0,0,0,0,0,0,0,0,0,0,0,0,0,0,0,0,0,0,0,0,0,0,0,0,0,0,0,0,0,0,0,0,0,0,0,+,0,+,+,0,+,0,0,0
Candelariella placodizans,30100,Candelariella placodizans (Nyl.) Magn.,0,0,0,0,0,0,0,0,0,0,0,0,0,0,0,0,0,0,0,0,0,0,0,0,0,0,0,0,0,0,0,0,0,0,0,0,0,0,0,0,0,0,0,0,0,0,0,0,0,0,0,0,0,0,0,0,0,0,0,0,0,0,0,0,0,0,0,0,0,0,0,0,0,0,r,0,r,r,0
Cardamine bellidifolia,60200,Cardamine  bellidifolia [subsp. bellidifolia] L. ,0,0,0,0,0,0,0,0,0,0,0,0,0,0,0,0,0,0,0,0,0,0,0,0,0,0,0,0,0,0,0,0,0,0,0,0,0,0,0,0,0,0,0,0,0,0,0,0,r,0,0,0,0,0,0,0,0,0,0,0,0,0,0,0,0,0,0,0,0,0,0,0,0,0,0,0,0,0,0
Carex aquatilis,50101,Carex aquatilis Wahlenb.,0,0,0,0,0,0,0,0,0,0,0,0,0,0,0,0,0,0,0,0,0,0,0,0,0,0,0,0,0,0,0,0,0,0,0,0,0,0,0,0,0,1,0,0,0,0,0,0,0,0,0,0,0,0,0,0,0,0,0,0,0,0,0,0,0,0,0,0,0,0,0,0,0,0,0,0,0,0,0
Carex bigelowii s.l.,50101,Carex  bigelowii Torr.,0,0,0,0,0,0,0,0,0,0,0,0,0,0,2,2,2,2,2,2,1,2,3,2,4,3,3,3,2,2,1,1,2,2,2,2,+,2,1,2,2,2,1,2,2,2,+,+,2,1,3,1,3,1,3,+,3,1,3,0,0,0,0,0,0,0,0,0,0,0,0,0,0,0,0,0,0,0,0
Carex chordorrhiza,50101,Carex chordorrhiza Ehrh. ex L. f.,0,0,0,0,0,0,0,0,0,0,0,3,1,0,0,0,0,0,0,0,0,0,0,0,0,0,0,0,0,0,0,0,0,0,0,0,0,0,0,0,0,0,0,0,0,0,0,0,0,0,0,0,0,0,0,0,0,0,0,0,0,0,0,0,0,0,0,0,0,0,0,0,0,0,0,0,0,0,0
Carex globularis,50101,Carex globularis L.,0,0,0,0,0,+,+,2,+,2,1,0,0,0,0,0,0,0,0,0,0,0,0,0,0,0,0,0,0,0,0,0,0,0,0,0,0,0,0,0,0,0,0,0,0,0,0,0,0,0,0,0,0,0,0,0,0,0,0,0,0,0,0,0,0,0,0,0,0,0,0,0,0,0,0,0,0,0,0
Carex limosa,50101,Carex limosa L.,0,0,0,0,0,0,0,0,0,0,0,1,1,1,0,0,0,0,0,0,0,0,0,0,0,0,0,0,0,0,0,0,0,0,0,0,0,0,0,0,0,0,0,0,0,0,0,0,0,0,0,0,0,0,0,0,0,0,0,0,0,0,0,0,0,0,0,0,0,0,0,0,0,0,0,0,0,0,0
Carex rotundata,50101,Carex rotundata Wahlenb.,0,0,0,0,0,0,0,0,0,0,0,3,3,3,0,0,0,0,0,0,0,0,0,0,0,0,0,0,0,0,0,0,0,0,0,+,0,0,0,0,0,0,0,0,0,0,0,0,0,0,0,0,0,0,0,0,0,0,0,0,0,0,0,0,0,0,0,0,0,0,0,0,0,0,0,0,0,0,0
Cephalozia bicuspidata,20100,Cephalozia bicuspidata (L.) Dumort.,0,0,0,0,0,0,0,0,0,0,0,0,0,0,0,0,0,0,0,0,0,0,0,0,0,0,0,0,0,0,0,0,0,0,0,0,0,0,0,0,0,0,0,0,0,0,0,0,0,+,0,0,0,0,0,0,0,0,0,0,0,0,0,0,0,0,0,0,0,0,0,0,0,0,0,0,0,0,0
Cephalozia sp.,20100,Cephalozia species,0,0,0,0,0,0,0,0,0,0,0,0,0,0,0,0,0,0,0,0,0,0,0,0,0,0,0,0,0,0,0,0,0,0,0,0,0,0,0,0,0,0,0,0,0,0,0,0,0,0,0,+,0,0,0,0,0,0,0,0,0,0,0,0,0,0,0,0,0,0,0,0,0,0,0,0,0,0,0
Cephaloziella sp.,20100,Cephaloziella species,0,0,0,0,0,0,0,0,0,0,0,0,0,0,0,0,0,0,0,0,0,0,0,0,0,0,0,0,0,r,0,0,0,r,0,0,0,0,0,0,0,0,0,0,0,0,0,0,0,0,0,0,0,0,0,0,0,0,0,0,0,0,0,0,0,0,0,0,0,0,0,0,0,0,0,0,0,0,0
Cerastium arcticum,60200,Cerastium arcticum Lange,0,0,0,0,0,0,0,0,0,0,0,0,0,0,0,0,0,0,0,0,0,0,0,0,0,0,0,0,0,0,0,0,0,0,0,0,0,0,0,0,0,0,0,0,0,0,0,0,0,0,0,0,0,0,0,0,0,0,0,0,0,0,0,0,0,0,0,0,0,+,+,+,+,+,+,0,r,+,+
Cerastium regelii,60200,Cerastium regelii Ostenf.,0,0,0,0,0,0,0,0,0,0,0,0,0,0,0,0,0,0,0,0,0,0,0,0,0,0,0,0,0,0,0,0,0,0,0,0,0,0,0,0,0,0,0,0,0,0,0,0,0,0,0,0,0,0,0,+,0,0,0,0,0,0,0,0,0,0,0,0,0,+,+,+,+,+,r,0,0,r,+
Ceratodon purpureus,10100,Ceratodon purpureus (Hedw.) Brid.,0,0,0,0,0,0,0,0,0,0,0,0,0,0,0,0,0,0,0,0,0,0,0,0,0,0,0,0,0,0,0,0,0,0,0,0,0,1,0,0,0,0,0,0,0,0,+,+,0,0,0,0,0,0,0,0,0,0,0,0,0,0,0,0,0,0,0,0,0,0,0,0,0,0,0,0,0,0,0
Cetraria aculeata,30300,Cetraria aculeata (Schreb.) Link.,0,0,0,0,0,0,0,0,0,0,0,0,0,0,0,0,0,0,0,0,0,0,0,0,0,0,0,0,0,0,0,0,0,0,0,0,0,0,0,0,0,0,0,0,0,0,0,0,0,0,0,0,0,0,0,0,0,0,0,0,+,0,0,0,0,0,0,0,+,0,r,r,0,0,+,+,+,+,0
Cetraria islandica,30300,Cetraria islandica (L.) Ach.,1,1,1,1,1,0,0,+,1,0,0,0,0,0,+,+,+,+,+,+,+,+,+,+,+,+,+,+,+,+,+,+,+,+,+,+,+,+,+,+,+,+,+,+,1,+,+,1,1,+,+,+,+,+,+,+,+,+,+,0,+,0,+,0,+,0,+,+,+,1,1,1,1,2,1,2,+,+,1
Cetraria laevigata,30300,Cetraria laevigata Rass.,0,0,0,0,0,1,r,0,0,1,1,0,0,0,0,0,0,0,0,0,0,0,+,+,+,0,+,0,0,0,0,0,0,0,+,0,0,0,0,0,0,0,0,0,0,0,0,0,0,0,0,0,+,0,0,0,+,0,0,0,0,0,0,0,0,0,0,0,0,0,0,0,0,0,0,0,0,0,0
Cetraria nigricans,30300,Cetraria nigricans Nyl.,0,0,0,0,0,0,0,0,0,0,0,0,0,0,0,0,0,0,0,0,0,0,0,0,0,0,0,0,0,0,0,0,0,0,0,0,0,0,+,0,0,0,0,0,0,0,0,0,0,0,0,0,0,0,0,0,0,0,0,0,0,0,0,0,0,0,0,0,0,0,0,0,0,0,0,0,0,0,0
Cetrariella delisei,30300,Cetrariella delisei (Bory ex Schaer.) Kärnef.,0,0,0,0,0,0,0,0,0,0,0,0,0,0,0,0,0,0,0,+,0,0,0,0,0,0,0,0,0,0,0,0,0,0,+,+,0,0,0,0,0,0,0,0,0,0,0,0,0,0,0,0,0,0,0,0,0,0,0,0,0,0,0,0,0,0,0,0,0,1,1,1,1,1,1,2,2,1,2
Cetrariella fastigiata,30300,Cetrariella fastigiata (Bory ex Schaerer) Kärnefelt & Thell,0,0,0,0,0,0,0,0,0,0,0,0,0,0,0,0,0,0,0,0,0,0,+,0,0,0,0,0,0,0,0,0,0,0,+,0,0,0,0,0,0,0,r,0,0,0,0,r,0,+,0,0,0,0,+,0,0,0,0,0,0,0,0,0,+,0,0,0,0,0,0,0,0,0,0,0,0,0,0
Chamaedaphne calyculata,70201,Chamaedaphne calyculata (L.) Moench,0,0,0,0,0,0,0,0,0,0,0,0,0,r,0,0,0,0,0,0,0,0,0,0,0,0,0,0,0,0,0,0,0,0,0,0,0,0,0,0,0,0,0,0,0,0,0,0,0,0,0,0,0,0,0,0,0,0,0,0,0,0,0,0,0,0,0,0,0,0,0,0,0,0,0,0,0,0,0
Cirriphyllum cirrosum ,10200,Cirriphyllum cirrosum (Schwaegr.) Grout,0,0,0,0,0,0,0,0,0,0,0,0,0,0,0,0,0,0,0,0,0,0,0,0,0,0,0,0,0,0,0,0,0,0,0,0,0,0,0,0,0,0,0,0,0,0,0,0,0,0,0,0,0,0,0,0,0,0,0,0,0,0,0,0,0,0,0,0,0,1,1,1,1,1,0,0,r,0,1
Cladonia amaurocraea,30300,Cladonia amaurocraea (Flörke) Schaer.,0,0,0,0,0,+,1,r,+,r,r,0,0,0,r,r,+,+,+,1,+,+,0,+,+,+,0,+,+,+,+,+,+,+,+,0,+,+,0,1,1,r,+,0,1,1,1,1,1,+,1,+,+,+,+,+,+,+,+,0,0,0,0,0,0,+,+,0,0,0,0,0,0,0,0,0,0,0,0
Cladonia arbuscula s.l.,30300,Cladonia arbuscula s. lat. (Wallr.) Hale & W. Culb.,0,1,0,1,1,0,0,1,0,0,0,0,0,0,+,r,0,r,+,2,1,2,2,2,0,0,0,0,0,+,+,+,+,+,1,1,1,1,1,1,1,+,+,+,2,1,+,+,+,+,+,+,3,+,3,+,3,+,3,0,0,0,0,0,r,0,r,0,r,0,0,0,0,0,0,0,0,0,0
Cladonia bellidiflora,30300,Cladonia bellidiflora (Ach.) Schaer.,0,0,0,0,0,0,0,0,0,0,r,0,0,0,0,0,0,0,0,+,+,+,+,+,0,0,0,+,+,0,0,+,0,0,+,+,0,+,+,+,+,+,+,+,0,0,0,0,0,0,0,0,0,0,0,0,0,0,0,0,0,0,0,0,0,0,r,0,+,0,0,0,0,0,0,0,0,0,0
Cladonia cenotea,30300,Cladonia cenotea (Ach.) Schaerer,0,0,0,0,0,0,0,0,0,0,0,0,0,0,0,r,0,0,r,0,0,0,0,0,0,0,0,0,0,0,0,0,+,0,0,0,0,0,0,0,0,0,0,0,0,0,0,0,0,0,0,0,0,0,0,0,0,0,0,0,0,0,0,0,0,0,0,0,0,0,0,0,0,0,0,0,0,0,0
Cladonia chlorophaea,30300,Cladonia chlorophaea (Somm.) Spreng.,0,0,0,0,0,0,0,0,0,0,0,0,0,0,0,0,0,0,0,0,0,0,0,0,+,0,+,+,0,0,+,+,0,+,0,0,+,0,0,0,0,0,0,0,0,0,0,0,0,0,0,0,0,0,0,0,0,0,0,0,0,0,0,0,0,0,0,0,0,0,0,0,0,0,0,0,0,0,0
Cladonia coccifera,30300,Cladonia coccifera s. lat. (L.) Willd.,0,0,0,0,0,0,+,0,+,r,0,0,0,0,r,r,r,r,r,+,+,+,+,+,0,+,+,+,+,+,+,+,0,+,+,+,0,+,+,+,+,r,+,r,+,+,+,+,+,+,+,+,+,+,+,+,+,+,+,0,+,0,+,0,+,+,+,+,+,0,0,0,0,0,0,0,0,0,0
Cladonia cornuta,30300,Cladonia cornuta (L.) Hoffm.,0,0,0,r,0,0,0,r,0,0,0,0,0,0,r,r,0,0,0,r,+,+,0,0,0,0,0,+,0,+,0,0,+,+,0,0,0,0,0,0,0,0,0,0,0,0,0,0,0,0,0,0,0,0,0,0,0,0,0,0,0,0,0,0,0,0,0,0,0,0,0,0,0,0,0,0,0,0,0
Cladonia crispata,30300,Cladonia crispata s. lat. (Ach.) Flot.,0,0,0,0,0,r,0,0,0,0,0,0,0,0,0,0,0,0,0,0,0,0,0,0,0,0,0,0,0,0,0,0,0,0,0,0,0,0,0,0,0,0,0,0,0,0,0,0,0,0,0,0,0,0,0,0,0,0,0,0,0,0,0,0,0,0,0,0,0,0,0,0,0,0,0,0,0,0,0
Cladonia cyanipes,30300,Cladonia cyanipes (Sommerf.) Nyl.,0,0,0,0,0,0,0,0,0,0,0,0,0,0,0,0,0,0,0,0,0,0,0,0,0,0,+,0,0,0,0,0,0,0,0,0,0,0,0,0,0,0,0,0,0,0,0,0,0,0,0,0,0,0,0,0,0,0,0,0,0,0,0,0,0,0,0,0,0,0,0,0,0,0,0,0,0,0,0
Cladonia cf. decorticata,30300,Cladonia decorticata (Flörke) Sprengel,0,0,0,0,0,0,0,0,0,0,0,0,0,0,0,0,0,0,0,0,0,0,0,0,0,0,0,0,0,+,0,0,0,+,0,0,0,0,0,0,0,0,0,0,0,0,0,0,0,0,0,0,0,0,0,0,0,0,0,0,0,0,0,0,0,0,0,0,0,0,0,0,0,0,0,0,0,0,0
Cladonia deformis,30300,Cladonia deformis (L.) Hoffm.,0,0,0,0,0,1,0,0,0,0,+,0,0,0,r,r,0,0,0,0,0,0,0,0,0,0,0,0,+,+,+,0,0,+,0,0,0,0,0,0,0,0,0,0,0,0,0,0,0,0,0,0,0,0,0,0,0,0,0,0,0,0,0,0,0,0,0,0,0,0,0,0,0,0,0,0,0,0,0
Cladonia gracilis,30300,Cladonia gracilis s. lat. (L.) Willd.,r,0,0,0,0,0,0,0,0,0,0,0,0,0,r,0,0,0,r,1,+,+,0,+,+,+,+,0,+,+,+,+,+,+,+,+,+,+,0,+,+,+,1,1,1,1,+,1,1,+,+,0,+,+,+,+,+,+,1,+,+,0,+,0,+,0,+,0,+,0,0,0,0,0,0,0,0,0,0
Cladonia cf. grayi,30300,Cladonia grayi G. Merr. ex Sandst.,0,0,0,0,0,0,0,0,0,0,0,0,0,0,0,0,0,r,0,0,0,+,0,0,0,0,0,0,0,+,0,0,0,0,+,+,0,+,+,0,0,0,0,0,0,0,0,0,0,0,0,0,0,0,0,0,0,0,0,0,0,0,0,0,0,0,0,0,0,0,0,0,0,0,0,0,0,0,0
Cladonia macrophylla,30300,Cladonia macrophylla (Schaerer) Stenh.,0,0,0,0,0,r,0,0,0,0,0,0,0,0,0,0,0,0,0,0,0,0,0,+,0,0,0,0,0,+,0,0,0,0,0,0,0,0,0,0,0,0,0,0,0,0,0,0,0,0,0,0,0,0,0,0,0,0,0,0,0,0,0,0,0,0,0,0,0,0,0,0,0,0,0,0,0,0,0
Cladonia pleurota,30300,Cladonia pleurota (Flörke) Schaer.,0,0,0,0,0,0,0,0,0,0,0,0,0,0,0,0,0,0,0,0,0,0,0,0,0,0,0,0,0,+,0,0,+,0,0,0,0,0,0,0,0,0,0,0,0,0,0,0,0,0,0,0,0,0,0,0,0,0,0,0,0,0,0,0,0,0,0,0,0,0,0,0,0,0,0,0,0,0,0
Cladonia pocillum,30300,Cladonia pocillum (Ach.) O. Rich,0,0,0,0,0,0,0,0,0,0,0,0,0,0,0,0,0,0,0,0,0,0,0,0,0,0,0,0,0,0,0,0,0,0,0,0,0,0,0,0,0,0,0,0,0,0,0,0,0,0,0,0,0,0,0,0,0,0,+,0,0,0,0,0,0,0,0,0,0,1,+,+,1,1,+,+,1,1,2
Cladonia pyxidata,30300,Cladonia pyxidata (L.) Hoffm.,0,0,0,0,0,0,0,0,0,0,0,0,0,0,0,0,0,0,0,+,0,0,+,0,0,0,+,0,+,+,+,0,0,0,0,0,r,0,0,0,0,0,0,0,0,0,0,0,0,0,0,+,0,+,+,0,+,0,0,0,0,0,0,0,0,0,0,0,0,r,0,0,0,0,0,0,0,0,r
Cladonia rangiferina,30300,Cladonia rangiferina (L.) Nyl.,1,0,2,1,0,0,0,0,+,0,0,0,0,0,0,1,+,+,0,1,+,1,1,1,0,0,0,+,+,+,0,0,0,0,0,0,1,0,0,+,+,0,0,+,1,1,+,0,+,+,0,+,+,+,+,+,+,+,+,0,0,0,0,0,+,0,+,0,+,0,0,0,0,0,0,0,0,0,0
Cladonia cf. scabriuscula,30300,Cladonia scabriuscula (Delise in Duby) Nyl.,0,0,0,0,0,0,0,0,0,0,0,0,0,0,0,0,0,0,0,0,0,0,0,0,0,0,0,0,0,0,+,0,0,0,0,0,0,0,0,0,0,0,0,0,0,0,0,0,0,0,0,0,0,0,0,0,0,0,0,0,0,0,0,0,0,0,0,0,0,0,0,0,0,0,0,0,0,0,0
Cladonia squamosa,30300,Cladonia squamosa s. lat. Hoffm.,0,0,0,0,0,0,0,0,0,0,0,0,0,0,0,0,0,0,0,r,+,+,r,0,0,0,0,0,0,+,0,+,+,0,0,0,0,0,0,0,0,0,0,0,0,0,0,0,0,0,0,0,0,0,0,0,0,0,0,0,0,0,0,0,0,0,0,0,0,0,0,0,0,0,0,0,0,0,0
Cladonia stellaris,30300,Cladonia stellaris (Opiz) Pouzar & Vezda,3,3,5,5,3,3,+,0,5,3,4,0,0,0,0,0,0,+,0,0,0,0,+,0,0,0,0,0,0,0,0,0,0,0,r,0,0,0,0,0,0,0,0,0,0,0,0,0,0,0,0,0,0,0,0,0,0,0,0,0,0,0,0,0,0,0,0,0,0,0,0,0,0,0,0,0,0,0,0
Cladonia stricta,30300,Cladonia stricta s. lat. (Nyl.) Nyl.,0,0,0,0,0,0,0,0,0,0,0,0,0,0,0,0,0,0,0,0,0,0,+,0,0,0,0,0,r,0,0,0,0,+,+,+,0,0,0,0,0,0,0,0,0,0,0,0,0,+,0,0,0,0,0,0,0,0,0,0,0,0,0,0,+,0,0,0,0,0,0,0,0,0,0,0,0,0,0
Cladonia stygia,30300,Cladonia stygia (Fr.) Ruoss,0,1,1,0,1,2,2,2,2,3,2,0,0,0,+,+,+,r,r,2,1,1,1,1,0,0,0,0,+,+,+,+,+,+,1,1,0,1,1,+,+,+,0,+,+,+,0,0,0,0,0,0,0,0,0,0,0,0,0,0,0,0,0,0,0,0,0,0,0,0,0,0,0,0,0,0,0,0,0
Cladonia subfurcata/furcata,30300,Cladonia subfurcata (Nyl.) Arn.,0,0,0,0,0,0,0,0,0,0,0,0,0,0,0,0,r,r,r,+,+,+,+,+,+,+,+,+,0,+,+,0,0,+,+,+,0,+,+,0,0,0,0,+,r,+,r,r,0,0,+,0,+,0,+,0,+,0,+,0,0,+,+,0,0,0,+,0,r,0,0,0,0,0,0,0,0,0,0
Cladonia sulphurina,30300,Cladonia sulphurina (Nyl.) Arn.,0,0,0,0,0,0,0,0,r,0,+,0,0,0,r,0,0,0,0,0,0,0,0,+,0,0,0,0,0,0,0,0,+,0,0,0,0,0,0,0,0,0,0,0,0,0,0,0,0,0,0,0,0,0,0,0,0,0,0,0,0,0,0,0,0,0,0,0,0,0,0,0,0,0,0,0,0,0,0
Cladonia symphycarpia,30300,Cladonia symphycarpia (Ach.) Fr.,0,0,0,0,0,0,0,0,0,0,0,0,0,0,0,0,0,0,0,0,0,0,0,0,0,0,0,0,0,0,0,0,0,0,0,0,0,0,0,0,0,0,0,0,0,0,0,0,0,0,0,0,0,0,0,0,0,0,0,0,0,0,0,0,0,0,0,0,0,0,0,0,0,0,+,+,+,+,0
Cladonia uncialis,30300,Cladonia uncialis (L.) Wigg.,0,0,0,0,0,0,0,0,0,0,0,0,0,0,r,0,r,r,r,1,1,1,1,1,0,0,+,+,+,+,+,+,1,+,1,1,0,1,1,1,1,1,0,+,1,1,0,0,1,+,+,+,+,+,1,+,+,+,+,0,+,0,0,0,+,+,1,+,1,0,0,0,0,0,0,0,0,0,0
Cochlearia groenlandica,60200,Cochlearia groenlandica L.,0,0,0,0,0,0,0,0,0,0,0,0,0,0,0,0,0,0,0,0,0,0,0,0,0,0,0,0,0,0,0,0,0,0,0,0,0,0,0,0,0,0,0,0,0,0,0,0,0,0,0,0,0,0,0,0,0,0,0,0,0,0,0,0,0,0,0,0,0,+,+,+,+,+,+,+,+,1,+
Conostomum tetragonum,10100,Conostomum tetragonum (Hedw.) Lindb.,0,0,0,0,0,0,0,0,0,0,0,0,0,0,0,0,0,0,0,0,r,r,+,0,0,0,0,0,0,0,0,0,0,0,r,0,0,0,0,0,0,0,0,0,0,0,0,0,0,+,0,0,0,+,0,0,0,0,0,0,0,0,0,0,0,+,0,+,0,0,0,0,0,0,0,0,0,0,0
Cynodontium strumiferum,10100,Cynodontium strumiferum (Hedw.) Lindb.,0,0,0,0,0,0,0,0,0,0,0,0,0,0,0,0,0,0,0,0,0,+,0,0,0,0,0,0,0,0,0,0,0,0,0,0,0,0,0,0,0,0,0,0,0,0,0,0,0,0,0,0,0,0,0,0,0,0,0,0,0,0,0,0,0,0,0,0,0,0,0,0,0,0,0,0,0,0,0
Dactylina arctica,30300,Dactylina arctica (Richardson) Nyl.,0,0,0,0,0,0,0,0,0,0,0,0,0,0,+,r,r,0,r,+,+,+,+,+,+,+,+,+,+,+,+,+,+,+,+,+,+,+,+,+,+,+,+,+,+,+,+,+,+,+,+,0,+,+,+,+,0,+,+,0,+,0,0,0,+,0,+,0,+,0,0,0,0,0,0,0,0,0,0
Dactylina ramulosa,30300,Dactylina ramulosa (Hook.) Tuck.,0,0,0,0,0,0,0,0,0,0,0,0,0,0,0,0,0,0,0,0,0,0,0,0,0,0,0,0,0,0,0,0,0,0,0,0,0,0,0,0,0,0,0,0,0,0,0,0,0,r,0,0,0,r,0,0,0,0,0,0,+,0,0,0,0,0,0,0,0,0,0,0,0,0,0,0,0,0,0
Deschampsia sukatschewii,50200,Deschampsia sukatschewii (Popl.) Roshev.,0,0,0,0,0,0,0,0,0,0,0,0,0,0,0,0,0,0,0,0,0,0,0,0,0,0,0,0,0,0,0,0,0,0,0,0,0,0,0,0,0,0,0,0,0,0,+,1,1,0,0,0,0,0,0,0,0,0,0,0,0,0,0,0,0,0,0,0,0,0,0,0,0,0,0,0,0,0,0
Diapensia lapponica,60200,Diapensia lapponica L.,0,0,0,0,0,0,0,0,0,0,0,0,0,0,0,0,0,0,0,0,+,+,0,0,0,0,0,0,0,0,0,0,0,0,0,0,0,0,0,0,0,0,0,0,0,0,0,0,0,0,0,0,0,0,0,0,0,0,0,0,0,0,0,0,0,0,0,0,0,0,0,0,0,0,0,0,0,0,0
Dicranella subulata,10100,Dicranella subulata (Hedw.) Schimp.,0,0,0,0,0,0,0,0,0,0,0,0,0,0,0,0,0,0,0,0,0,0,0,0,0,0,0,0,0,0,0,0,0,0,0,0,0,0,0,0,0,r,0,0,r,0,0,0,0,0,0,0,0,0,0,0,0,0,0,0,0,0,0,0,0,0,0,0,0,0,0,0,0,0,0,0,0,0,0
Dicranum acutifolium,10100,Dicranum acutifolium (Lindb. & H. Arn.) C. Jens.,0,+,0,0,0,0,0,r,0,0,0,0,0,0,1,1,0,0,0,0,0,0,0,0,0,0,1,1,1,0,+,0,2,2,0,0,1,0,0,0,0,0,0,0,0,0,+,0,0,0,0,+,1,+,2,0,1,2,2,0,0,0,0,0,+,0,0,0,+,0,0,0,0,0,0,0,0,0,0
Dicranum elongatum,10100,Dicranum elongatum Schleich. ex Schwaegr.,0,0,0,0,0,0,0,+,0,0,+,0,0,0,2,2,2,2,2,2,2,2,2,3,1,1,1,1,1,+,+,+,+,0,1,0,0,1,1,2,2,3,1,2,1,1,1,1,1,2,+,2,1,2,1,1,1,1,3,0,+,0,+,0,+,0,+,0,+,0,0,0,0,0,0,0,0,0,0
Dicranum fuscescens,10100,Dicranum fuscescens Turner,0,0,r,0,+,+,0,0,0,0,0,0,0,0,0,0,0,+,0,r,+,0,0,0,+,0,0,0,0,2,3,0,0,0,0,0,0,0,0,0,0,0,0,0,0,0,0,0,0,0,0,0,0,0,0,0,0,0,0,0,0,0,0,0,0,0,0,0,0,0,0,0,0,0,0,0,0,0,0
Dicranum groenlandicum,10100,Dicranum groenlandicum Brid.,0,0,0,0,0,0,0,0,0,0,0,0,0,0,0,0,0,0,0,0,0,+,0,+,0,0,0,0,0,0,0,0,0,0,0,0,0,0,0,0,0,0,0,0,0,0,0,0,0,0,0,0,0,0,0,0,0,0,0,0,0,0,0,0,0,0,0,0,0,0,0,0,0,0,0,0,0,0,0
Dicranum majus,10100,Dicranum majus Turner,0,0,0,0,0,0,0,0,0,0,0,0,0,0,0,0,0,0,0,0,0,0,0,0,1,0,0,0,0,0,0,0,0,0,0,0,0,0,0,0,0,0,0,0,0,0,0,0,0,0,0,0,0,0,0,0,0,0,0,0,0,0,0,0,0,0,0,0,0,0,0,0,0,0,0,0,0,0,0
Dicranum laevidens,10100,Dicranum spadiceum J. E. Zetterst.,0,0,0,0,0,0,0,0,0,0,0,0,0,0,2,2,2,2,2,0,0,0,0,0,0,0,0,0,0,0,0,3,+,2,0,0,0,0,0,2,1,1,1,1,2,1,1,1,2,0,0,0,0,0,0,0,0,0,0,0,0,0,0,0,0,0,0,0,0,0,0,0,0,0,0,0,0,0,0
Dicranum spadiceum,10100,Dicranum spadiceum J. E. Zetterst.,0,0,0,0,0,0,0,0,0,0,0,0,0,0,0,0,0,0,0,0,0,0,0,0,0,0,0,1,0,0,0,0,0,0,2,1,0,0,1,0,0,0,0,0,r,0,0,0,0,0,1,0,1,0,0,0,0,0,0,0,0,0,0,0,0,0,+,0,+,0,0,0,0,0,0,0,0,0,0
Dicranum sp.,10100,Dicranum species,0,0,0,0,0,0,0,0,0,0,0,0,0,0,0,0,0,0,0,0,0,0,0,0,0,0,0,0,0,0,0,0,0,0,0,0,0,0,0,0,0,0,0,0,0,0,0,0,0,0,0,0,0,0,0,0,0,0,0,0,0,0,0,0,0,0,0,0,0,0,0,0,0,0,0,0,0,0,0
Diphasiastrum alpinum,40300,Diphasiastrum alpinum (L.) Holub,0,0,+,0,0,0,0,0,0,0,0,0,0,0,0,0,0,0,0,0,0,0,0,0,0,0,0,0,0,0,0,0,0,0,0,0,0,0,0,0,0,0,0,0,0,0,0,0,0,0,0,0,0,0,0,0,0,0,0,0,0,0,0,0,0,0,0,0,0,0,0,0,0,0,0,0,0,0,0
Distichium capillaceum,10100,Distichium capillaceum (Hedw.) Bruch & Schimp.,0,0,0,0,0,0,0,0,0,0,0,0,0,0,0,0,0,0,0,0,0,0,0,0,0,0,0,0,0,0,0,0,0,0,0,0,0,0,0,0,0,0,0,0,0,0,0,0,0,0,0,0,0,+,0,0,+,+,0,0,0,0,0,0,0,0,0,0,0,1,+,+,+,+,+,0,+,0,1
Ditrichum flexicaule,10100,Ditrichum flexicaule (Schwaegr.) Hampe,0,0,0,0,0,0,0,0,0,0,0,0,0,0,0,0,0,0,0,0,0,0,0,0,0,1,0,0,0,0,0,0,0,0,0,0,0,0,0,0,0,0,0,0,0,0,0,0,0,0,1,0,0,0,0,+,1,0,1,0,0,0,0,0,0,0,0,0,0,1,1,1,+,2,r,0,0,0,1
Draba sp.,60200,Draba species,0,0,0,0,0,0,0,0,0,0,0,0,0,0,0,0,0,0,0,0,0,0,0,0,0,0,0,0,0,0,0,0,0,0,0,0,0,0,0,0,0,0,0,0,0,0,r,0,0,0,0,0,0,0,0,0,0,0,0,0,0,0,0,0,0,0,0,0,0,0,0,0,0,0,0,0,0,0,0
Draba subcapitata,60200,Draba subcapitata Simmons,0,0,0,0,0,0,0,0,0,0,0,0,0,0,0,0,0,0,0,0,0,0,0,0,0,0,0,0,0,0,0,0,0,0,0,0,0,0,0,0,0,0,0,0,0,0,0,0,0,0,0,0,0,0,0,0,0,0,0,0,+,0,r,0,0,0,0,0,0,+,+,+,+,+,+,0,r,+,+
Drosera rotundifolia,60200,Drosera rotundifolia L.,0,0,0,0,0,0,1,0,0,0,0,0,0,0,0,0,0,0,0,0,0,0,0,0,0,0,0,0,0,0,0,0,0,0,0,0,0,0,0,0,0,0,0,0,0,0,0,0,0,0,0,0,0,0,0,0,0,0,0,0,0,0,0,0,0,0,0,0,0,0,0,0,0,0,0,0,0,0,0
Dryas octopetala s.l.,70101,Dryas  octopetala L.,0,0,0,0,0,0,0,0,0,0,0,0,0,0,0,0,0,0,0,0,0,0,0,0,2,2,1,1,1,0,0,0,0,0,0,0,0,0,0,1,0,0,0,0,+,0,+,0,0,2,+,2,1,1,1,+,+,2,+,+,1,0,2,0,+,0,+,0,0,0,0,0,0,0,0,0,0,0,0
Empetrum nigrum,70101,Empetrum nigrum L.,1,1,1,1,1,0,0,1,0,0,0,0,0,0,1,0,1,1,1,+,1,1,1,2,0,0,0,+,0,0,0,1,0,0,0,0,+,+,+,0,0,0,0,0,0,0,0,0,0,0,0,0,0,0,0,0,0,0,0,0,0,0,0,0,0,0,0,0,0,0,0,0,0,0,0,0,0,0,0
Encalypta alpina,10100,Encalypta alpina Sm.,0,0,0,0,0,0,0,0,0,0,0,0,0,0,0,0,0,0,0,0,0,0,0,0,0,0,0,0,0,0,0,0,0,0,0,0,0,0,0,0,0,0,0,0,0,0,0,0,0,0,0,0,0,0,0,0,0,0,0,0,0,0,0,0,0,0,0,0,0,+,+,0,+,+,0,0,+,0,+
Eriophorum scheuchzeri,50101,Eriophorum  scheuchzeri Hoppe,0,0,0,0,0,0,0,0,0,0,0,0,0,0,0,0,0,0,0,0,0,0,0,0,0,0,0,0,0,0,0,0,0,0,0,0,0,0,0,0,0,0,0,0,0,+,0,0,0,0,+,0,+,0,0,+,0,0,0,0,0,0,0,0,0,0,0,0,0,0,0,0,0,0,0,0,0,0,0
Eriophorum angustifolium,50101,Eriophorum angustifolium Honck.,0,0,0,0,0,0,0,0,0,0,0,1,+,0,1,0,0,0,0,+,+,0,0,+,0,0,0,r,0,+,+,0,1,1,0,0,0,0,0,+,+,1,2,+,r,+,0,0,0,0,0,0,0,0,0,0,0,0,0,0,0,0,0,0,0,0,0,0,0,0,0,0,0,0,0,0,0,0,0
Eriophorum russeolum,50101,Eriophorum russeolum Fr. ex Hartm.,0,0,0,0,0,0,0,0,0,0,0,1,+,+,0,0,0,0,0,0,0,0,0,0,0,0,0,0,0,0,0,0,0,0,0,0,0,0,0,0,0,0,0,0,0,0,0,0,0,0,0,0,0,0,0,0,0,0,0,0,0,0,0,0,0,0,0,0,0,0,0,0,0,0,0,0,0,0,0
Eriophorum vaginatum,50102,Eriophorum vaginatum L.,0,0,0,0,0,+,0,0,0,0,0,0,0,0,2,+,1,+,1,+,+,+,+,+,0,+,+,+,0,0,0,0,1,1,0,0,+,+,+,0,0,0,0,0,0,0,0,0,0,0,0,0,0,0,0,0,0,0,0,0,0,0,0,0,0,0,0,0,0,0,0,0,0,0,0,0,0,0,0
Festuca cf. ovina,50200,Festuca  ovina [subsp. ovina] L.,0,0,0,0,r,0,0,0,0,0,0,0,0,0,r,0,0,0,0,0,0,r,r,+,+,r,r,+,+,0,0,0,0,0,0,0,0,0,0,0,0,0,0,0,0,0,r,0,0,0,0,0,0,0,0,0,0,0,0,0,0,0,0,0,0,0,0,0,0,0,0,0,0,0,0,0,0,0,0
Flavocetraria cucullata,30300,Flavocetraria cucullata (Bell.) Kärnefelt & Thell,0,0,0,0,0,1,+,1,0,0,0,0,0,0,+,+,+,+,+,1,2,1,1,1,+,+,+,+,+,+,+,+,+,+,+,+,+,+,+,+,+,+,+,+,+,+,+,+,+,0,0,+,+,+,0,+,0,0,0,0,+,0,+,0,0,0,0,0,0,+,+,1,+,+,+,+,+,+,+
Flavocetraria nivalis,30300,Flavocetraria nivalis (L.) Kärnefelt & Thell,0,0,0,0,0,0,0,0,0,0,0,0,0,0,r,+,+,0,r,+,2,2,1,1,0,0,0,0,0,0,0,0,0,0,1,1,+,1,+,0,0,0,0,0,+,+,+,+,+,0,0,0,0,0,0,0,0,0,0,0,0,0,0,0,0,0,0,0,0,0,0,0,0,0,0,0,0,0,0
Fulgensia bracteata,30100,Fulgensia bracteata (Hoffm.)  Räsänen,0,0,0,0,0,0,0,0,0,0,0,0,0,0,0,0,0,0,0,0,0,0,0,0,0,0,0,0,0,0,0,0,0,0,0,0,0,0,0,0,0,0,0,0,0,0,0,0,0,0,0,0,0,0,0,0,0,0,0,0,0,0,0,0,0,0,0,0,0,0,r,r,+,r,+,0,+,+,0
Gowardia arctica,30300,"Gowardia arctica P.Halonen, L. Myllys, S. Velmala & H.Hyvarinen",0,0,0,0,0,0,0,0,0,0,0,0,0,0,0,0,0,0,0,0,0,0,0,0,0,0,0,0,0,0,0,0,0,0,0,0,0,0,0,0,0,0,0,0,0,0,0,0,0,0,0,0,0,0,0,0,0,0,0,0,0,0,0,0,0,0,0,0,0,0,r,+,+,+,0,r,0,0,0
Alectoria nigricans,30300,"Gowardia nigricans (Ach.) P. Halonen, L. Myllys, S. Velmala & H. Hyvärinen",0,0,0,0,0,0,0,0,0,0,0,0,0,0,0,0,0,0,0,+,+,0,0,0,+,0,+,0,+,+,0,+,0,+,+,+,+,+,0,+,0,0,0,0,+,+,+,+,+,0,0,0,0,+,0,0,0,+,0,+,+,0,+,+,+,+,+,+,+,0,0,0,0,0,0,0,0,0,0
Gymnocolea inflata,20100,Gymnocolea inflata (Huds.) Dumort.,0,0,0,0,0,0,0,0,0,0,0,0,0,0,0,0,0,0,0,0,0,0,+,0,0,0,0,0,0,0,0,0,0,0,0,+,0,0,0,0,0,0,0,0,0,0,0,0,0,0,0,0,0,0,0,0,0,0,0,0,0,0,0,0,0,0,0,0,0,0,0,0,0,0,0,0,0,0,0
Gymnomitrion corallioides,20100,Gymnomitrion corallioides Nees,0,0,0,0,0,0,0,0,0,0,0,0,0,0,0,0,0,0,0,0,0,0,0,0,0,0,0,0,0,0,0,1,0,0,+,+,2,2,2,0,0,0,0,0,0,+,1,1,1,+,0,0,0,0,0,0,0,0,0,5,+,5,+,4,+,5,+,5,+,0,0,0,0,0,0,0,0,0,0
Hierochloe alpina,50200,Hierochloë alpina (Sw.) Roem. & Schult.,0,0,0,0,0,0,0,0,0,0,0,0,0,0,0,0,0,0,0,0,0,+,+,0,r,r,r,0,r,0,0,0,0,0,0,0,1,0,1,0,0,0,0,0,0,0,0,0,0,0,0,0,0,0,0,0,0,0,0,0,0,0,0,0,0,0,0,0,0,0,0,0,0,0,0,0,0,0,0
Huperzia selago,40300,Huperzia selago (L.) Bernh. ex Schrank & Mart.,0,0,0,0,0,0,0,0,0,0,0,0,0,0,0,0,0,0,0,0,0,r,0,0,0,0,0,0,0,0,0,0,0,0,0,r,0,0,0,0,0,0,0,0,0,0,0,0,0,0,0,0,0,0,0,0,0,0,0,0,0,0,0,0,0,0,0,0,0,0,0,0,0,0,0,0,0,0,0
Hylocomium splendens,10200,Hylocomium splendens (Hedw.) Schimp.,0,0,0,0,0,0,0,0,0,0,0,0,0,0,+,1,1,1,1,0,r,r,0,0,3,3,3,3,2,2,2,2,2,2,0,0,+,+,+,2,1,+,1,1,+,+,1,1,+,+,4,+,3,+,3,+,3,+,1,0,+,0,r,0,r,0,+,0,+,0,0,0,0,0,0,0,0,0,0
Hypnum revolutum,10200,Hypnum revolutum (Mitt.) Lindb.,0,0,0,0,0,0,0,0,0,0,0,0,0,0,0,0,0,0,0,0,0,0,0,0,0,0,0,0,0,0,0,0,0,0,0,0,0,0,0,0,0,0,0,0,0,0,0,0,0,0,0,0,0,0,0,0,0,0,0,0,0,0,0,0,0,0,0,0,0,0,r,0,0,0,0,0,0,0,0
Hypnum subimponens,10200,Hypnum subimponens Lesq.,0,0,0,0,0,0,0,0,0,0,0,0,0,0,0,0,0,0,0,0,0,0,0,0,0,r,0,0,0,0,0,0,0,0,0,0,0,0,0,0,0,0,0,0,0,0,0,0,0,0,0,0,0,0,0,0,0,0,0,0,0,0,0,0,0,0,0,0,0,0,0,0,0,0,0,0,0,0,0
Hypogymnia physodes,30200,Hypogymnia physodes (L.) Nyl.,0,0,0,0,0,0,0,0,0,0,0,0,0,0,0,0,0,0,0,0,0,+,0,+,0,0,0,0,0,0,0,0,0,0,0,0,+,0,0,0,0,0,0,0,0,0,0,0,0,0,0,0,0,0,0,0,0,0,0,0,0,0,0,0,0,0,0,0,0,0,0,0,0,0,0,0,0,0,0
Hypogymnia subobscura,30200,Hypogymnia subobscura (Vainio) Poelt,0,0,0,0,0,0,0,0,0,0,0,0,0,0,0,0,0,0,0,0,0,0,0,0,0,0,0,0,0,0,0,0,0,0,0,0,0,0,0,0,0,0,0,0,0,0,0,0,0,r,0,0,0,+,0,0,0,0,0,0,0,0,0,0,0,0,0,0,0,0,0,0,0,0,0,0,0,0,0
Icmadophila ericetorum,30100,Icmadophila ericetorum (L.) Zahlbr.,0,0,0,0,0,0,0,0,0,0,0,0,0,0,0,0,0,0,0,0,0,0,0,0,0,0,0,0,0,0,0,0,0,0,1,0,+,1,+,0,0,0,0,0,0,0,0,0,0,0,0,0,0,0,0,0,0,0,0,0,0,0,0,0,0,0,0,0,0,0,0,0,0,0,0,0,0,0,0
Japewia tornoënsis,30100,Japewia tornoënsis (Nyl.) Tönsberg,0,0,0,0,0,0,0,0,0,0,0,0,0,0,0,0,0,0,0,0,0,0,0,0,0,0,0,0,0,0,0,0,0,0,0,0,0,0,0,0,0,0,0,0,0,0,0,0,+,0,0,0,0,0,0,0,0,0,0,0,0,0,0,0,0,0,0,0,0,0,0,0,0,0,0,0,0,0,0
Juncus biglumis,50300,Juncus biglumis L.,0,0,0,0,0,0,0,0,0,0,0,0,0,0,0,0,0,0,0,0,0,0,0,0,0,0,0,0,0,0,0,0,0,0,0,0,0,0,0,0,0,0,0,0,0,0,0,0,0,+,0,+,r,+,0,1,0,+,0,0,0,0,0,r,0,r,0,0,0,0,0,0,0,0,0,0,0,0,0
Jungermannia sp.,20100,Jungermannia species,0,0,0,0,0,0,0,0,0,0,0,0,0,0,0,0,0,0,0,0,0,0,0,0,0,0,0,0,0,0,0,0,0,0,0,0,0,0,0,0,0,0,0,0,0,0,0,0,0,+,0,0,0,0,0,0,0,0,0,0,0,0,0,0,0,0,0,0,0,0,0,0,0,0,0,0,0,0,0
Juniperus communis,70201,Juniperus communis L.,0,1,1,1,1,0,0,0,0,0,0,0,0,0,0,0,0,0,0,0,0,0,0,0,0,0,0,0,0,0,0,0,0,0,0,0,0,0,0,0,0,0,0,0,0,0,0,0,0,0,0,0,0,0,0,0,0,0,0,0,0,0,0,0,0,0,0,0,0,0,0,0,0,0,0,0,0,0,0
Kiaeria cf. blyttii,10100,Kiaeria blyttii (B.S.G.) Broth.,0,0,0,0,0,r,0,0,0,0,0,0,0,0,0,0,0,0,0,0,0,0,0,0,0,0,0,0,0,0,0,0,0,0,0,0,0,0,0,0,0,0,0,0,0,0,0,0,0,0,0,0,0,0,0,0,0,0,0,0,0,0,0,0,0,0,0,0,0,0,0,0,0,0,0,0,0,0,0
Larix sibirica,70302,Larix sibirica Ledeb.,1,1,1,1,1,0,0,0,0,0,0,0,0,0,0,0,0,0,0,0,0,0,0,0,0,0,0,0,0,0,0,0,0,0,0,0,0,0,0,0,0,0,0,0,0,0,0,0,0,0,0,0,0,0,0,0,0,0,0,0,0,0,0,0,0,0,0,0,0,0,0,0,0,0,0,0,0,0,0
Lecanora geophila,30100,Lecanora geophila (Th. Fr.) Poelt,0,0,0,0,0,0,0,0,0,0,0,0,0,0,0,0,0,0,0,0,0,0,0,0,0,0,0,0,0,0,0,0,0,0,0,0,0,0,0,0,0,0,0,0,0,0,0,0,0,0,0,0,0,0,0,0,0,0,0,0,0,0,0,0,0,0,0,0,0,0,0,0,0,0,0,r,r,0,0
Lecidea ramulosa,30100,Lecidea ramulosa Th. Fr.,0,0,0,0,0,0,0,0,0,0,0,0,0,0,0,0,0,0,0,0,0,0,0,0,0,0,0,0,0,0,0,0,0,0,0,0,0,0,0,0,0,0,0,0,0,0,0,0,0,0,0,0,0,0,0,0,0,0,0,0,0,0,0,0,0,0,0,0,0,2,2,2,2,2,+,+,+,1,2
Lepraria gelida,30100,Lepraria gelida Třnsberg & Zhurb.,0,0,0,0,0,0,0,0,0,0,0,0,0,0,0,0,0,0,0,0,0,0,0,0,0,0,0,0,0,0,0,0,0,0,0,0,0,0,0,0,0,0,0,0,0,0,0,0,0,0,0,0,0,0,0,0,0,0,0,0,0,0,0,0,0,0,0,0,0,0,+,0,+,0,0,0,0,0,0
Lichenomphalia hudsoniana,30200,Lichenomphalia hudsoniana (H. S. Jenn.) Redhead et al.,0,0,0,0,0,0,0,0,0,0,0,0,0,0,0,0,0,0,0,0,0,0,0,0,0,0,0,0,0,+,0,0,0,0,0,0,0,0,0,+,+,+,+,+,0,0,0,0,0,0,0,0,0,0,0,0,0,0,0,0,0,0,0,0,0,0,0,0,0,0,0,0,0,0,0,0,0,0,0
Lloydia serotina,60300,Lloydia serotina (L.) Rchb.,0,0,0,0,0,0,0,0,0,0,0,0,0,0,0,0,0,0,0,0,0,0,0,0,0,0,0,0,0,0,0,0,0,0,0,0,0,0,0,0,0,0,0,0,0,0,0,0,0,0,0,0,0,0,0,0,0,0,0,+,+,+,+,0,0,0,r,0,0,0,0,0,0,0,0,0,0,0,0
Lobaria linita,30200,Lobaria linita (Ach.) Rabenh.,0,0,0,0,0,0,0,0,0,0,0,0,0,0,0,0,0,0,0,0,0,0,0,0,0,0,0,0,0,0,0,0,0,0,0,0,0,0,0,0,r,r,0,r,0,r,+,0,+,0,+,0,+,0,+,0,+,0,+,0,0,0,0,0,0,0,0,0,0,0,0,0,0,0,0,0,0,0,0
Lophozia sp.,20100,Lophozia species,0,0,0,0,0,0,0,0,0,0,0,0,0,0,0,0,0,0,0,0,0,0,0,0,0,0,0,0,0,0,0,0,0,0,0,0,0,0,0,0,0,0,0,0,0,0,0,0,0,+,0,0,0,0,0,0,0,0,0,0,0,0,0,0,0,0,0,0,0,0,0,0,0,0,0,0,0,0,0
Lophozia ventricosa ,20100,Lophozia ventricosa (Dicks.) Dumort.,0,0,0,0,0,0,0,0,0,0,0,0,0,0,0,0,0,0,0,0,+,+,+,+,0,r,+,0,+,+,+,0,0,+,0,0,0,+,+,+,1,1,+,1,+,+,+,+,+,0,0,0,0,0,0,0,0,0,0,0,0,0,0,0,0,0,0,0,0,0,0,0,0,0,0,0,0,0,0
Luzula confusa,50300,Luzula confusa Lindeb.,0,0,0,0,0,0,0,0,0,0,0,0,0,0,0,0,0,0,0,0,0,0,0,0,+,r,0,0,0,0,0,0,0,0,0,0,0,0,0,+,+,+,+,+,+,+,1,1,1,0,0,0,0,0,0,0,0,0,r,+,+,+,1,+,1,+,+,+,+,0,0,0,0,0,0,0,0,0,0
Luzula nivalis,50300,Luzula nivalis (Laest.) Spreng.,0,0,0,0,0,0,0,0,0,0,0,0,0,0,0,0,0,0,0,0,0,0,0,0,0,0,0,0,0,0,0,0,0,0,0,0,0,0,0,0,0,0,0,0,0,r,0,0,0,0,0,r,0,+,0,0,0,0,+,0,0,0,0,0,0,0,0,0,0,0,0,0,0,0,0,0,0,0,0
Luzula cf. wahlenbergii,50300,Luzula wahlenbergii Rupr.,0,0,0,0,0,0,0,0,0,0,0,0,0,0,0,0,0,0,0,0,0,+,0,0,0,0,0,0,0,0,0,0,0,0,r,0,+,+,+,0,0,0,0,0,0,0,0,0,0,0,0,0,0,0,0,0,0,0,0,0,0,0,0,0,0,0,0,0,0,0,0,0,0,0,0,0,0,0,0
Meesia uliginosa,10100,Meesia uliginosa Hedw.,0,0,0,0,0,0,0,0,0,0,0,0,0,0,0,0,0,0,0,0,0,0,0,0,0,0,0,0,0,0,0,0,0,0,0,0,0,0,0,0,0,0,0,0,0,0,0,0,0,0,0,+,0,0,0,+,0,0,0,0,0,0,0,0,0,0,0,0,0,0,0,0,0,0,0,0,0,0,0
Micarea incrassata,30100,Micarea incrassata Hedl.,0,0,0,0,0,0,0,0,0,0,0,0,0,0,0,0,0,0,0,0,0,0,0,0,0,0,0,0,0,0,0,0,0,0,0,0,0,0,0,0,0,0,0,0,0,0,0,0,0,0,0,+,0,0,0,+,0,0,0,0,0,0,0,0,0,0,0,0,0,0,0,0,0,0,0,0,0,0,0
Saxifraga foliolosa,60200,Micranthes foliolosa (R. Br.) Gornall,0,0,0,0,0,0,0,0,0,0,0,0,0,0,0,0,0,0,0,0,0,0,0,0,0,0,0,0,0,0,0,0,0,0,0,0,0,0,0,0,0,0,+,0,0,0,0,0,0,0,0,0,0,r,0,0,0,0,0,0,0,0,0,0,0,0,0,0,0,0,0,0,0,0,0,0,0,0,0
Saxifraga tenuis,60200,Micranthes tenuis (Wahlenb.) Small,0,0,0,0,0,0,0,0,0,0,0,0,0,0,0,0,0,0,0,0,0,0,0,0,0,0,0,0,0,0,0,0,0,0,0,0,0,0,0,0,0,0,0,0,0,0,0,0,0,0,0,0,0,0,0,0,0,0,0,0,0,0,0,0,0,r,0,0,0,0,0,0,0,0,0,0,0,0,0
Minuartia cf. arctica,60200,Minuartia arctica (Steven ex Ser.) Graebn.,0,0,0,0,0,0,0,0,0,0,0,0,0,0,r,0,0,r,0,0,0,0,0,0,0,0,0,0,0,0,0,0,0,0,0,0,0,0,0,0,0,0,0,0,0,0,0,0,0,0,0,0,0,0,0,0,0,0,0,0,0,0,0,0,0,0,0,0,0,0,0,0,0,0,0,0,0,0,0
Mycoblastus sp.,30100,Mycoblastus species,0,0,0,0,0,0,0,0,0,0,0,0,0,0,0,0,0,0,0,0,0,+,0,0,0,0,0,0,0,0,0,0,0,0,0,0,0,0,0,0,0,0,0,0,0,0,0,0,0,0,0,0,0,0,0,0,0,0,0,0,0,0,0,0,0,0,0,0,0,0,0,0,0,0,0,0,0,0,0
Mylia anomala,20100,Mylia anomala (Hook.) Gray,0,0,0,0,0,r,1,0,0,0,0,0,0,0,0,0,0,0,0,0,0,0,0,0,0,0,0,0,0,0,0,0,0,0,0,0,0,0,0,0,0,0,0,0,0,0,0,0,0,0,0,0,0,0,0,0,0,0,0,0,0,0,0,0,0,0,0,0,0,0,0,0,0,0,0,0,0,0,0
Myurella julacea,10200,Myurella julacea (Schwaegr.) Schimp.,0,0,0,0,0,0,0,0,0,0,0,0,0,0,0,0,0,0,0,0,0,0,0,0,0,0,0,0,0,0,0,0,0,0,0,0,0,0,0,0,0,0,0,0,0,0,0,0,0,0,0,0,0,0,0,0,0,0,0,0,0,0,0,0,0,0,0,0,0,+,+,+,0,0,0,0,0,0,+
Myurella tenerrima,10200,Myurella tenerrima (Brid.) Lindb.,0,0,0,0,0,0,0,0,0,0,0,0,0,0,0,0,0,0,0,0,0,0,0,0,0,0,0,0,0,0,0,0,0,0,0,0,0,0,0,0,0,0,0,0,0,0,0,0,0,+,0,0,0,0,0,+,0,0,0,0,0,0,0,0,0,0,0,0,0,0,0,0,0,0,0,0,0,0,0
Nephroma expallidum,30200,Nephroma expallidum (Nyl.) Nyl.,0,0,0,0,0,0,0,0,0,0,0,0,0,0,0,0,0,0,0,0,0,0,0,0,0,0,0,0,0,0,0,0,0,0,0,0,0,0,0,0,0,0,0,r,0,0,0,0,0,+,0,0,0,0,0,0,0,0,+,0,0,0,0,0,0,0,0,0,0,0,0,0,0,0,0,0,0,0,0
Ochrolechia androgyna,30100,Ochrolechia androgyna (Hoffm.) Arn.,0,0,0,0,0,0,0,0,0,0,0,0,0,0,0,0,0,0,0,0,0,0,0,0,0,0,0,0,0,0,0,0,0,0,0,0,+,0,0,0,0,0,0,0,0,0,0,0,0,0,0,0,0,0,0,0,0,0,0,0,0,0,0,0,0,0,0,0,0,0,0,0,0,0,0,0,0,0,0
Ochrolechia frigida,30100,Ochrolechia frigida (Sw.) Lynge,0,0,0,0,0,0,0,0,0,0,0,0,0,0,1,+,r,1,1,r,+,+,+,+,0,0,0,0,+,0,0,0,0,0,1,1,1,1,r,1,0,+,+,1,0,0,0,0,0,1,0,2,1,2,+,1,+,2,+,1,+,1,1,1,1,1,+,2,1,0,0,0,+,0,0,0,0,0,0
Ochrolechia inaequatula,30100,Ochrolechia inaequatula (Nyl.) Zahlbr.,0,0,0,0,0,0,0,0,0,0,0,0,0,0,0,0,0,0,0,0,0,0,0,+,0,0,+,+,0,1,1,1,+,1,+,0,0,0,0,0,+,0,0,0,+,+,+,+,1,+,0,+,+,0,0,0,0,0,0,0,0,0,0,0,0,0,0,0,0,0,0,+,0,+,0,0,+,0,0
Oncophorus compactus,10100,Oncophorus compactus (B.S.G.) Kindb.,0,0,0,0,0,0,0,0,0,0,0,0,0,0,0,0,0,0,0,0,0,0,0,0,0,0,0,0,0,0,0,0,0,0,0,0,0,0,0,0,0,0,0,0,0,0,0,0,0,+,0,0,0,0,0,0,0,0,0,0,0,0,0,0,0,0,0,0,0,0,0,0,0,0,0,0,0,0,0
Oncophorus virens,10100,Oncophorus virens (Hedw.) Brid.,0,0,0,0,0,0,0,0,0,0,0,0,0,0,0,0,0,0,0,0,0,0,0,0,0,0,0,0,0,0,0,0,0,0,0,0,0,0,0,0,0,0,0,0,0,0,0,0,0,0,0,0,0,0,0,0,0,0,0,0,0,0,0,0,0,0,0,0,0,0,r,r,r,0,0,0,0,0,0
Oncophorus wahlenbergii,10100,Oncophorus wahlenbergii Brid.,0,0,0,0,0,0,0,0,0,0,0,0,0,0,0,0,0,0,0,+,0,0,r,0,0,+,0,0,0,0,0,0,0,0,0,0,0,0,0,0,0,0,0,0,+,0,0,0,0,0,1,0,1,0,1,0,1,0,1,0,0,0,0,0,0,0,0,0,0,0,0,0,0,0,0,0,0,0,0
Barbilophozia binsteadii,20100,Orthocaulis binsteadii (Kaal.) H. Buch,0,0,0,0,0,0,0,0,0,0,0,0,0,0,1,0,0,0,0,0,0,0,0,0,0,0,0,0,0,+,+,0,+,+,0,0,0,0,0,0,0,0,0,0,0,0,0,0,0,0,0,0,0,0,0,0,0,0,0,0,0,0,0,0,0,0,0,0,0,0,0,0,0,0,0,0,0,0,0
Orthothecium chryseum,10200,Orthothecium chryseum (Schwaegr.) B. S. G.,0,0,0,0,0,0,0,0,0,0,0,0,0,0,0,0,0,0,0,0,0,0,0,0,0,0,0,0,0,0,0,0,0,0,0,0,0,0,0,0,0,0,0,0,0,0,0,0,0,+,0,0,0,0,0,0,0,0,0,0,0,0,0,0,0,0,0,0,0,1,1,1,+,1,+,+,+,+,1
Orthothecium strictum,10200,Orthothecium strictum Lor.,0,0,0,0,0,0,0,0,0,0,0,0,0,0,0,0,0,0,0,0,0,0,0,0,0,0,0,0,0,0,0,0,0,0,0,0,0,0,0,0,0,0,0,0,0,0,0,0,0,0,0,0,0,0,0,+,0,0,0,0,0,0,0,0,0,0,0,0,0,0,0,0,0,0,0,0,0,0,0
Oxycoccus microcarpus,70101,Oxycoccus microcarpus Turcz. ex Rupr.,0,0,0,0,0,0,1,0,0,0,0,r,0,0,0,0,0,0,0,0,0,0,0,0,0,0,0,0,0,0,0,0,0,0,0,0,0,0,0,0,0,0,0,0,0,0,0,0,0,0,0,0,0,0,0,0,0,0,0,0,0,0,0,0,0,0,0,0,0,0,0,0,0,0,0,0,0,0,0
Oxyria digyna,60200,Oxyria digyna (L.) Hill,0,0,0,0,0,0,0,0,0,0,0,0,0,0,0,0,0,0,0,0,0,0,0,0,0,0,0,0,0,0,0,0,0,0,0,0,0,0,0,0,0,0,0,0,0,0,0,0,0,0,0,0,0,0,0,0,0,0,0,+,+,+,+,+,+,+,+,0,0,0,0,0,0,0,0,0,0,+,0
Pachypleurum alpinum,60300,Pachypleurum alpinum Ledeb.,0,0,0,0,0,0,0,0,0,0,0,0,0,0,0,0,0,0,0,0,0,0,0,0,0,0,0,0,0,0,0,0,0,0,0,0,0,0,0,0,0,0,0,0,0,+,0,0,0,0,0,0,0,0,0,0,0,0,0,0,0,0,0,0,0,0,0,0,0,0,0,0,0,0,0,0,0,0,0
Papaver dahlianum ssp. polare,60200,Papaver  dahlianum aggregate,0,0,0,0,0,0,0,0,0,0,0,0,0,0,0,0,0,0,0,0,0,0,0,0,0,0,0,0,0,0,0,0,0,0,0,0,0,0,0,0,0,0,0,0,0,0,0,0,0,0,0,0,0,0,0,0,0,0,0,0,0,0,0,0,0,0,0,0,0,1,2,1,2,1,2,1,2,2,2
Parmelia omphalodes,30200,Parmelia omphalodes s. lat. (L.) Ach.,0,0,0,0,0,0,0,0,0,0,0,0,0,0,0,0,0,0,0,0,0,0,0,0,0,0,0,0,0,0,0,0,0,0,0,0,0,0,0,r,0,0,0,r,r,r,+,+,+,1,0,1,0,1,0,1,0,1,0,+,0,1,+,+,0,+,0,+,0,0,0,0,0,r,0,0,0,0,0
Parrya nudicaulis,60300,Parrya nudicaulis (L.) Regel,0,0,0,0,0,0,0,0,0,0,0,0,0,0,0,0,0,0,0,0,0,0,0,0,0,0,0,0,0,0,0,0,0,0,0,0,0,0,0,0,0,0,0,0,0,r,0,0,0,0,0,0,0,0,0,0,0,0,0,0,0,0,0,0,0,0,0,0,0,0,0,0,0,0,0,0,0,0,0
Pedicularis hirsuta,60300,Pedicularis hirsuta L.,0,0,0,0,0,0,0,0,0,0,0,0,0,0,0,0,0,0,0,0,0,0,0,0,0,+,0,0,0,0,+,+,+,0,0,0,0,0,0,0,0,0,0,0,0,+,+,+,+,0,0,0,0,0,0,0,0,0,0,+,+,0,+,0,+,0,0,+,+,0,0,0,0,0,0,0,0,0,0
Pedicularis labradorica,60300,Pedicularis labradorica Wirsing,0,0,0,0,0,0,0,0,0,0,0,0,0,0,+,+,+,+,+,+,+,0,+,0,0,0,0,0,0,0,0,0,0,0,0,0,0,0,0,0,0,0,0,0,0,0,0,0,0,0,0,0,0,0,0,0,0,0,0,0,0,0,0,0,0,0,0,0,0,0,0,0,0,0,0,0,0,0,0
Pedicularis cf. lapponica,60300,Pedicularis lapponica L.,0,0,0,0,0,0,0,0,0,0,0,0,0,0,0,0,r,0,0,r,r,+,+,0,0,0,0,0,0,0,0,0,0,0,0,0,0,0,0,0,0,0,0,r,0,0,0,0,0,0,0,0,0,0,0,0,0,0,0,0,0,0,0,0,0,0,0,0,0,0,0,0,0,0,0,0,0,0,0
Peltigera aphthosa,30200,Peltigera aphthosa (L.) Willd.,0,0,0,0,0,0,0,0,0,0,0,0,0,0,0,0,0,0,0,0,0,0,0,0,0,0,0,0,0,0,0,0,0,0,0,0,0,0,0,+,+,+,+,+,+,+,+,0,0,0,0,0,0,0,+,0,0,0,0,0,0,0,0,0,0,0,0,0,0,0,0,0,0,0,0,0,0,0,0
Peltigera canina,30200,Peltigera canina (L.) Willd.,0,0,0,0,0,0,0,0,0,0,0,0,0,0,0,0,0,0,0,0,0,0,0,0,r,0,0,0,0,0,0,0,0,0,0,0,0,0,0,+,+,+,0,0,+,+,+,0,0,0,0,0,0,0,0,0,0,0,0,0,0,0,0,0,0,0,0,0,0,0,0,0,0,0,0,0,0,0,0
Peltigera cf. frippii,30200,Peltigera  frippii Holt.-Hartw.,0,0,0,0,0,0,0,0,0,0,0,0,0,0,0,0,0,0,0,0,+,0,0,0,0,0,0,0,0,0,0,+,+,0,0,0,0,0,0,0,0,0,0,0,0,0,0,0,0,0,0,0,0,0,0,0,0,0,0,0,0,0,0,0,0,0,0,0,0,0,0,0,0,0,0,0,0,0,0
Peltigera kristinssonii,30200,Peltigera kristinssonii Vitik.,0,0,0,0,0,0,0,0,0,0,0,0,0,0,0,0,0,0,0,0,0,0,0,0,0,0,0,0,0,0,0,0,0,0,0,0,0,0,0,0,0,r,r,0,0,0,0,0,0,0,0,0,0,0,0,0,0,0,0,0,0,0,0,0,0,0,0,0,0,0,0,0,0,0,0,0,0,0,0
Peltigera leucophlebia,30200,Peltigera leucophlebia (Nyl.) Gyeln.,1,1,1,1,1,0,0,0,0,0,0,0,0,0,r,0,r,0,0,0,0,0,0,0,+,+,+,+,+,+,0,+,+,+,0,0,0,0,0,0,0,0,0,0,0,0,0,0,r,0,0,0,0,0,0,0,+,0,+,0,0,0,0,0,0,0,0,0,0,0,0,0,0,0,0,0,0,0,0
Peltigera malacea,30200,Peltigera malacea (Ach.) Funck,0,1,1,0,1,0,0,0,0,0,0,0,0,0,0,0,0,0,0,0,0,0,0,0,0,0,0,0,0,0,0,0,0,0,0,0,0,0,0,0,0,0,0,0,0,0,0,0,0,0,0,0,0,0,0,0,0,0,0,0,0,0,0,0,0,0,0,0,0,0,0,0,0,0,0,0,0,0,0
Peltigera cf. neckeri,30200,Peltigera neckeri Müll. Arg.,0,1,0,0,0,0,0,0,0,0,0,0,0,0,r,0,+,0,r,0,0,+,0,0,0,0,0,0,0,0,0,0,0,+,0,0,0,0,0,0,0,0,0,0,0,0,0,0,0,0,0,0,0,0,0,0,0,0,0,0,0,0,0,0,0,0,0,0,0,0,0,0,0,0,0,0,0,0,0
Peltigera polydactylon,30200,Peltigera polydactylon (Neck.) Hoffm.,0,0,0,0,0,0,0,0,0,0,0,0,0,0,0,0,0,0,0,0,0,0,+,0,0,0,0,0,0,0,0,0,0,0,0,0,0,0,0,0,0,0,0,0,0,0,0,0,0,0,0,0,0,0,0,0,0,0,0,0,0,0,0,0,0,0,0,0,0,0,0,0,0,0,0,0,0,0,0
Peltigera scabrosa,30200,Peltigera scabrosa Th. Fr.,0,0,0,+,0,0,0,0,0,0,0,0,0,0,0,r,r,r,0,+,0,0,0,+,0,0,+,+,+,+,+,0,0,0,0,0,0,0,0,+,+,+,0,+,r,r,0,0,+,0,0,0,+,0,+,0,+,0,+,0,+,0,0,0,0,0,0,0,0,0,0,0,0,0,0,0,0,0,0
Peltigera sp.,30200,Peltigera species,0,0,0,0,0,0,0,0,0,0,0,0,0,0,0,0,0,0,0,0,0,0,+,0,0,0,0,0,0,0,0,0,0,0,0,0,0,0,0,0,0,0,0,r,0,0,0,0,0,0,0,0,0,0,0,0,0,0,0,0,0,0,0,0,0,0,0,0,0,0,0,0,0,0,0,0,0,0,0
Peltigera venosa,30200,Peltigera venosa (L.) Hoffm.,0,0,0,0,0,0,0,0,0,0,0,0,0,0,0,0,0,0,0,0,0,0,0,0,0,0,0,0,0,0,0,0,0,0,0,0,0,0,0,0,0,0,0,0,0,0,0,0,0,0,0,0,0,0,0,0,0,0,0,0,0,0,0,0,0,0,0,0,0,0,0,r,0,0,0,0,0,0,0
Pertusaria dactylina,30100,Pertusaria dactylina (Ach.) Nyl.,0,0,0,0,0,0,0,0,0,0,0,0,0,0,0,0,r,0,0,+,+,+,+,0,0,0,0,0,0,0,0,0,0,0,+,0,0,0,1,0,0,0,0,0,0,0,0,0,0,0,0,0,0,0,0,0,0,0,0,0,0,0,0,+,0,0,0,0,0,0,0,0,0,0,0,0,0,0,0
Pertusaria geminipara,30100,Pertusaria geminipara (Th. Fr.) C. Knight ex Brodo,0,0,0,0,0,0,0,0,0,0,0,0,0,0,0,0,0,0,0,0,+,1,0,0,0,0,0,0,0,+,0,0,0,0,0,0,0,+,0,0,0,0,0,0,0,0,0,0,0,0,0,0,0,0,0,0,0,0,0,0,0,0,0,0,0,0,0,0,0,0,0,0,0,0,0,0,0,0,0
Pertusaria panyrga,30100,Pertusaria panyrga (Ach.) A. Massal.,0,0,0,0,0,0,0,0,0,0,0,0,0,0,0,0,0,0,0,0,0,0,0,0,0,0,0,0,0,0,0,0,0,0,+,0,0,+,0,0,0,r,0,0,0,0,0,0,0,0,0,0,0,0,0,0,0,0,0,0,0,0,0,+,0,0,0,+,0,0,0,0,0,0,0,0,0,0,0
Pertusaria sp.,30100,Pertusaria species,0,0,0,0,0,0,0,0,0,0,0,0,0,0,0,0,0,0,0,0,0,0,0,0,0,0,0,0,0,0,0,0,0,0,0,0,0,0,0,0,0,0,0,0,0,0,0,0,0,0,0,0,0,0,0,0,0,0,0,+,0,+,0,+,0,+,0,+,0,+,0,0,0,+,0,0,0,0,+
Petasites frigidus,60300,Petasites frigidus (L.) Fr.,0,0,0,0,0,0,0,0,0,0,0,0,0,0,0,r,+,+,1,0,0,0,0,0,0,0,0,0,0,0,0,0,0,0,0,0,0,0,0,0,0,0,0,0,0,0,0,0,0,0,0,0,0,0,0,0,0,0,0,0,0,0,0,0,0,0,0,0,0,0,0,0,0,0,0,0,0,0,0
Phippsia algida,50200,Phippsia algida (Sol.) R. Br.,0,0,0,0,0,0,0,0,0,0,0,0,0,0,0,0,0,0,0,0,0,0,0,0,0,0,0,0,0,0,0,0,0,0,0,0,0,0,0,0,0,0,0,0,0,0,0,0,0,0,0,0,0,0,0,0,0,0,0,0,0,0,0,0,0,0,0,0,0,1,1,+,+,+,+,+,+,+,1
Physconia muscigena,30200,Physconia muscigena (Ach.) Poelt,0,0,0,0,0,0,0,0,0,0,0,0,0,0,0,0,0,0,0,0,0,0,0,0,0,0,0,0,0,0,0,0,0,0,0,0,0,0,0,0,0,0,0,0,0,0,0,0,0,0,0,0,0,0,0,0,0,0,0,0,0,0,0,0,0,0,0,0,0,0,0,0,r,0,0,0,0,0,0
Pinus sibirica,70301,Pinus sibirica Du Tour,0,1,0,0,1,0,0,0,0,0,0,0,0,0,0,0,0,0,0,0,0,0,0,0,0,0,0,0,0,0,0,0,0,0,0,0,0,0,0,0,0,0,0,0,0,0,0,0,0,0,0,0,0,0,0,0,0,0,0,0,0,0,0,0,0,0,0,0,0,0,0,0,0,0,0,0,0,0,0
Pinus sylvestris,70301,Pinus sylvestris L.,2,2,2,2,1,0,0,0,0,0,0,0,0,0,0,0,0,0,0,0,0,0,0,0,0,0,0,0,0,0,0,0,0,0,0,0,0,0,0,0,0,0,0,0,0,0,0,0,0,0,0,0,0,0,0,0,0,0,0,0,0,0,0,0,0,0,0,0,0,0,0,0,0,0,0,0,0,0,0
Plagiomnium ellipticum,10100,Plagiomnium ellipticum (Brid.) T. Kop.,0,0,0,0,0,0,0,0,0,0,0,0,0,0,0,0,0,0,0,0,0,0,0,0,+,+,0,0,0,0,0,0,0,0,0,0,0,0,0,0,0,0,0,0,0,0,0,0,0,0,0,0,0,0,0,0,0,0,0,0,0,0,0,0,0,0,0,0,0,0,0,0,0,0,0,0,0,0,0
Plagiothecium berggrenianum,10200,Plagiothecium berggrenianum Frisvoll,0,0,0,0,0,0,0,0,0,0,0,0,0,0,0,0,0,0,0,0,0,0,0,0,0,0,0,0,0,0,0,0,0,0,0,0,0,0,0,0,0,0,+,r,0,0,0,0,0,0,0,0,0,0,0,0,0,0,0,0,0,0,0,0,0,0,0,0,0,0,0,0,0,0,0,0,0,0,0
Pleurozium schreberi,10200,Pleurozium schreberi (Willdenow ex Brid.) Mitt.,3,3,2,2,2,0,0,+,0,0,0,0,0,0,r,+,1,0,r,0,+,+,0,+,0,0,0,0,0,0,0,0,+,0,0,0,0,0,0,0,0,0,0,0,0,0,0,0,0,0,0,0,0,0,0,0,0,0,0,0,0,0,0,0,0,0,0,0,0,0,0,0,0,0,0,0,0,0,0
Poa arctica,50200,Poa arctica R. Br.,0,0,0,0,0,0,0,0,0,0,0,0,0,0,0,0,0,0,r,0,0,0,0,0,0,r,+,0,+,0,0,0,0,0,0,0,0,0,0,0,0,1,1,+,0,0,r,0,r,+,+,+,+,+,+,0,+,0,+,0,0,0,0,0,0,0,0,0,0,0,0,0,0,0,0,0,0,0,0
Pogonatum dentatum,10100,Pogonatum dentatum (Menzies ex Brid.) Brid.,0,0,0,0,0,0,0,0,0,0,0,0,0,0,0,0,0,0,0,0,0,0,0,0,0,0,0,0,0,0,0,0,0,0,0,0,0,r,r,0,0,0,0,0,0,0,0,0,0,0,0,0,0,0,0,0,0,0,0,0,+,0,+,+,+,+,+,+,+,0,0,0,0,0,0,0,0,0,0
Pogonatum urnigerum,10100,Pogonatum urnigerum (Hedw.) P. Beauv.,0,0,0,0,0,0,0,0,0,0,0,0,0,0,0,0,0,0,0,0,0,0,0,0,0,0,0,0,0,0,0,0,0,0,0,0,r,0,0,0,0,0,0,0,0,0,0,0,0,0,0,0,0,0,0,0,0,0,0,0,0,0,0,0,0,0,0,0,0,0,0,0,0,0,0,0,+,0,0
Pohlia cruda,10100,Pohlia cruda (Hedw.) Lindb.,0,0,0,0,0,0,0,0,0,0,0,0,0,0,0,0,0,0,0,0,0,0,0,0,0,0,0,0,0,0,0,0,0,0,0,0,0,0,0,0,0,0,0,0,0,0,0,0,0,+,0,+,+,0,0,+,0,0,0,0,0,0,0,0,0,0,0,0,0,+,+,0,+,0,+,+,+,+,+
Pohlia crudoides,10100,Pohlia crudoides (Sull. & Lesq.) Broth.,0,0,0,0,0,0,0,0,0,0,0,0,0,0,0,0,0,0,0,0,0,0,0,0,0,0,0,0,0,0,0,0,0,0,r,0,0,0,0,0,0,0,0,0,0,0,0,0,0,0,0,0,0,0,0,0,0,0,0,0,0,+,0,+,0,+,0,+,0,0,0,0,0,0,0,0,0,0,0
Pohlia nutans,10100,Pohlia nutans (Hedw.) Lindb.,0,0,0,0,0,r,0,0,0,0,r,0,0,0,0,0,0,0,0,0,r,r,r,0,0,0,r,r,0,+,r,+,r,0,0,0,r,r,r,0,0,+,0,0,0,+,0,0,+,+,0,+,0,0,0,0,0,+,+,+,0,+,0,+,0,0,0,0,0,0,0,0,0,0,0,0,0,0,0
Polemonium acutiflorum,60300,Polemonium acutiflorum Willd.,0,0,0,0,0,0,0,0,0,0,0,0,0,0,0,0,0,0,0,0,0,0,0,0,0,0,0,0,0,0,0,0,0,0,0,0,0,0,0,0,0,r,0,0,0,0,0,0,0,0,0,0,0,0,0,0,0,0,0,0,0,0,0,0,0,0,0,0,0,0,0,0,0,0,0,0,0,0,0
Polytrichastrum alpinum,10100,Polytrichastrum alpinum (Hedw.) G. L. Sm.,0,0,0,0,0,0,0,0,0,0,0,0,0,0,0,0,0,0,0,0,0,0,0,0,0,+,0,0,0,2,2,2,0,0,0,0,0,0,0,0,0,0,+,0,+,0,0,0,0,0,0,0,0,0,0,0,0,0,+,+,+,0,r,0,+,0,+,0,+,+,1,+,1,1,+,+,+,+,+
Polytrichastrum alpinum var. fragile,10100,Polytrichastrum alpinum var. fragile ((Bryhn) D. G. Long) (Hedw.) G. L. Sm.,0,0,0,0,0,0,0,0,0,0,0,0,0,0,0,0,0,0,0,0,0,0,0,0,0,0,0,0,0,0,0,0,0,0,0,0,0,0,0,0,0,0,0,0,0,0,0,0,0,0,0,0,0,0,0,0,0,0,0,0,0,0,0,0,0,0,0,0,0,0,0,0,0,0,0,+,+,+,0
Polytrichum commune,10100,Polytrichum commune Hedw.,r,0,r,0,+,0,0,0,0,0,0,0,0,0,0,0,0,0,0,0,1,0,1,1,0,0,0,0,0,0,0,0,1,0,0,0,0,0,0,0,0,0,0,0,0,0,0,0,0,0,0,0,0,0,0,0,0,0,0,0,0,0,0,0,0,0,0,0,0,0,0,0,0,0,0,0,0,0,0
Polytrichum hyperboreum,10100,Polytrichum hyperboreum R. Br.,0,0,0,0,0,0,0,0,0,0,0,0,0,0,0,0,0,0,0,0,0,0,0,0,0,0,0,0,0,0,0,0,0,0,1,1,1,1,1,0,0,0,0,0,1,1,0,0,1,0,0,0,0,0,0,0,0,0,0,0,0,0,0,0,0,0,0,0,0,0,0,0,0,0,0,0,0,0,0
Polytrichum jensenii,10100,Polytrichum jensenii I. Hagen,0,0,0,0,0,0,+,0,0,0,0,0,0,0,0,0,0,0,0,0,0,0,0,0,0,0,0,0,0,0,0,0,0,0,1,1,0,0,0,0,0,0,0,0,0,0,0,0,0,0,0,0,0,0,0,0,0,0,0,0,0,0,0,0,0,0,0,0,0,0,0,0,0,0,0,0,0,0,0
Polytrichastrum longisetum,10100,Polytrichum longisetum Swartz ex Brid.,0,0,0,0,+,0,0,0,0,0,0,0,0,0,0,0,0,0,0,0,0,0,0,0,0,0,0,0,0,0,0,0,0,0,0,0,0,0,0,0,0,0,0,0,0,0,0,0,0,0,0,0,0,0,0,0,0,0,0,0,0,0,0,0,0,0,0,0,0,0,0,0,0,0,0,0,0,0,0
Polytrichum piliferum,10100,Polytrichum piliferum Hedw.,0,0,0,0,0,0,0,0,0,0,0,0,0,0,0,0,0,0,0,0,0,0,0,0,0,0,0,0,0,0,0,0,0,0,0,0,r,0,0,0,0,0,0,0,0,0,0,0,0,+,0,0,0,0,0,0,0,0,0,+,0,+,0,+,0,+,0,+,0,0,0,0,0,0,0,0,0,0,0
Polytrichum strictum,10100,Polytrichum strictum Menzies ex Brid.,0,0,0,0,+,0,0,0,r,r,r,0,0,0,+,+,+,+,+,2,+,1,2,2,1,1,1,2,3,2,1,2,1,2,1,0,0,0,0,0,0,0,0,0,0,0,0,0,0,1,1,1,1,+,1,+,1,+,+,+,1,0,1,+,1,+,1,0,0,0,0,0,0,0,0,0,0,0,0
Potentilla hyparctica,60200,Potentilla hyparctica Malte,0,0,0,0,0,0,0,0,0,0,0,0,0,0,0,0,0,0,0,0,0,0,0,0,0,0,0,0,0,0,0,0,0,0,0,0,0,0,0,0,0,0,0,0,0,0,0,0,0,0,0,0,0,0,0,0,0,0,0,+,0,0,+,0,0,0,0,0,0,0,0,0,0,0,0,0,0,0,0
Lecidea limosa,30100,Protomicarea limosa Ach.,0,0,0,0,0,0,0,0,0,0,0,0,0,0,0,0,0,0,0,0,0,0,0,0,0,0,0,0,0,0,0,0,0,0,0,0,0,0,0,0,r,r,0,0,0,0,0,0,0,0,0,0,0,0,0,0,0,0,0,0,0,0,0,0,0,0,0,0,0,0,0,0,0,0,0,0,0,0,0
Protopannaria pezizoides,30100,Protopannaria pezizoides (Web.) P. M. Jřrg. & S. Ekman,0,0,0,0,0,0,0,0,0,0,0,0,0,0,0,0,0,0,0,0,0,0,0,0,0,0,0,0,0,0,0,0,0,1,0,0,0,0,0,0,0,0,0,0,0,0,0,0,0,0,0,0,0,0,0,0,0,0,0,0,0,0,0,0,0,0,0,0,0,+,0,+,+,0,0,+,0,0,+
Protothelenella leucothelia,30100,Protothelenella leucothelia (Nyl.) H. Mayrhofer & Poelt,0,0,0,0,0,0,0,0,r,0,0,0,0,0,0,0,0,0,0,0,0,0,0,0,0,0,0,0,0,0,0,0,0,0,0,0,0,0,0,0,0,0,0,0,0,0,0,0,0,0,0,0,0,0,0,0,0,0,0,0,0,0,0,0,0,0,0,0,0,0,0,0,0,0,0,0,0,0,0
Psilopilum cavifolium,10100,Psilopilum cavifolium (Wils.) I. Hagen,0,0,0,0,0,0,0,0,0,0,0,0,0,0,0,0,0,0,0,0,0,0,0,0,0,0,0,0,0,0,0,0,0,0,0,0,0,0,0,0,0,0,0,0,0,0,0,0,0,0,0,0,0,0,0,0,0,0,0,0,0,0,0,0,0,0,0,0,0,0,0,0,0,0,0,r,0,0,0
Psoroma hypnorum,30100,Psoroma hypnorum (Vahl) S.F.Gray,0,0,0,0,0,0,0,0,0,0,0,0,0,0,0,0,0,0,0,0,0,0,0,0,0,0,+,+,0,0,0,0,0,0,0,0,+,0,+,0,r,r,0,0,0,0,0,0,0,+,0,+,0,+,0,+,0,0,0,0,0,0,0,0,0,0,0,0,0,0,0,0,0,0,0,0,0,0,0
Ptilidium ciliare,20100,Ptilidium ciliare (L.) Hampe,0,r,0,0,0,0,0,r,0,0,0,0,0,0,1,1,1,1,1,1,1,+,1,1,+,+,+,+,+,1,1,1,1,1,1,1,+,1,1,1,0,0,0,0,0,+,0,0,0,+,1,0,2,+,2,+,2,+,2,0,0,0,0,0,0,0,+,0,0,0,0,0,0,0,0,0,0,0,0
Ptilium crista-castrensis,10200,Ptilium crista-castrensis (Hedw.) De Not.,0,0,0,0,0,0,0,r,0,0,0,0,0,0,r,0,0,0,0,0,0,0,0,0,0,0,0,0,0,0,0,0,0,0,0,0,0,0,0,0,0,0,0,0,0,0,0,0,0,0,0,0,0,0,0,0,0,0,0,0,0,0,0,0,0,0,0,0,0,0,0,0,0,0,0,0,0,0,0
Racomitrium lanuginosum,10200,Racomitrium lanuginosum (Hedw.) Brid.,0,0,0,0,0,0,0,0,0,0,0,0,0,0,0,0,0,r,0,1,1,+,+,+,0,0,+,0,0,+,1,1,+,1,2,2,1,1,1,+,0,r,0,+,r,+,1,+,1,1,0,1,0,1,0,+,0,1,0,1,3,0,2,+,4,+,4,1,4,0,0,0,0,0,0,0,0,0,0
Niphotrichum panschii,10200,Racomitrium panschii (C. Müll.) Kindb.,0,0,0,0,0,0,0,0,0,0,0,0,0,0,0,0,0,0,0,0,0,0,0,0,0,0,0,0,0,0,0,0,0,0,0,0,0,0,0,0,0,0,0,0,0,0,0,0,0,0,0,0,0,0,0,0,0,0,0,0,0,0,0,0,0,0,0,0,0,r,0,r,r,0,0,0,0,0,r
Rhexophiale rhexoblephara,30100,Rhexophiale rhexoblephara (Nyl.) Hellb.,0,0,0,0,0,0,0,0,0,0,0,0,0,0,0,0,0,0,0,0,0,0,0,0,0,0,0,0,0,1,0,0,0,0,0,0,0,0,0,0,0,0,0,0,0,0,0,0,0,0,0,0,0,0,0,0,0,0,0,0,0,0,0,0,0,0,0,0,0,0,0,0,0,0,0,0,0,0,0
Ledum palustre,70201,Rhododendron  tomentosum subsp. tomentosum (Stokes) Harmaja,2,2,2,2,2,4,3,4,+,r,r,0,0,0,1,0,0,0,1,+,1,1,1,1,0,0,0,0,0,0,0,0,0,0,0,2,2,1,2,0,0,0,0,0,0,0,0,0,0,0,0,0,0,0,0,0,0,0,0,0,0,0,0,0,0,0,0,0,0,0,0,0,0,0,0,0,0,0,0
Rinodina turfacea,30100,Rinodina turfacea (Wahlenb.) Körb.,0,0,0,0,0,0,0,0,0,0,0,0,0,0,0,0,0,0,0,0,0,0,0,0,0,0,0,0,0,0,0,0,0,0,0,0,0,0,0,0,0,0,0,0,0,0,+,1,0,0,0,0,0,0,0,0,0,0,0,0,0,0,0,0,0,0,0,0,0,0,0,0,0,0,0,0,0,0,0
Rubus chamaemorus,70102,Rubus chamaemorus L.,0,0,0,0,0,2,2,1,1,1,0,0,0,0,+,0,0,0,0,0,0,0,0,0,0,0,0,0,0,0,0,0,0,0,0,0,0,0,0,0,0,0,0,0,0,0,0,0,0,0,0,0,0,0,0,0,0,0,0,0,0,0,0,0,0,0,0,0,0,0,0,0,0,0,0,0,0,0,0
Rumex arcticus,60300,Rumex arcticus Trautv.,0,0,0,0,0,0,0,0,0,0,0,0,0,0,0,0,0,0,0,0,0,0,0,0,0,0,0,0,0,0,0,0,0,0,0,0,0,0,0,0,0,0,+,r,0,0,0,0,0,0,0,0,0,0,0,0,0,0,0,0,0,0,0,0,0,0,0,0,0,0,0,0,0,0,0,0,0,0,0
Sagina intermedia,60200,Sagina  nivalis (Lindblom) Fr.,0,0,0,0,0,0,0,0,0,0,0,0,0,0,0,0,0,0,0,0,0,0,0,0,0,0,0,0,0,0,0,0,0,0,0,0,0,0,0,0,0,0,0,0,0,0,0,0,0,0,0,0,0,0,0,+,0,+,0,+,0,0,0,0,0,0,0,0,0,0,0,0,0,0,0,0,0,0,0
Salix cf. hastata,70202,Salix hastata L.,0,0,0,0,0,0,0,0,0,0,0,0,0,0,r,0,0,0,0,0,0,0,0,0,1,1,1,1,0,0,0,0,0,0,0,0,0,0,0,0,0,0,0,0,0,0,0,0,0,0,0,0,0,0,0,0,0,0,0,0,0,0,0,0,0,0,0,0,0,0,0,0,0,0,0,0,0,0,0
Salix lanata,70202,Salix lanata L.,0,0,0,0,0,0,0,0,0,0,0,0,0,0,0,0,0,0,0,0,0,0,0,0,0,0,0,0,0,0,0,0,0,0,0,0,0,0,0,0,+,0,0,0,0,0,0,0,0,0,0,0,0,0,0,0,0,0,0,0,0,0,0,0,0,0,0,0,0,0,0,0,0,0,0,0,0,0,0
Salix cf. myrtilloides,70202,Salix myrtilloides L.,0,0,0,0,0,0,0,0,0,0,0,0,0,0,0,0,0,0,0,+,0,0,0,0,0,0,0,0,0,0,0,0,0,0,0,0,0,0,0,0,0,0,0,0,0,0,0,0,0,0,0,0,0,0,0,0,0,0,0,0,0,0,0,0,0,0,0,0,0,0,0,0,0,0,0,0,0,0,0
Salix nummularia,70102,Salix nummularia Andersson,0,0,0,0,0,0,0,0,0,0,0,0,0,0,0,0,0,0,0,0,0,1,0,0,0,0,0,0,0,2,1,1,1,1,0,+,1,0,2,0,0,0,0,0,2,2,4,4,3,0,0,0,0,0,0,0,0,0,0,1,3,+,4,1,2,1,3,+,2,0,0,0,0,0,0,0,0,0,0
Salix phylicifolia,70202,Salix phylicifolia L.,0,0,0,0,0,0,0,0,0,0,0,0,0,0,1,1,1,1,2,1,+,+,1,1,0,+,0,0,0,+,0,0,0,0,0,0,0,0,0,0,0,0,0,0,0,0,0,0,0,0,0,0,0,0,0,0,0,0,0,0,0,0,0,0,0,0,0,0,0,0,0,0,0,0,0,0,0,0,0
Salix polaris,70102,Salix polaris Wahlenb.,0,0,0,0,0,0,0,0,0,0,0,0,0,0,0,0,0,0,0,0,0,0,0,0,3,2,2,2,2,0,0,0,0,0,0,0,0,0,0,2,2,1,2,2,0,0,0,0,0,1,3,1,3,1,3,+,3,1,3,0,0,0,0,0,0,0,0,0,0,0,0,0,0,0,0,0,0,0,0
Salix reptans,70102,Salix reptans Rupr.,0,0,0,0,0,0,0,0,0,0,0,0,0,0,0,0,0,0,0,+,+,0,0,0,1,1,1,2,1,1,1,0,1,1,0,0,0,0,0,+,0,r,0,0,0,0,0,0,0,0,0,0,0,0,0,0,0,0,0,0,0,0,0,0,0,0,0,0,0,0,0,0,0,0,0,0,0,0,0
Sanionia cf. georgicouncinata,10200,Sanionia nivalis Hedenas,0,0,0,0,0,0,0,0,0,0,0,0,0,0,0,0,0,0,0,0,0,0,0,0,0,0,0,0,0,0,0,0,0,0,0,0,0,0,0,0,0,0,0,0,0,0,0,0,0,0,0,0,0,0,0,0,0,0,0,0,0,0,0,0,0,0,0,0,0,0,0,0,0,0,r,0,0,0,0
Sanionia uncinata,10200,Sanionia uncinata (Hedw.) Loeske,0,0,0,0,0,0,0,0,0,0,0,0,0,0,0,0,1,0,1,r,+,0,+,0,+,+,0,0,r,+,0,0,0,0,0,0,0,0,0,0,r,+,1,r,0,0,0,0,0,+,0,+,+,+,0,+,+,0,+,0,1,0,0,0,0,0,0,0,0,0,0,0,0,0,r,0,r,0,0
Saxifraga cernua,60300,Saxifraga cernua L.,0,0,0,0,0,0,0,0,0,0,0,0,0,0,0,0,0,0,0,0,0,0,0,0,0,0,0,0,0,0,0,0,0,0,0,0,0,0,0,0,0,0,+,0,0,0,0,0,0,0,0,0,0,0,0,0,0,0,0,0,0,0,0,0,0,0,0,0,0,0,0,r,+,+,+,+,1,+,0
Saxifraga oppositifolia,60200,Saxifraga oppositifolia L.,0,0,0,0,0,0,0,0,0,0,0,0,0,0,0,0,0,0,0,0,0,0,0,0,0,0,0,0,0,0,0,0,0,0,0,0,0,0,0,0,0,0,0,0,0,0,0,0,0,0,0,0,0,0,0,0,0,0,0,0,0,0,0,0,0,0,0,0,0,0,0,+,1,+,r,0,0,r,0
Saxifrage cespitosa,60200,Saxifrage cespitosa L.,0,0,0,0,0,0,0,0,0,0,0,0,0,0,0,0,0,0,0,0,0,0,0,0,0,0,0,0,0,0,0,0,0,0,0,0,0,0,0,0,0,0,0,0,0,0,0,0,0,0,0,0,0,0,0,0,0,0,0,0,0,0,0,0,0,0,0,0,0,1,+,+,1,+,0,0,0,+,2
Scapania sp.,20100,Scapania species,0,0,0,0,0,0,0,0,0,0,0,0,0,0,0,0,0,0,0,0,0,0,0,0,0,0,0,0,0,0,0,0,0,0,0,0,0,0,0,0,0,0,0,0,0,0,0,0,0,0,0,+,0,0,0,0,0,0,0,0,0,0,0,0,0,0,0,0,0,0,0,0,0,0,0,0,0,0,0
Barbilophozia kunzeana,20100,Schljakovia kunzeana (Huebener) Konstant. & Vilnet,0,0,0,0,0,0,0,0,0,0,0,0,0,0,0,0,0,0,+,1,+,0,+,0,0,0,0,0,0,0,0,0,0,0,0,+,0,0,0,0,0,0,0,0,0,0,0,0,0,0,0,0,0,0,0,0,0,0,0,0,0,0,0,0,0,0,0,0,0,0,0,0,0,0,0,0,0,0,0
Siphula ceratites,30300,Siphula ceratites (Wahlenb.) Fr.,0,0,0,0,0,0,0,0,0,0,0,0,0,0,0,0,0,0,0,0,0,0,0,0,0,0,0,0,0,0,0,0,0,0,0,0,0,0,0,0,0,0,0,0,0,0,0,0,0,0,0,0,0,0,0,0,0,0,0,0,0,0,0,0,+,0,0,0,0,0,0,0,0,0,0,0,0,0,0
Solorina bispora,30200,Solorina bispora Nyl.,0,0,0,0,0,0,0,0,0,0,0,0,0,0,0,0,0,0,0,0,0,0,0,0,0,0,0,0,0,0,0,0,0,0,0,0,0,0,0,0,0,0,0,0,0,0,0,0,0,0,0,0,0,0,0,0,0,0,0,0,0,0,0,0,0,0,0,0,0,+,+,+,+,+,+,0,0,0,+
Solorina crocea,30200,Solorina crocea (L.) Ach.,0,0,0,0,0,0,0,0,0,0,0,0,0,0,0,0,0,0,0,0,0,0,0,0,0,0,0,0,0,0,0,0,0,0,0,0,0,0,0,0,0,0,0,0,0,0,0,0,0,0,0,0,0,0,0,0,0,0,0,+,0,+,+,+,0,0,0,+,0,0,0,0,0,0,0,0,0,0,0
Sphaerophorus globosus,30300,Sphaerophorus globosus (Huds.) Vain.,0,0,0,0,0,0,0,0,0,0,0,0,0,0,+,+,+,+,0,2,3,3,2,2,+,+,+,+,+,1,1,1,1,1,2,2,2,2,2,+,1,1,0,+,1,1,1,+,1,+,2,2,1,+,2,1,+,2,+,1,2,1,2,+,1,1,2,+,1,0,0,0,0,0,0,0,0,0,0
Sphagnum balticum,10300,Sphagnum balticum (Russ.) C. Jens.,0,0,0,0,0,0,0,0,0,0,0,0,0,0,+,0,+,0,0,0,0,0,0,0,0,0,0,0,0,0,0,0,0,0,0,0,0,0,0,0,0,0,0,0,0,0,0,0,0,0,0,0,0,0,0,0,0,0,0,0,0,0,0,0,0,0,0,0,0,0,0,0,0,0,0,0,0,0,0
Sphagnum fuscum,10300,Sphagnum fuscum (Schimp.) Klinggr.,0,0,0,0,0,r,4,0,0,0,0,0,0,0,0,0,0,0,0,0,0,0,0,0,0,0,0,0,0,0,0,0,0,0,0,0,0,0,0,0,0,0,0,0,0,0,0,0,0,0,0,0,0,0,0,0,0,0,0,0,0,0,0,0,0,0,0,0,0,0,0,0,0,0,0,0,0,0,0
Sphagnum girgensohnii,10300,Sphagnum girgensohnii Russ.,0,0,0,0,0,0,0,0,0,0,0,0,0,0,1,0,0,0,0,0,0,0,0,0,0,0,0,0,0,0,0,0,0,0,0,0,0,0,0,0,0,+,0,0,0,0,0,0,0,0,0,0,0,0,0,0,0,0,0,0,0,0,0,0,0,0,0,0,0,0,0,0,0,0,0,0,0,0,0
Sphagnum lenense,10300,Sphagnum lenense H. Lindb. ex L. I. Savicz,0,0,0,0,0,0,0,0,0,0,0,0,0,0,0,0,+,0,0,0,0,0,0,+,0,0,0,0,0,0,0,0,0,0,0,0,0,0,0,0,0,0,0,0,0,0,0,0,0,0,0,0,0,0,0,0,0,0,0,0,0,0,0,0,0,0,0,0,0,0,0,0,0,0,0,0,0,0,0
Sphagnum majus,10300,Sphagnum majus (Russ.) C. Jens.,0,0,0,0,0,0,0,0,0,0,0,5,5,5,0,0,1,0,0,0,0,0,0,0,0,0,0,0,0,0,0,0,0,0,0,0,0,0,0,0,0,0,0,0,0,0,0,0,0,0,0,0,0,0,0,0,0,0,0,0,0,0,0,0,0,0,0,0,0,0,0,0,0,0,0,0,0,0,0
Sphagnum rubellum,10300,Sphagnum rubellum Wils.,0,0,0,0,0,0,0,0,0,0,0,0,0,0,0,0,1,0,+,0,0,0,0,0,0,0,0,0,0,0,0,0,0,0,0,0,0,0,0,0,0,0,0,0,0,0,0,0,0,0,0,0,0,0,0,0,0,0,0,0,0,0,0,0,0,0,0,0,0,0,0,0,0,0,0,0,0,0,0
Sphagnum squarrosum,10300,Sphagnum squarrosum Crome,0,0,0,0,0,0,0,0,0,0,0,0,0,0,0,0,+,0,0,0,0,0,0,0,0,0,0,0,0,0,0,0,0,0,0,0,0,0,0,0,0,0,0,0,0,0,0,0,0,0,0,0,0,0,0,0,0,0,0,0,0,0,0,0,0,0,0,0,0,0,0,0,0,0,0,0,0,0,0
Sphagnum teres,10300,Sphagnum teres (Schimp.) Aongstr.,0,0,0,0,0,0,0,0,0,0,0,0,0,0,0,0,0,0,+,0,0,0,0,0,0,0,0,0,0,0,0,0,0,0,0,0,0,0,0,0,0,0,0,0,0,0,0,0,0,0,0,0,0,0,0,0,0,0,0,0,0,0,0,0,0,0,0,0,0,0,0,0,0,0,0,0,0,0,0
Sphagnum warnstorfii,10300,Sphagnum warnstorfii Russ.,0,0,0,0,0,0,0,0,0,0,0,0,0,0,1,0,0,0,0,0,0,0,0,0,0,0,0,0,0,0,0,0,0,0,0,0,0,0,0,0,0,0,0,0,0,0,0,0,0,0,0,0,0,0,0,0,0,0,0,0,0,0,0,0,0,0,0,0,0,0,0,0,0,0,0,0,0,0,0
Sphenolobus minutus,20100,Sphenolobus minutus (Schreb.) Berggr.,0,0,0,0,0,0,0,0,0,0,0,0,0,0,0,r,+,+,r,0,1,1,+,+,0,0,0,r,r,+,r,r,+,0,1,+,r,0,0,2,1,+,1,1,1,1,1,1,1,1,1,1,1,1,1,+,1,1,2,0,0,0,+,0,0,0,0,0,+,0,0,0,0,0,0,0,0,0,0
Splachnum sphaericum,10100,Splachnum sphaericum Hedw.,0,0,0,0,0,0,0,0,0,0,0,0,0,0,0,0,0,0,0,0,0,0,0,0,0,0,0,0,0,0,0,0,+,0,0,0,0,0,0,0,0,0,0,0,+,0,0,0,0,0,0,0,0,0,0,0,0,0,0,0,0,0,0,0,0,0,0,0,0,0,0,0,0,0,0,0,0,0,0
Splachnum vasculosum,10100,Splachnum vasculosum Hedw.,0,0,0,0,0,0,0,0,0,0,0,0,0,0,0,0,0,0,0,0,0,0,0,0,0,0,0,0,0,0,0,0,0,0,0,0,0,0,0,0,0,0,0,0,0,0,0,0,0,0,0,0,r,0,0,0,0,0,0,0,0,0,0,0,0,0,0,0,0,0,0,0,0,0,0,0,0,0,0
Stellaria longipes s. l.,60300,Stellaria  longipes Goldie,0,0,0,0,0,0,0,0,0,0,0,0,0,0,0,0,0,0,0,0,0,0,0,0,0,0,0,r,0,0,0,0,0,0,0,0,0,0,0,0,r,0,+,+,0,0,r,0,0,+,0,+,+,+,0,0,0,+,+,0,0,0,0,0,0,0,0,0,0,0,0,0,0,0,0,0,0,0,0
Stellaria edwardsii s. l.,60300,Stellaria longipes taxon edwardsii ,0,0,0,0,0,0,0,0,0,0,0,0,0,0,0,0,0,0,0,0,0,0,0,0,0,0,0,0,0,0,0,0,0,0,0,0,0,0,0,0,0,0,0,0,0,0,0,0,0,0,0,0,0,0,0,0,0,0,0,0,0,0,0,0,0,0,0,0,0,1,1,1,1,2,1,2,1,2,2
Stereocaulon alpinum,30300,Stereocaulon alpinum Laur.,0,0,0,0,0,0,0,0,0,0,0,0,0,0,0,0,0,0,0,0,0,+,+,1,0,0,0,0,0,0,0,0,0,0,0,+,0,0,+,+,+,0,0,+,+,+,+,+,+,0,0,0,0,0,0,0,0,+,+,0,+,0,0,0,r,0,0,0,0,0,0,0,+,+,+,+,+,+,0
Stereocaulon paschale,30300,Stereocaulon paschale (L.) Hoffm.,0,0,0,0,0,0,0,0,0,0,0,0,0,0,0,0,0,0,0,1,+,0,0,0,0,0,0,0,0,0,0,0,0,0,0,0,0,0,0,0,0,0,0,0,0,0,0,0,0,0,0,0,0,0,0,0,0,0,0,0,0,0,0,0,0,0,0,0,0,0,0,0,0,0,0,0,0,0,0
Stereocaulon rivulorum,30300,Stereocaulon rivulorum H. Magn.,0,0,0,0,0,0,0,0,0,0,0,0,0,0,0,0,0,0,0,0,0,0,0,0,0,0,0,0,0,0,0,0,0,0,0,0,0,0,0,0,0,0,0,0,0,0,0,0,0,0,0,0,0,0,0,0,0,0,0,0,0,0,0,0,0,0,0,0,0,0,0,0,0,0,1,+,1,1,0
Sticta arctica,30200,Sticta arctica Degel.,0,0,0,0,0,0,0,0,0,0,0,0,0,0,0,0,0,0,0,0,0,0,0,0,0,0,0,0,0,0,0,0,0,0,0,0,0,0,0,0,0,0,0,0,0,0,0,0,0,1,0,+,0,0,0,0,+,0,0,0,0,0,0,0,0,0,0,0,0,0,0,0,0,0,0,0,0,0,0
Syntrichia ruralis,10100,Syntrichia ruralis (Hedw.) Web. & D. Mohr,0,0,0,0,0,0,0,0,0,0,0,0,0,0,0,0,0,0,0,0,0,0,0,0,0,0,0,0,0,0,0,0,0,0,0,0,0,0,0,0,0,0,0,0,0,0,0,0,0,0,0,0,0,0,0,0,0,0,0,0,0,0,0,0,0,0,0,0,0,0,0,0,r,0,0,0,0,0,0
Tephroseris atropurpurea,60300,Tephroseris atropurpurea (Ledeb.) Holub,0,0,0,0,0,0,0,0,0,0,0,0,0,0,0,0,0,0,0,0,0,0,0,0,0,0,0,0,0,0,0,0,0,0,0,0,0,+,0,+,+,+,+,+,0,+,+,+,+,0,0,0,0,0,0,0,0,0,0,0,0,0,0,0,0,0,0,0,0,0,0,0,0,0,0,0,0,0,0
Tetralophozia setiformis,20100,Tetralophozia setiformis (Ehrh.) Schljakov,0,0,0,0,0,0,0,0,0,0,0,0,0,0,0,0,0,0,0,0,0,0,0,0,0,0,0,0,0,0,0,0,0,0,0,r,0,0,0,0,0,0,0,0,0,0,0,0,0,0,0,0,0,0,0,0,0,0,0,0,0,0,0,0,0,0,0,0,0,0,0,0,0,0,0,0,0,0,0
Tetraplodon mnioides,10100,Tetraplodon mnioides (Swartz ex Hedw.) Bruch & Schimp.,0,0,0,0,0,0,0,0,0,0,0,0,0,0,0,0,0,0,0,0,0,0,0,0,0,0,0,0,0,0,0,0,0,0,0,0,0,0,0,0,0,0,0,0,0,r,0,0,0,0,0,0,0,+,0,0,0,0,0,0,0,0,0,0,0,0,0,0,0,0,0,0,0,0,0,0,0,0,0
Thamnolia vermicularis s. l.,30300,Thamnolia vermicularis subsp. vermicularis (Sw.) Schaer.,0,0,0,0,0,0,0,0,0,0,0,0,0,0,+,+,r,r,r,1,+,+,+,+,+,+,+,+,+,+,+,+,+,+,+,+,+,+,+,+,+,+,+,+,1,1,1,1,1,+,+,+,+,+,+,+,+,+,+,+,+,+,+,+,+,+,+,+,+,1,+,2,1,1,+,+,+,+,1
Tomenthypnum nitens,10200,Tomentypnum nitens (Hedw.) Loeske,0,0,0,0,0,0,0,0,0,0,0,0,0,0,0,0,r,0,+,0,0,0,0,0,1,2,1,1,0,0,0,0,0,0,0,0,0,0,0,0,0,0,0,0,0,0,0,0,0,+,+,+,+,+,0,+,+,+,+,0,0,0,0,0,0,0,0,0,0,0,0,0,0,0,0,0,0,0,0
Tortella fragilis,10100,Tortella fragilis (Hook. & Wils.) Limpr.,0,0,0,0,0,0,0,0,0,0,0,0,0,0,0,0,0,0,0,0,0,0,0,0,0,0,0,0,0,0,0,0,0,0,0,0,0,0,0,0,0,0,0,0,0,0,0,0,0,0,0,0,0,0,0,+,0,0,0,0,0,0,0,0,0,0,0,0,0,0,0,0,0,0,0,0,0,0,0
Trisetum spicatum,50200,Trisetum spicatum (L.) K. Richt.,0,0,0,0,0,0,0,0,0,0,0,0,0,0,0,0,0,0,0,0,0,0,0,0,0,0,0,0,0,0,0,0,0,0,0,0,0,0,0,0,0,0,0,0,0,0,r,0,0,0,0,0,0,0,0,0,0,0,0,0,0,0,0,0,0,0,0,0,0,0,0,0,0,0,0,0,0,0,0
Tritomaria quinquedentata,20100,Tritomaria quinquedentata (Huds.) H. Buch,0,0,0,0,0,0,0,0,0,0,0,0,0,0,0,0,0,0,+,0,0,0,0,0,+,0,0,+,0,0,0,+,+,0,0,0,0,0,0,0,0,0,0,0,+,+,1,+,+,+,0,+,+,0,0,+,0,+,+,0,0,0,0,0,0,0,0,0,0,0,0,0,0,0,0,0,0,0,0
Black crust,30100,Unknown lichen crustose,0,0,0,0,0,0,0,0,0,0,0,0,0,0,0,0,0,0,0,0,0,0,0,0,0,0,0,0,0,0,0,1,0,0,+,+,2,2,2,0,0,0,0,0,0,0,0,0,0,0,0,0,0,0,0,0,0,0,0,0,0,0,0,0,0,0,0,0,0,4,4,3,3,3,4,5,4,4,4
White crust,30100,Unknown lichen crustose,0,0,0,0,0,0,0,0,0,0,0,0,0,0,0,0,0,0,0,0,0,0,0,0,0,0,0,0,0,0,0,0,0,0,0,0,0,0,0,0,r,r,0,0,0,0,0,0,0,0,0,0,0,0,0,0,0,0,0,0,0,0,0,0,0,0,0,0,0,2,1,1,2,2,2,+,2,1,1
Hypnum holmenii,10000,Unknown moss,0,0,0,0,0,0,0,0,0,0,0,0,0,0,0,0,0,0,r,0,0,0,0,0,0,0,0,r,0,0,0,0,0,0,0,0,0,0,0,0,0,0,0,0,0,0,0,0,0,0,0,0,0,0,0,0,0,0,0,0,0,0,0,0,0,0,0,0,0,0,0,0,0,0,0,0,0,0,0
Stereodon holmenii,10000,Unknown moss,0,0,0,0,0,0,0,0,0,0,0,0,0,0,0,0,0,0,0,0,0,0,0,0,0,0,0,0,0,0,0,0,0,0,0,0,0,0,0,0,0,0,0,0,+,0,0,0,0,r,0,0,0,0,0,+,0,0,0,0,0,0,0,0,0,0,0,0,0,0,0,0,0,0,0,0,0,0,0
Vaccinium myrtillus,70102,Vaccinium myrtillus L.,2,2,2,1,2,0,0,0,0,0,0,0,0,0,0,0,0,0,0,0,0,0,0,0,0,0,0,0,0,0,0,0,0,0,0,0,0,0,0,0,0,0,0,0,0,0,0,0,0,0,0,0,0,0,0,0,0,0,0,0,0,0,0,0,0,0,0,0,0,0,0,0,0,0,0,0,0,0,0
Vaccinium uliginosum,70102,Vaccinium uliginosum L.,2,2,2,1,2,0,0,1,0,0,1,0,0,0,+,1,2,1,1,2,2,2,2,2,1,0,1,+,0,0,0,0,0,0,0,0,0,0,0,0,0,0,0,0,0,0,0,0,0,0,0,0,0,0,0,0,0,0,0,0,0,0,0,0,0,0,0,0,0,0,0,0,0,0,0,0,0,0,0
Vaccinium vitis-idaea,70101,Vaccinium vitis-idaea L.,1,1,1,1,1,1,1,1,1,+,1,0,0,0,2,2,2,2,2,+,+,0,+,0,1,1,1,1,2,3,2,2,2,2,3,2,1,2,1,0,0,0,0,0,2,2,0,0,0,0,0,0,0,0,0,0,0,0,0,0,0,0,0,0,+,0,0,0,+,0,0,0,0,0,0,0,0,0,0
Valeriana capitata,60300,Valeriana capitata Pall. ex Link,0,0,0,0,0,0,0,0,0,0,0,0,0,0,0,0,0,+,0,0,0,0,0,0,+,+,0,0,+,0,0,0,0,0,0,0,0,0,0,0,0,0,0,0,0,0,0,0,r,0,0,0,0,0,0,0,0,0,0,0,0,0,0,0,0,0,0,0,0,0,0,0,0,0,0,0,0,0,0
Varicellaria rhodocarpa,30100,Varicellaria rhodocarpa Nyl.,0,0,0,0,0,0,0,0,0,0,0,0,0,0,0,0,0,0,0,0,0,0,0,0,0,0,0,0,0,0,0,0,0,0,+,0,0,0,+,0,0,0,0,0,0,0,0,0,0,0,0,0,0,0,0,0,0,0,0,0,0,0,0,0,0,0,0,0,0,0,0,0,0,0,0,0,0,0,0
Warnstorfia pseudostraminea,10200,Warnstorfia pseudostraminea (C. Müll.) Tuom. & T. Kop.,0,0,0,0,0,0,0,0,0,0,0,0,0,0,0,0,0,0,0,0,0,0,0,0,0,0,0,0,0,0,0,0,0,0,0,0,0,0,0,0,0,0,r,0,0,0,0,0,0,0,0,0,0,0,0,0,0,0,0,0,0,0,0,0,0,0,0,0,0,0,0,0,0,0,0,0,0,0,0
Warnstorfia sarmentosa,10200,Warnstorfia sarmentosa (Wahlenb.) Hedenas,0,0,0,0,0,0,0,0,0,0,0,0,0,0,0,0,0,0,0,0,0,0,0,0,0,0,0,0,0,0,0,0,0,0,0,0,0,0,0,0,0,0,0,0,0,0,0,0,0,0,0,0,0,0,0,0,0,0,+,0,0,0,0,0,0,0,0,0,0,0,0,0,0,0,0,0,0,0,0
,,,,,,,,,,,,,,,,,,,,,,,,,,,,,,,,,,,,,,,,,,,,,,,,,,,,,,,,,,,,,,,,,,,,,,,,,,,,,,,,,
,,,,,,,,,,,,,,,,,,,,,,,,,,,,,,,,,,,,,,,,,,,,,,,,,,,,,,,,,,,,,,,,,,,,,,,,,,,,,,,,,
Plant growth form codes,,,,,,,,,,,,,,,,,,,,,,,,,,,,,,,,,,,,,,,,,,,,,,,,,,,,,,,,,,,,,,,,,,,,,,,,,,,,,,,,,
,,,,,,,,,,,,,,,,,,,,,,,,,,,,,,,,,,,,,,,,,,,,,,,,,,,,,,,,,,,,,,,,,,,,,,,,,,,,,,,,,
000000 Algae and Cyanobacterias,,,,,,,,,,,,,,,,,,,,,,,,,,,,,,,,,,,,,,,,,,,,,,,,,,,,,,,,,,,,,,,,,,,,,,,,,,,,,,,,,
010000 Mosses,,,,,,,,,,,,,,,,,,,,,,,,,,,,,,,,,,,,,,,,,,,,,,,,,,,,,,,,,,,,,,,,,,,,,,,,,,,,,,,,,
010100 Acrocarpous mosses,,,,,,,,,,,,,,,,,,,,,,,,,,,,,,,,,,,,,,,,,,,,,,,,,,,,,,,,,,,,,,,,,,,,,,,,,,,,,,,,,
010200 Pleurocarpous mosses,,,,,,,,,,,,,,,,,,,,,,,,,,,,,,,,,,,,,,,,,,,,,,,,,,,,,,,,,,,,,,,,,,,,,,,,,,,,,,,,,
010300 Sphagnoid mosses,,,,,,,,,,,,,,,,,,,,,,,,,,,,,,,,,,,,,,,,,,,,,,,,,,,,,,,,,,,,,,,,,,,,,,,,,,,,,,,,,
020000 Liverworts,,,,,,,,,,,,,,,,,,,,,,,,,,,,,,,,,,,,,,,,,,,,,,,,,,,,,,,,,,,,,,,,,,,,,,,,,,,,,,,,,
020100 Leafy liverworts,,,,,,,,,,,,,,,,,,,,,,,,,,,,,,,,,,,,,,,,,,,,,,,,,,,,,,,,,,,,,,,,,,,,,,,,,,,,,,,,,
020200 Thalloid liverworts,,,,,,,,,,,,,,,,,,,,,,,,,,,,,,,,,,,,,,,,,,,,,,,,,,,,,,,,,,,,,,,,,,,,,,,,,,,,,,,,,
030000 Lichens,,,,,,,,,,,,,,,,,,,,,,,,,,,,,,,,,,,,,,,,,,,,,,,,,,,,,,,,,,,,,,,,,,,,,,,,,,,,,,,,,
030100 Crustose lichens,,,,,,,,,,,,,,,,,,,,,,,,,,,,,,,,,,,,,,,,,,,,,,,,,,,,,,,,,,,,,,,,,,,,,,,,,,,,,,,,,
030200 Foliose lichens (including basidiolichens),,,,,,,,,,,,,,,,,,,,,,,,,,,,,,,,,,,,,,,,,,,,,,,,,,,,,,,,,,,,,,,,,,,,,,,,,,,,,,,,,
030300 Fruticose lichens,,,,,,,,,,,,,,,,,,,,,,,,,,,,,,,,,,,,,,,,,,,,,,,,,,,,,,,,,,,,,,,,,,,,,,,,,,,,,,,,,
040000 Seedless vascular plants (Pteridophytes),,,,,,,,,,,,,,,,,,,,,,,,,,,,,,,,,,,,,,,,,,,,,,,,,,,,,,,,,,,,,,,,,,,,,,,,,,,,,,,,,
"040100 Ferns (Maratidae, Polypodiidae)",,,,,,,,,,,,,,,,,,,,,,,,,,,,,,,,,,,,,,,,,,,,,,,,,,,,,,,,,,,,,,,,,,,,,,,,,,,,,,,,,
040200 Horsetails (Equisitidae),,,,,,,,,,,,,,,,,,,,,,,,,,,,,,,,,,,,,,,,,,,,,,,,,,,,,,,,,,,,,,,,,,,,,,,,,,,,,,,,,
"040300 Lycopods (club mosses (Lycopodidae, spike mosses, quillworts (Seleginellidae))",,,,,,,,,,,,,,,,,,,,,,,,,,,,,,,,,,,,,,,,,,,,,,,,,,,,,,,,,,,,,,,,,,,,,,,,,,,,,,,,,
050000 Graminoids,,,,,,,,,,,,,,,,,,,,,,,,,,,,,,,,,,,,,,,,,,,,,,,,,,,,,,,,,,,,,,,,,,,,,,,,,,,,,,,,,
050100 Sedges (Cyperaceae),,,,,,,,,,,,,,,,,,,,,,,,,,,,,,,,,,,,,,,,,,,,,,,,,,,,,,,,,,,,,,,,,,,,,,,,,,,,,,,,,
050101 Wet to moist nontussock sedges ,,,,,,,,,,,,,,,,,,,,,,,,,,,,,,,,,,,,,,,,,,,,,,,,,,,,,,,,,,,,,,,,,,,,,,,,,,,,,,,,,
050102 Wet to moist tussock sedges,,,,,,,,,,,,,,,,,,,,,,,,,,,,,,,,,,,,,,,,,,,,,,,,,,,,,,,,,,,,,,,,,,,,,,,,,,,,,,,,,
050103 Dry sedges,,,,,,,,,,,,,,,,,,,,,,,,,,,,,,,,,,,,,,,,,,,,,,,,,,,,,,,,,,,,,,,,,,,,,,,,,,,,,,,,,
"050200 Grasses (Poaceae; these could be further divided by rooting strategies, aquatic/nonaquatic, etc.)",,,,,,,,,,,,,,,,,,,,,,,,,,,,,,,,,,,,,,,,,,,,,,,,,,,,,,,,,,,,,,,,,,,,,,,,,,,,,,,,,
"050300 Rushes (Juncacea, Luzula)",,,,,,,,,,,,,,,,,,,,,,,,,,,,,,,,,,,,,,,,,,,,,,,,,,,,,,,,,,,,,,,,,,,,,,,,,,,,,,,,,
"060000  Forbs (lots of ways to subdivide these, but they are relatively unabundant, and a simple height division might  do)",,,,,,,,,,,,,,,,,,,,,,,,,,,,,,,,,,,,,,,,,,,,,,,,,,,,,,,,,,,,,,,,,,,,,,,,,,,,,,,,,
"060100 Aquatic, emergent, and floating forbs",,,,,,,,,,,,,,,,,,,,,,,,,,,,,,,,,,,,,,,,,,,,,,,,,,,,,,,,,,,,,,,,,,,,,,,,,,,,,,,,,
060200 Cushion and rosette forbs ,,,,,,,,,,,,,,,,,,,,,,,,,,,,,,,,,,,,,,,,,,,,,,,,,,,,,,,,,,,,,,,,,,,,,,,,,,,,,,,,,
060300 Low erect forbs (<50 cm tall),,,,,,,,,,,,,,,,,,,,,,,,,,,,,,,,,,,,,,,,,,,,,,,,,,,,,,,,,,,,,,,,,,,,,,,,,,,,,,,,,
060400 Tall erect forbs (>50 cm tall) ,,,,,,,,,,,,,,,,,,,,,,,,,,,,,,,,,,,,,,,,,,,,,,,,,,,,,,,,,,,,,,,,,,,,,,,,,,,,,,,,,
070000 Woody plants,,,,,,,,,,,,,,,,,,,,,,,,,,,,,,,,,,,,,,,,,,,,,,,,,,,,,,,,,,,,,,,,,,,,,,,,,,,,,,,,,
"070100  Dwarf shrubs (including prostrate dwarf shrubs and erect dwarf shrubs: Dryas, Vaccinium etc)",,,,,,,,,,,,,,,,,,,,,,,,,,,,,,,,,,,,,,,,,,,,,,,,,,,,,,,,,,,,,,,,,,,,,,,,,,,,,,,,,
070101 Evergreen and summer-green dwarf shrubs,,,,,,,,,,,,,,,,,,,,,,,,,,,,,,,,,,,,,,,,,,,,,,,,,,,,,,,,,,,,,,,,,,,,,,,,,,,,,,,,,
070102 Deciduous dwarf shrubs,,,,,,,,,,,,,,,,,,,,,,,,,,,,,,,,,,,,,,,,,,,,,,,,,,,,,,,,,,,,,,,,,,,,,,,,,,,,,,,,,
070200 Low and tall shrubs (mainly Salix spp.),,,,,,,,,,,,,,,,,,,,,,,,,,,,,,,,,,,,,,,,,,,,,,,,,,,,,,,,,,,,,,,,,,,,,,,,,,,,,,,,,
070201  Evergreen and summer-green shrubs ,,,,,,,,,,,,,,,,,,,,,,,,,,,,,,,,,,,,,,,,,,,,,,,,,,,,,,,,,,,,,,,,,,,,,,,,,,,,,,,,,
070202  Deciduous shrubs,,,,,,,,,,,,,,,,,,,,,,,,,,,,,,,,,,,,,,,,,,,,,,,,,,,,,,,,,,,,,,,,,,,,,,,,,,,,,,,,,
070300 Trees (single stem woody species) ,,,,,,,,,,,,,,,,,,,,,,,,,,,,,,,,,,,,,,,,,,,,,,,,,,,,,,,,,,,,,,,,,,,,,,,,,,,,,,,,,
"070301 Evergreen needleleaf trees (Pinus, Picea)",,,,,,,,,,,,,,,,,,,,,,,,,,,,,,,,,,,,,,,,,,,,,,,,,,,,,,,,,,,,,,,,,,,,,,,,,,,,,,,,,
070302 Deciduous needleleaf trees (Larix),,,,,,,,,,,,,,,,,,,,,,,,,,,,,,,,,,,,,,,,,,,,,,,,,,,,,,,,,,,,,,,,,,,,,,,,,,,,,,,,,
"070303 Broadleaf trees (Populus, Betula)",,,,,,,,,,,,,,,,,,,,,,,,,,,,,,,,,,,,,,,,,,,,,,,,,,,,,,,,,,,,,,,,,,,,,,,,,,,,,,,,,
