AVARU_G3_Tanama_river_olkhitun_2017_species_data,,,,,,,,,,,,,,,,,,,,,,,,,,,,,,,,,,,,,,,,,,,,,,,,,,,,,,,,,,,,,,,,,,,,,,,,,,,,,,,,,,,,,,,,,,,,,,,,,,,,,,,,,,,,,,
Dataset Title: Russian Arctic Vegetation Archive: Tanama river (G3) Vegetation Plots,,,,,,,,,,,,,,,,,,,,,,,,,,,,,,,,,,,,,,,,,,,,,,,,,,,,,,,,,,,,,,,,,,,,,,,,,,,,,,,,,,,,,,,,,,,,,,,,,,,,,,,,,,,,,,
Dataset Author: Olga Khitun,,,,,,,,,,,,,,,,,,,,,,,,,,,,,,,,,,,,,,,,,,,,,,,,,,,,,,,,,,,,,,,,,,,,,,,,,,,,,,,,,,,,,,,,,,,,,,,,,,,,,,,,,,,,,,
"Dataset Reference: Telyatnikov, M.Yu., Khitun. O.V., Chernyadyeva. I.V., Kuzmina, E.Yu. & Ermokhina, K.A. (2021). Novyye dannyye o rastitelnosti dvukh rayonov yuzhnoy chasti podzony tipichnykh tundr Gydanskogo poluostrova [New vegetation data of two areas located in southern part of Gydan peninsula typical tundra]. Turczaninowia, 24(3), 5–23. https://doi.org/10.14258/turczaninowia.24.3.1.",,,,,,,,,,,,,,,,,,,,,,,,,,,,,,,,,,,,,,,,,,,,,,,,,,,,,,,,,,,,,,,,,,,,,,,,,,,,,,,,,,,,,,,,,,,,,,,,,,,,,,,,,,,,,,
Dataset Table: Modified Species Cover Data for Tanama river (G3) ,,,,,,,,,,,,,,,,,,,,,,,,,,,,,,,,,,,,,,,,,,,,,,,,,,,,,,,,,,,,,,,,,,,,,,,,,,,,,,,,,,,,,,,,,,,,,,,,,,,,,,,,,,,,,,
"Dataset Notes: Percentage species cover scale is used for vascular plants and bryophytes. Braun-Blanquet cover-abundance scale is used for lichens: r (rare), + (common, but less than 1 percent), 1 (1 to 5 percent), 2 (6 to 25 percent), 3 (26 to 50 percent), 4 (51 to 75 percent), and 5 (76 to 100 percent). Taxa are listed in alphabetical order. Both the dataset author determinations and the current nomenclature according to the Panarctic Species List (PASL) are listed.",,,,,,,,,,,,,,,,,,,,,,,,,,,,,,,,,,,,,,,,,,,,,,,,,,,,,,,,,,,,,,,,,,,,,,,,,,,,,,,,,,,,,,,,,,,,,,,,,,,,,,,,,,,,,,
,,,,,,,,,,,,,,,,,,,,,,,,,,,,,,,,,,,,,,,,,,,,,,,,,,,,,,,,,,,,,,,,,,,,,,,,,,,,,,,,,,,,,,,,,,,,,,,,,,,,,,,,,,,,,,
,,AUTHOR PLOT NUMBER,G3-1,G3-2,G3-3,G3-4,G3-5,G3-6,G3-7,G3-8,G3-9,G3-10,G3-11,G3-1x,G3-12,G3-13,G3-14,G3-15,G3-16,G3-17,G3-18,G3-19,G3-20,G3-21,G3-22,G3-23,G3-24,G3-25,G3-26,G3-27,G3-28,G3-29,G3-30,G3-31,G3-32,G3-33,G3-34,G3-35,G3-36,G3-37,G3-38,G3-38A,G3-39,G3-40,G3-41,G3-42,G3-43,G3-44,G3-45,G3-46,G3-47,G3-48,G3-49,G3-50,G3-51,G3-52,G3-53,G3-54,G3-55,G3-56,G3-57,G3-58,G3-58C,G3-59,G3-60,G3-61,G3-62,G3-63,G3-64,G3-65,G3-66,G3-67,G3-68,G3-69,G3-70,G3-71,G3-72,G3-73,G3-74,G3-75,G3-76,G3-77,G3-78,G3-79,G3-80,G3-81,G3-82,G3-83,G3-84,G3-84A,G3-85,G3-86,G3-87,G3-88,G3-89,G3-90,G3-91,G3-92,G3-93,G3-94,G3-95,G3-96,G3-97,G3-98,G3-99,G3-100,G3-101,G3-102,G3-103,G3-104
,,TURBOVEG PLOT NUMBER,,,,,,,,,,,,,,,,,,,,,,,,,,,,,,,,,,,,,,,,,,,,,,,,,,,,,,,,,,,,,,,,,,,,,,,,,,,,,,,,,,,,,,,,,,,,,,,,,,,,,,,,,,,,
PASL TAXON SCIENTIFIC NAME NO AUTHOR(S),PASL TAXON SCIENTIFIC NAME WITH AUTHOR(S),DATASET TAXON,,,,,,,,,,,,,,,,,,,,,,,,,,,,,,,,,,,,,,,,,,,,,,,,,,,,,,,,,,,,,,,,,,,,,,,,,,,,,,,,,,,,,,,,,,,,,,,,,,,,,,,,,,,,
Alectoria ochroleuca,Alectoria ochroleuca (Hoffm.) Massal.,Alectoria ochroleuca,1,+,0,2,0,2,+,+,0,1,+,+,0,4,0,+,+,0,0,2,0,+,+,0,0,2,0,+,3,0,0,0,0,0,0,+,+,0,0,0,0,+,+,+,+,+,0,0,0,0,0,0,+,+,0,0,0,2,+,3,0,+,0,+,0,0,+,0,0,0,+,0,0,0,0,0,+,+,0,0,+,+,+,0,0,0,1,0,0,+,1,0,0,0,0,0,0,0,0,0,0,3,2,2,0,+,+,2
Alnus fruticosa,Alnus viridis s. fruticosa (Rupr.) Nyman,Alnus fruticosa,0,0,0,0,0,0,0,0,0,0,0,0,0,0,0,0,0,0,0,0,0,0,0,0,0,0,0,0,0,0,1,3,30,85,0,0,0,0,0,0,0,0,0,0,0,0,0,0,0,0,0,0,0,0,0,0,0,0,0,0,0,0,0,0,0,0,0,1,90,0,0,0,60,0,2,80,0,0,0,0,0,0,0,0,0,0,0,0,0,0,0,0,0,0,0,1,1,0,0,0,0,0,0,0,0,0,0,0
Alopecurus alpinus s. borealis,Alopecurus borealis Trin.,Alopecurus alpinus/borealis (Trin.) Jurtz.,0,0,0,0,0,0,0,0,0,0,0,0,0,0,0,0,0,0,0,0,0,0,0,0,0,0,0,0,0,0,+,0,0,0,0,0,0,0,0,0,0,0,0,0,0,0,0,0,0,0,0,0,0,0,0,0,0,0,0,0,0,0,0,0,0,0,0,0,0,0,0,0,0,0,0,0,0,0,0,3,+,0.2,0,0,0,0,0,0,0,0,0,0,1,0,0,0,0,0,0,0,0,0,+,0,0,0,0,0
Anastrophyllum minutum,Sphenolobus minutus (Schreb.) Berggr.,Anastrophyllum minutum,1,+,0,+,0,0,+,+,0,+,5,0,0,+,0,5,5,0,0,10,+,+,5,0,0,0,0,0,0,0,0,0,0,0,0,5,0,0,+,0,0,+,+,+,3,+,+,+,0,0,0,0,+,+,0,+,0,+,5,+,+,+,+,+,+,+,+,0,0,0,+,0,+,0,0,0,1,0,+,0,0,+,0,+,0,0,+,0,0,+,+,0,0,+,0,0,0,+,+,0,+,0,+,0,0,0,0,0
Andromeda polifolia s. pumila,Andromeda polifolia s. pumila V.M. Vinogr.,Andromeda polifolia/pumila V.Vinogr.,2,3,0,1,0,0,5,0,4,3,1,1,1,0,0,0.5,2,1,0,3,0,5,10,0,0,0.1,0,3,0,0,0.3,0.1,0,0,1,2,0,0,0.1,0,1,0,0,0,2,0,1,0,0,10,5,5,5,+,0,0,0,0,0,2,+,+,1,10,1,0,0,0,0,0,0,0,0,0,0,0,0,0,20,0,0,0,0,5,0,0,10,0,0,0,0,0,0,3,5,0,0,0,0,0,0,0.5,0,0,5,3,5,0
Angelica decurrens,Angelica decurrens (Ledeb.) B. Fedtsch.,Angelica decurrens (Ledeb.) B.Fedtsch.,0,0,0,0,0,0,0,0,0,0,0,0,0,0,0,0,0,0,0,0,0,0,0,0,0,0,0,0,0,0,0,0,0,0.1,0,0,0,0,0,0,0,0,0,0,0,0,0,0,0,0,0,0,0,0,0,0,0,0,0,0,0,0,0,0,0,0,0,0.1,0,0,0,0,0,0,0,0,0,0,0,0,0,0,0,0,0,0,0,0,0,0,0,0,0,0,0,0,0,0,0,0,0,0,0,0,0,0,0,0
Antennaria carpatica v. laestadiana,Antennaria villifera Boriss.,Antennaria villifera Boriss.,0,0,0,0,0,0,0,0,0,0,0,+,0,0,0,0,0,0,0,0,0,0,0,0,0,0,0,0,0,0,1,0,0,0,0,0,0,0,+,0,0,0,0,0,0,0,0,0,0,0,0,0,0,0,0,0,0,0,0,0,0,0,0,0,0,0,0,0,0,0,0,0,0,0,0,0,0,0,0,0,0,0,0,0,0,0,0,0,0,0,0,0,0,0,0,0,0,0,0,0,0,0,0,0,0,0,0,0
Arabis septentrionalis,Arabidopsis petraea s. septentrionalis (N. Busch) Elven & D.F. Murray,Arabis septentrionalis N.Busch,0,0,0,0,0,0,0,0,0,0,0,0,0,0,0,0,0,0,0,0,0,0,0,0,0,0,0,0,0,0,+,0,0,0,0,0,0,0,0,0,0,0,0,0,0,0,0,0,0,0,0,0,0,0,0,0,0,0,0,0,0,0,0,0,0,0,0,0,0,0,0,0,0,0,0,0,0,0,0,0,0,0,0,0,0,0,0,0,0.01,0,0,0,0,0,0,0,0,0,0,0,0,0,0,0,0,0,0,0
Arctagrostis latifolia,Arctagrostis latifolia (R. Br.) Griseb.,Arctagrostis latifolia (R.Br.) Griseb.,0,0,0,0,0,0,0,0,0,0,0,0,0,+,0,+,0,0,0,1,0,+,0,0,0,0,0,0,0,0,0,0,0,0,0,0,0,0,0,0,0,5,6,+,1,3,2,+,0,0,0,+,+,0,0,1,0,1,0,0,0,0,0,0,0,+,1,0,0,0,2,1,0.1,1,0,0,+,0,0,1,0,1,0,1,0,5,0,0,0,0,0,0,0,0,0,0,0,1,0,1,0,0.5,1,0.1,0.2,0,0,0
Arctocetraria andrejevii,Arctocetraria andrejevii (Oxner) K?rnefelt & Thell,Arctocetraria andreevi,0,1,0,0,0,0,0,+,0,0,+,0,0,0,0,+,0,0,0,0,0,0,0,0,+,0,0,0,0,0,0,0,0,0,0,0,0,0,0,0,0,0,+,0,0,0,0,0,0,0,0,0,0,1,0,1,0,0,0,+,0,0,0,+,0,0,0,0,0,0,0,0,1,1,0,0,+,0,0,0,0,0,0,0,0,0,0,0,0,0,0,0,0,0,0,0,0,0,0,0,0,0,+,0,0,0,+,0
Arctophila fulva,Arctophila fulva (Trin.) Andersson,Arctophila fulva (Trin.) Anderss.,0,0,0,0,0,0,0,0,0,0,0,0,0,0,0,0,0,0,0,0,0,0,0,0,0,0,0,0,0,0,0,0,0,0,0,0,0,0,0,0,0,0,0,0,0,0,0,0,0,0,0,0,0,0,0,0,0,0,0,0,0,0,0,0,0,0,0,0,0,0,0,0,0,0,0,0,0,0,0,0,0,0,0,0,0,0,0,0,0,0,+,0,0,0,0,0,0,0,0,0,0,0,0,0,0,0,0,0
Arctous alpina,Arctous alpina (L.) Nied.,Arctous alpina (L.) Nieden.,0,0,0,0,0,0,0,0,0,0,0,0,0,0,0,0,0,0,0,0,0,0,0,0,0,1,0,0,1,0,10,0,0,0,0,0,5,3,1,4,0,0,0,0,0,0,0,0,0,0,0,0,0,0,+,0,0,0.5,0,0,0,0,0,0,0,0,0,0,0,3,0,0,0,0,0,0,0,0,0,0,0,0,2,0,0,0,0,0,10,0,0,0,0,0,0,0,0,0,0,0,0,0,0,0,0,0,0,0
Arenaria stenophylla s. polaris,Eremogone polaris (Schischk.) Ikonn.,Arenaria stenophylla/polaris (Schischk.) E.Selivan.,0,0,0,0,0,0,0,0,0,0,0,0,0,0,0,0,0,0,0,0,0,0,0,0,0,0,0,0,0,0,+,0,0,0,0,0,0,0,0,0,0,0,0,0,0,0,0,0,0,0,0,0,0,0,0,0,0,0,0,0,0,0,0,0,0,0,0,0,0,+,0,0,0,0,0,0,0,0,0,0,0,0,0,0,0,0,0,0,0,0,0,0,0,0,0,0,0,0,0,0,0,0,0,0,0,0,0,0
Armeria scabra,Armeria scabra Pall. ex Roem. & Schult.,Armeria scabra Pall. ex Roem. et Schult.,0,0,0,0,0,0,0,0,0,0,0,0,0,0,0,0,0,0,0,0,0,0,0,0,0,0,0,0,0,0,+,0,0,0,0,0.1,+,0,0,+,0,0,0,0,0,0,0,0,0,0,0,0,0,0,0,0,0,0,0,0,0,0,0,0,0,0,0,0,0,0,0,0,0,0,0,0,0,0,0,0,0,0,0,0,0,0,0,0,0,0,0,0,0,0,0,0,0,0,0,0,0,0,0,0,0,0,0,0.1
Artemisia borealis,Artemisia borealis Pall.,Artemisia borealis/borealis,0,0,0,0,0,0,0,0,0,0,0,0,0,0,0,0,0,0,0,0,0,0,0,0,0,0,0,0,0,0,0,0,0,0,0,0,0,0,0,+,0,0,0,0,0,0,0,0,0,0,0,0,0,0,0,0,0,0,0,0,0,0,0,0,0,0,0,0,0,+,0,0,0,0,0,0,0,0,0,0,0,0,0,0,0,0,0,0,0.1,0,0,0,0,0,0,0,0,0,0,0,0,0,0,0,0,0,0,0
Artemisia tilesii,Artemisia tilesii Ledeb.,Artemisia tilesii Ledeb.,0,0,0,0,0,0,0,0,0,0,0,0,0,0,0,0,0,0,0,0,0,0,0,0,0,0,0,0,0,0,0,0,0,+,0,0,0,0,0,0,0,0,0,0,0,0,0,0,0,0,0,0,0,0,0,0,0,0,0,0,0,0,0,0,0,0,0,+,0,0,0,0,0,0,0,0.1,0,0,0,0,0,0,0,0,0,0,0,0,0,0,0,1,0.5,0,0,0,0,0,0,0,0,0,0,0,0,0,0,0
Asahinea chrysantha,Asahinea chrysantha (Tuck.) Culb & C.Culb.,Asachineja chrysantha,0,+,0,+,0,+,+,0,0,0,0,0,0,+,0,0,0,0,0,0,0,+,0,0,0,+,0,0,+,0,0,0,0,0,0,0,+,0,0,0,0,0,0,0,0,+,0,0,0,0,0,0,0,0,0,0,0,1,0,0,0,0,0,0,0,0,0,0,0,0,0,0,0,0,0,0,2,0,0,0,0,+,0,0,0,0,0,0,0,0,1,0,0,0,0,0,0,0,0,0,0,0,+,+,+,0,0,2
Astragalus alpinus s. alpinus,Astragalus alpinus s. alpinus L.,Astragalus alpinus/arcticus Lindm.,0,0,0,0,0,0,0,0,0,0,0,0,0,0,0,0,0,0,0,0,0,0,0,0,0,0,0,0,0,0,10,0.5,0,0,0,0,0,0,0,0,0,0,0,0,0,0,0,0,0,0,0,0,0,0,0,0,0,0,0,0,0,0,0,0,0,0,0,0,0,0,0,0,0,0,0,0,0,0,0,0,0,0,0,0,0,0,0,0,0,0,0,0,0,0,0,0,0,0,0,0,0,0,0,0,0,0,0,0
Aulacomnium palustre,Aulacomnium palustre (Hedw.) Schwaegr.,Aulacomnium palustre (Hedw.) Schwägr.,15,0,0,0,0,0,1,1,+,5,0,0,5,0,5,1,0,10,0,+,0,0,0,0,0,0,0,10,0,0,0,10,+,+,3,0,0,0,0,0,3,1,+,1,+,0,0,+,3,0,+,+,+,5,0,0,0,0,0,0,0,0,+,+,+,0,0,0,0,0,0,5,0,+,0,0,0,0,0,0,0,0,0,5,5,0,0,0,0,0,0,0,0,0,0,30,60,+,0,0,0,0,0,0,+,+,0,0
Aulacomnium turgidum,Aulacomnium turgidum (Wahlenb.) Schwaegr.,Aulacomnium turgidum (Wahlenb.) Schwägr.,2,1,0,+,0,+,2,1,3,2,+,+,1,1,0,+,5,5,1,5,2,2,10,0,0,+,0,+,+,0,0,+,0,+,15,+,0,0,+,0,1,10,5,2,5,5,0,+,0,0,+,+,+,0,+,+,0,0,1,+,+,+,5,+,+,+,5,0,0,0,20,+,10,+,0,+,1,+,1,0,0,5,5,+,0,0,2,0,0,+,+,0,0,0,0,0,0,3,3,5,+,+,+,+,+,0,0,+
Baeomyces species,Baeomyces species,Baeomyces sp.,0,0,0,0,0,0,0,0,0,0,0,+,0,0,0,0,0,0,0,0,0,0,0,0,0,0,0,0,0,0,0,0,0,0,0,0,0,0,0,0,0,0,0,0,0,0,0,0,0,0,0,0,0,0,0,0,0,0,0,0,0,0,0,0,0,0,0,0,0,0,0,0,0,0,0,0,0,0,0,0,0,0,0,0,0,0,0,0,0,0,0,0,0,0,0,0,0,0,0,0,0,0,0,0,0,0,0,0
Betula nana,Betula nana L.,Betula nana L.,10,5,0,10,0,8,10,5,1,10,10,8,5,5,0,40,25,15,0,3,0,10,5,0,20,5,0,3,3,0,0,5,1,1,50,5,5,1,2,3,15,15,10,35,15,30,5,5,0,+,15,1,15,5,5,50,1,5,20,5,5,5,+,5,5,50,27,1,0,0,15,75,30,60,0,0,10,5,5,30,5,25,20,10,80,3,5,0,2,10,5,0,0,10,5,70,5,15,35,15,20,10,20,15,15,15,10,5
Brachythecium species,Brachythecium species,Brachythecium sp.,0,0,0,0,0,0,0,0,0,0,0,0,0,0,0,0,0,0,0,0,0,0,0,0,0,0,0,0,0,0,+,0,0,0,0,0,0,0,0,0,0,0,0,0,0,0,0,0,0,0,0,0,0,0,0,0,0,0,0,0,0,0,0,0,0,0,0,0,0,0,0,0,0,0,0,0,0,0,0,0,0,0,0,0,0,0,0,0,0,0,0,0,0,0,0,0,0,0,0,0,0,0,0,0,0,0,0,0
Bromopsis pumpelliana s. vogulica,Bromopsis pumpelliana s. vogulica (Soczava) Tzvelev,Bromus pumpellianus/vogulicus (Socz.) Tzvel.,0,0,0,0,0,0,0,0,0,0,0,0,0,0,0,0,0,0,0,0,0,0,0,0,0,0,0,0,0,0,0.5,0,0,0,0,0,0,0,0,0,0,0,0,0,0,0,0,0,0,0,0,0,0,0,0,0,0,0,0,0,0,0,0,0,0,0,0,+,0,0,0,0,0,0,0,0,0,0,0,0,0,0,0,0,0,0,0,0,0.1,0,0,0,0,0,0,0,0,0,0,0,0,0,0,0,0,0,0,0
Bryocaulon divergens,Bryocaulon divergens (Ach.) K?rnefelt,Bryocaulon divergens,0,+,0,+,0,+,0,+,0,+,+,+,0,1,0,0,0,0,0,0.02,0,+,0,0,+,0,0,0,3,0,0,0,0,0,0,0,+,+,0,0,0,+,+,+,+,0,0,0,0,0,0,0,0,+,2,+,0,+,+,1,0,+,0,0,0,0,+,0,0,0,1,0,0,0,0,0,+,0,0,0,1,+,+,0,0,0,+,0,0,0,2,0,0,2,0,0,0,+,0,0,+,2,2,1,2,+,+,2
Bryoria nitidula,Bryoria nitidula (Th. Fr.) Brodo & Hawksw.,Bryoria nitidula,0,+,0,0,0,+,0,0,0,0,0,0,0,0,0,0,0,0,0,0,0,0,0,0,0,0,0,0,0,0,0,0,0,0,0,0,0,0,0,0,0,0,0,0,0,0,0,0,0,0,0,0,0,+,0,0,0,+,0,+,0,0,0,0,0,0,0,0,0,0,0,0,0,0,0,0,0,0,0,0,0,+,0,0,0,0,0,0,0,0,0,0,0,+,0,0,0,0,0,0,+,0,0,0,0,0,0,0
Bryum pseudotriquetrum,"Bryum pseudotriquetrum (Hedw.) P.G. Gaertn., B. Mey. & Scherb.",Bryum pseudotriquetrum,0,0,0,0,0,0,0,0,0,0,0,0,0,0,0,0,0,0,0,0,0,0,0,0,0,0,0,0,0,0,0,0,0,0,0,0,0,0,0,0,0,0,0,0,0,0,0,0,0,0,0,0,0,0,0,0,5,0,0,0,0,0,0,0,0,+,0,0,0,0,0,0,0,0,0,0,+,0,0,0,0,0,0,0,0,0,0,0,0,0,0,0,0,0,0,0,5,0,0,0,0,0,0,0,0,0,0,0
Bryum species,Bryum species,Bryum sp.,0,0,0,0,0,0,0,0,0,0,0,0,0,0,0,0,0,0,0,0,0,0,0,0,0,0,0,0,0,0,+,0,0,0,0,0,0,0,0,0,0,0,0,0,0,0,0,0,0,0,0,0,0,0,0,0,0,0,0,0,0,0,0,0,0,0,0,+,0,0,0,0,0,0,0,+,0,0,0,0,0,0,0,0,0,0,0,0,0,0,0,40,40,0,0,0,0,0,0,0,0,0,+,0,0,0,0,0
Buxbaumia aphylla,Buxbaumia aphylla Hedw.,Buxbaumia aphylla,0,0,0,0,0,0,0,0,0,0,0,+,0,0,0,0,0,0,0,0,0,0,0,0,0,0,0,0,0,0,0,0,0,0,0,0,0,0,0,0,0,0,0,0,0,0,0,0,0,0,0,0,0,0,0,0,0,0,0,0,0,0,0,0,0,0,0,0,0,0,0,0,0,0,0,0,0,0,0,0,0,0,0,0,0,0,0,0,0,0,0,0,0,0,0,0,0,0,0,0,0,0,0,0,0,0,0,0
Calamagrostis holmii,Calamagrostis holmii Lange,Calamagrostis holmii Lange,0,0,0,0,0,0.1,0,0,0,+,+,+,0,1,0,0,0,0,0,3,0,1,0,0,0,1,0,0,+,0,0,0,0,0,5,+,0,0,0,0,0,2,5,1,2,1,+,+,0,0,0,0,+,0,0,1,0,+,+,0,0,0,0,0,0,0,1,0,0,0,0,+,0,1,0,0,+,0,0,0,0,1,1,0,0,0,0.1,0,0,1,0,0,0,1,0,1,0,1,10,1,0,0.5,1,0.1,0,0,0,0
Calamagrostis langsdorffii,Calamagrostis canadensis s. langsdorffii (Link) Hult?n,Calamagrostis langsdorffii (Link) Trin.,0,0,0,0,0,0,0,0,0,0,0,0,0,0,0,0,0,0,0,0,0,0,0,0,0,0,0,0,0,0,0,0,0,0,0,0,0,0,0,0,0,0,0,0,0,0,0,0,0,0,0,0,0,0,0,0,0,0,0,0,0,0,0,0,0,0,0,0,0,0,0,0,0,0,0,0.5,0,0,0,0,0,0,0,0,0,0,0,0,0,0,0,3,0,0,0,0,0,0,0,0,0,0,0,0,0,0,0,0
Calamagrostis lapponica,Calamagrostis lapponica (Wahlenb.) Hartm.,Calamagrostis lapponica (Wahlenb.) C.Hartm.,0,0,0,0,0,0,0,0,0,0,0,0,0,0,0,0,0,0,0,0,0,0,0,0,0,0,0,0,0,0,0,0,0,0,0,0,0,0,0,0,0,0,0,0,0,0,0,0,0,0,0,0,0,0,0,0,0,0,0,0,0,0,0,0,0,0,0,0,0,0,0,0,0.1,0,0,0,0,0,0,0.1,0,0,0,0,0,0,0,0,0,0,0,0,0,0,0,0,0,0,0,0,0,0,+,0,0,0,0,0
Calamagrostis neglecta s. groenlandica,Calamagrostis neglecta s. groenlandica (Schrank) Matuszk.,Calamagrostis neglecta/groenlandica (Schrank) Matusk.,0,0,0,0,0,0,0,0,0,0,0,0,0,0,0,0,0,0,0,0,0,0,0,0,0,0,0,0,0,0,0,0,0,0,0,0,0,0,0,0,0,0,0,0,0,0,0,0,0,0,0,0,0,0,0,0,0,0,0,0,0,0,0,0,0,0,0,0,0,0,0,0,0,0,0,0,0,0,0,0,0,0,0,0,0,3,0,0,0,0,0,0,0,0,0,0,0,0,0,0,0,0,0,0,0,0,0,0
Calamagrostis neglecta s. neglecta,"Calamagrostis neglecta s. neglecta (Ehrh.) P. Gaertn., B. Mey. & Scherb.",Calamagrostis neglecta/neglecta,0,0,0,0,0,0,0,0,0,0,0,0,0,0,0,0,0,0,0,0,0,0,0,0,0,0,0,0,0,0,1,0,0,+,0,0,0,0,0,0,0,+,0,0,0,0,0,0,0,0,0,0,0,0,0,0,0,0,0,0,0,0,0,0,0,0,0,0,0,0,0,0,0,0,0,0,0,0,0,+,0,0,0,0,0,0,0,0,+,0,0,0,0,0,0,0,0,0,0,0,0,0,0,0,0,0,0,0
Calliergon cordifolium,Calliergon cordifolium (Hedw.) Kindb.,Calliergon cordifolium,0,0,0,0,0,0,0,0,0,0,0,0,0,0,0,0,0,0,0,0,0,0,0,0,0,0,0,0,0,0,0,5,15,2,0,0,0,0,0,0,0,0,0,0,0,0,0,0,0,0,0,0,0,0,0,0,10,0,0,0,0,0,0,0,0,0,0,3,0,0,0,0,0,0,5,2,0,0,0,2,0,0,0,0,0,0,0,0,0,0,0,0,0,0,0,0,10,0,0,0,0,0,0,0,0,0,0,0
Caltha arctica,Caltha palustris s. radicans (T.F. Forst.) Syme,Caltha arctica,0,0,0,0,0,0,0,0,0,0,0,0,0,0,0,0,0,0,0,0,0,0,0,0,0,0,0,0,0,0,0,0,0,0,0,0,0,0,0,0,0,0,0,0,0,0,0,0,0,0,0,0,0,0,0,0,+,0,0,0,0,0,0,0,0,0,0,0,0,0,0,0,0,0,0,0,0,0,0,0,0,0,0,0,0,0,0,0,0,0,0,0,0,0,0,0,0,0,0,0,0,0,0,0,0,0,0,0
Campanula rotundifolia,Campanula rotundifolia L.,Campanula rotundifolia L.,0,0,0,0,0,0,0,0,0,0,0,0,0,0,0,0,0,0,0,0,0,0,0,0,0,0,0,0,0,0,1,0,0,0,0,0,0,0,0,+,0,0,0,0,0,0,0,0,0,0,0,0,0,0,0,0,0,0,0,0,0,0,0,0,0,0,0,0,0,+,0,0,0,0,0,0,0,0,0,0,0,0,0,0,0,0,0,0,1,0,0,0,0,0,0,0,0,0,0,0,0,0,0,0,0,0,0,0
Cardamine pratensis s. angustifolia,Cardamine polemonioides Rouy,Cardamine pratensis/angustifolia (Hook.) O.E.Schulz,0,0,0,0,0,0,0,0,0,0,0,0,0,0,0,0,0,0,0,0,0,0,0,0,0,0,0,0,0,0,0,0,0.1,+,0,0,0,0,0,0,0,0,0,0,0,0,0,0,0,0,0,0,0,0,0,0,0,0,0,0,0,0,0,0,0,0,0,0,0,0,0,0,0,0,0,0,0,0,0,0,0,0,0,0,0,0,0,0,0,0,0,0,0,0,0,0,0,0,0,0,0,0,0,0,0,0,0,0
Carex arctisibirica,Carex bigelowii s. ensifolia (Turcz. ex Ledeb.) ined.,Carex arctisibirica (Jurtz.) Czer.,0.1,0.1,0,5,0,3,1,0,0,0,0,+,0,0,0,0,0,0,0,0,0,0,0,0,0,+,0,0,2,0,0,0,0,0,0,+,3,1,0,2,0,30,25,5,3,7,0,0,0,0,0,0,1,0,5,5,0,5,2,0,0,1,0,0,0,2,5,0,0,+,15,0,2,10,0,0,25,0,0,5,1,10,10,0,0,40,0,0,0,0,10,0,0,2,0,0,0,25,5,20,10,0,15,7,0,0,5,0
Carex chordorrhiza,Carex chordorrhiza Ehrh. ex L. f.,Carex chordorrhiza Ehrh.,0,0,15,0,0,0,0,0,4,0,0,0,30,0,10,1,20,10,5,0,10,0,0,0,1,0,0,0,0,0,0,0,0,0,0,0,0,0,0,0,0,0,0,0,0,0,0,0,0,5,0,0,0,0,0,0,0,0,0,0,0,0,0,0,0,0,0,0,0,0,0,0,0,0,0,0,0,0,0,0,0,0,0,0,0,0,0,0,0,0,0,0,0,0,0,0,0,0,0,0,0,0,0,0,0,0,0,0
Carex concolor,Carex concolor R. Br.,Carex concolor,1,5,30,0.1,0,2,0,0,0,0,5,0,10,1,30,1,0,30,15,1,70,0,0,1,0,0,0,0,0,0,0,1,20,10,5,5,0,0,0,0,0,0,0,0,0,0,0,0,0,5,0,5,0,0,0,1,30,1,0,0,0,0,0,0,0,0,0,3,0.1,0,0,2,0,0,1,1,1,0,0,0,0,1,0,0,+,0,0,10,0,0,0,0,0,1,1,0,2,0,0,0,0,1,1,0,0,0,10,0
Carex lachenalii,Carex lachenalii Schkuhr,Carex lachenalii,0,0,0,0,0,0,0,0,0,0,0,0,0,0,0,0,0,0,0,0,0,0,0,0,0,0,0,0,0,0,0,0,0,0,0,0,0,0,3,0,0,0,0,0,0,0,0,0,0,0,0,0,0,0,0,0,0,0,0,0,0,0,0,0,0,0,0,0,0,0,0,0,0,0,0,0,0,0,0,0,0,0,0,0,0,0,0,0,0,0,0,0,0,0,0,0,0,0,0,0,0,0,0,0,0,0,0,0
Carex melanocarpa,Carex melanocarpa Cham. ex Trautv.,Carex melanocarpa,0,0,0,0,0,0,0,0,0,0,0,1,0,0,0,0,0,0,0,0,0,0,0,0,0,1,0,0,0.2,0,0,0,0,0,0,0,0,0,0,0,0,0,0,0,0,0,0,0,0,0,0,0,0,0,0,0,0,0,0,0,0,0,0,0,0,0,0,0,0,0,0,0,0,0,0,0,0,0,0,0,0,0,0.1,0,0,0.1,0,0,0,0,+,0,0,0,0,0,0,0,0,0,0,0,0,0,0,0,0,0.5
Carex rariflora,Carex rariflora (Wahlenb.) Sm.,Carex rariflora (Wahlenb.) Smith,0,0,0,0,0,0,3,0,3,0,0,0,10,0,5,0,0,10,20,1,0,1,5,0,2,0,0,60,0,0,0,0,0,0,0,0,0,0,0,0,40,0,0,0,0,0,2,0,3,0,40,15,0,0,0,1,0,0,0,0,0,0,0,0,0,0,0,0,0,0,0,1,0,0,0,0,0,0,0,0,0,0,0,5,0,0,1,2,0,0,0,0,0,0,40,0,0,0,0,0,0,0,0,0,0,3,0,0
Carex rotundata,Carex rotundata Wahlenb.,Carex rotundata Wahlenb.,0,2,0,0,40,0,20,0,30,0,0,0,0,0,10,0,0,0,0,0,0,5,0,65,0,0,50,1,0,0,0,0,0,0,0,0,0,0,0,0,0,0,0,0,0,0,0,5,20,25,0,30,0,0,0,0,0,0,0,0,+,0,10,20,0,0,0,0,0,0,0,0,0,0,0,0,0,5,10,0,0,0,0,0,0,0,1,30,0,10,0,0,0,0,0,0,0,0,0,0,0,0,0,0,30,30,0,0
Carex vaginata s. quasivaginata,Carex vaginata s. vaginata Tausch,Carex vaginata/quasivaginata (C.B.Clarke) Malysch.,0,0,0,0,0,0,0,0,0,0,0,+,0,0,0,0,0,0,0,0,0,0,0,0,0,+,0,0,0,0,0,0,0,0,0,0,0,0,0,0,0,0,0,0,0,1,0,0,0,0,0,0,0,0,0,0,0,0,0,0,0,0,0,0,0,0,0,0,0,0,0,0,0,0,0,0,0,0,0,0,0,0,0,0,0,0,0,0,0,0,0,0,0,0,0,0,0,0,0,0,0,0,0,0,+,0,0,0
Castilleja arctica,Castilleja arctica Krylov & Serg.,Castilleja arctica Kryl. et Serg. s.l.,0,0,0,0,0,0,0,0,0,0,0,0,0,0,0,0,0,0,0,0,0,0,0,0,0,0,0,0,0,0,+,0,0,0,0,0,0,0,0,0,0,0,0,0,0,0,0,0,0,0,0,0,0,0,0,0,0,0,0,0,0,0,0,0,0,0,0,0,0,0,0,0,0,0,0,0,0,0,0,0.1,0,0,0,0,0,0,0,0,0.1,0,0,0,0,0,0,0,0,0,0,0,0,0,0,0,0,0,0,0
Cerastium arvense,Cerastium arvense L.,Cerastium arvense/arvense,0,0,0,0,0,0,0,0,0,0,0,0,0,0,0,0,0,0,0,0,0,0,0,0,0,0,0,0,0,0,+,0,0,0,0,0,0,0,0,0,0,0,0,0,0,0,0,0,0,0,0,0,0,0,0,0,0,0,0,0,0,0,0,0,0,0,0,0,0,0,0,0,0,0,0,0,0,0,0,0,0,0,0,0,0,0,0,0,0,0,0,0,0,0,0,0,0,0,0,0,0,0,0,0,0,0,0,0
Cerastium jenisejense,Cerastium regelii taxon jenisejense (Hult?n),Cerastium jenisejense Hult.,0,0,0,0,0,0,0,0,0,0,0,0,0,0,0,0,0,0,0,0,0,0,0,0,0,0,0,0,0,0,0,0,+,0.1,0,0,0,0,+,0,0,0,0,0,0,0,0,0,0,0,0,0,0,0,0,0,+,0,0,0,0,0,0,0,0,0,0,0.1,0.1,0,0,0,0,0,0,0,0,0,0,0,0,0,0,0,0,0,0,0,0,0,0,0,0,0,0,0,0,0,0,0,0,0,0,0,0,0,0,0
Ceratodon purpureus,Ceratodon purpureus (Hedw.) Brid.,Ceratodon purpureus,0,0,0,0,0,0,0,0,0,0,0,+,0,0,0,0,0,0,0,0,0,0,0,0,0,0,0,0,0,0,4,0,0,0,0,0,0,0,0,0,0,0,0,0,0,0,0,0,0,0,0,0,0,0,0,0,0,0,0,0,0,0,0,0,0,0,+,0,0,0,0,0,0,0,0,0,0,0,0,0,0,0,0,0,0,0,0,0,0,0,0,20,20,0,0,0,0,0,0,0,0,0,0,0,0,0,0,0
Cetraria aculeata,Cetraria aculeata (Schreb.) Link.,Cetraria aculeata,0,0,0,0,0,+,+,0,0,+,0,0,0,+,0,0,0,0,0,+,0,0,0,0,0,0,0,0,0,0,0,0,0,0,0,0,0,0,0,0,0,0,0,0,0,0,0,0,0,0,0,0,0,0,0,0,0,0,0,0,0,0,0,0,0,0,0,0,0,0,0,0,0,0,0,0,0,0,0,0,+,0,0,0,0,0,0,0,+,0,0,0,0,0,0,0,0,0,0,0,0,0,0,0,0,0,0,0
Cetraria islandica,Cetraria islandica (L.) Ach.,Cetraria islandica,+,+,0,1,0,+,1,+,0,+,1,+,0,+,0,+,+,0,0,1,0,+,+,0,1,1,0,0,2,0,0,0,0,0,0,+,0,0,2,0,0,+,+,+,+,1,0,0,0,0,0,0,+,+,0,1,0,1,1,+,0,0,0,+,0,+,+,0,0,0,+,0,+,+,0,0,1,+,+,+,+,1,0,+,0,0,+,0,0,1,+,0,0,+,0,0,+,+,+,+,0,1,1,0,+,+,+,+
Cetraria laevigata,Cetraria laevigata Rass.,Cetraria laevigata,+,+,0,1,0,+,1,1,0,+,+,0,0,0,0,+,+,0,0,0,0,1,+,0,+,0,0,0,+,0,0,0,0,0,0,0,0,0,0,0,0,+,0,1,+,0,0,0,0,0,0,0,1,+,0,+,0,+,1,2,0,2,0,+,0,+,0,0,0,0,+,0,1,0,0,0,1,+,0,+,0,+,1,0,0,0,1,0,0,0,0,0,0,1,0,0,0,0,+,1,0,1,0,0,0,0,+,0
Cetraria nigricans,Cetraria nigricans Nyl.,Cetraria nigricans,0,0,0,1,0,0,0,0,0,0,+,0,0,0,0,0,0,0,0,0,0,0,0,0,0,1,0,0,2,0,0,0,0,0,0,0,0,+,0,0,0,0,0,0,+,0,0,0,0,0,0,0,0,0,+,0,0,0,0,0,0,0,0,0,0,0,0,0,0,0,0,0,0,0,0,0,0,0,0,0,0,0,0,0,0,0,0,0,0,0,1,0,0,0,0,0,0,0,0,0,+,0,0,+,0,0,0,+
Cetraria odontella,Cetraria odontella (Ach.) Ach.,Cetraria odontella,+,0,0,0,0,0,0,0,0,0,0,0,0,0,0,0,0,0,0,0,0,0,0,0,0,0,0,0,0,0,0,0,0,0,0,0,0,0,0,0,0,0,0,0,0,0,0,0,0,0,0,0,0,0,0,0,0,0,0,0,0,0,0,0,0,0,0,0,0,0,0,0,0,0,0,0,0,0,0,0,0,0,0,0,0,0,0,0,0,0,+,0,0,0,0,0,0,0,0,0,0,0,0,0,0,0,0,0
Cetrariella delisei,Cetrariella delisei (Bory ex Schaer.) K?rnef.,Cetrariella delisei s.l.,2,3,0,0,0,+,1,0,0,0,4,2,+,0,0,0,+,0,0, + on slope,0,+,+,0,+,+,0,0,0,0,0,0,0,0,0,0,0,0,+,0,0,0,+,0,0,+,0,0,0,0,1,0,+,1,0,2,0,0,0,0,0,0,0,0,0,0,+,0,0,0,0,0,0,1,0,0,+,0,0,0,0,0,0,0,0,0,0,0,0,+,0,0,0,0,0,0,0,0,0,0,0,+,+,0,+,+,0,0
Cladonia amaurocraea,Cladonia amaurocraea (FlČrke) Schaer.,Cladonia amaurocraea,+,0,0,0,0,0,+,+,0,+,0,0,0,+,0,+,0,0,0,+,0,+,+,0,0,0,0,0,0,0,0,0,0,0,0,+,+,0,+,0,0,+,+,+,+,0,0,0,0,0,0,0,1,+,0,+,0,0,+,0,0,0,0,0,0,+,0,0,0,0,+,0,+,0,0,0,0,0,+,+,+,+,0,0,0,0,+,0,0,0,0,0,0,2,0,0,0,0,0,0,+,+,+,+,+,0,0,+
Cladonia arbuscula s. lat.,Cladonia arbuscula s. lat. (Wallr.) Hale & W.Culb.,Cladonia arbuscula,0,0,0,0,0,0,0,+,0,+,+,0,0,0,0,0,0,0,0,+,0,0,0,0,0,+,0,0,+,0,0,0,0,0,0,0,+,+,0,0,0,+,0,0,0,0,0,0,0,0,0,0,0,+,0,0,0,0,+,0,0,0,0,0,0,+,0,0,0,0,+,0,+,0,0,0,0,+,0,0,+,+,+,0,0,0,+,0,0,0,+,0,0,+,0,0,0,0,0,+,1,1,1,0,0,+,+,2
Cladonia bellidiflora,Cladonia bellidiflora (Ach.) Schaer.,Cladonia bellidiflora,0,0,0,0,0,0,0,0,0,0,0,+,0,+,0,0,0,0,0,0,0,0,0,0,0,0,0,0,0,0,0,0,0,0,0,0,0,0,0,0,0,0,0,0,0,+,0,0,0,0,0,0,0,0,0,0,0,0,0,0,0,0,0,0,0,0,0,0,0,0,0,0,0,0,0,0,0,0,0,0,0,0,0,0,0,0,0,0,0,+,0,0,0,0,0,0,0,0,0,0,0,0,0,0,0,0,0,0
Cladonia cenotea,Cladonia cenotea (Ach.) Schaerer,Cladonia cenotea,0,0,0,0,0,0,0,0,0,0,0,0,0,0,0,0,0,0,0,0,0,0,0,0,0,0,0,0,0,0,0,0,0,0,0,0,0,0,0,0,0,0,0,0,+,0,0,0,0,0,0,0,0,+,0,0,0,0,+,0,0,+,0,0,0,0,0,0,0,0,0,0,0,0,0,0,0,+,0,0,0,0,0,0,0,0,0,0,0,0,0,0,0,0,0,0,0,0,0,0,0,0,0,0,0,0,0,0
Cladonia chlorophaea,Cladonia chlorophaea (Somm.) Spreng.,Cladonia chlorophaea s.l.,0,0,0,+,0,+,0,0,0,0,+,+,0,0,0,0,0,0,0,0,0,+,+,0,+,+,0,0,0,0,0,0,0,0,0,+,+,0,+,0,0,+,+,0,+,+,0,0,0,0,0,0,0,+,0,0,0,0,0,+,0,+,0,0,0,0,+,0,0,0,+,0,0,+,0,0,+,0,+,0,+,0,+,0,0,0,+,0,0,0,0,0,0,0,0,0,0,0,+,+,+,+,0,0,+,+,+,1
Cladonia coccifera s. lat.,Cladonia coccifera s. lat. (L.) Willd.,Cladonia coccifera s.l.,0,0,0,0,0,0,+,0,0,+,+,+,0,0,0,0,0,0,0,0,0,+,0,0,0,0,0,0,0,0,0,0,0,0,0,0,0,0,0,0,0,+,+,0,0,0,0,0,0,0,0,0,0,0,0,0,0,0,0,0,0,+,0,0,0,0,+,0,0,0,+,0,0,0,0,0,+,0,0,0,+,0,0,0,0,0,+,0,0,0,+,0,0,0,0,0,0,0,+,+,0,+,0,0,+,0,+,0
Cladonia cornuta,Cladonia cornuta (L.) Hoffm.,Cladonia cornuta,0,0,0,0,0,0,0,0,0,0,0,0,0,0,0,+,+,0,0,0,0,0,+,0,+,0,0,0,0,0,0,0,0,0,0,+,0,0,0,0,0,+,+,+,+,+,0,0,0,0,0,0,+,0,0,0,0,0,+,+,0,+,0,0,0,0,0,0,0,0,0,0,0,+,0,0,0,0,0,0,0,0,0,0,0,0,0,0,0,0,0,0,0,+,0,+,0,0,0,0,0,0,0,0,0,0,0,0
Cladonia cyanipes,Cladonia cyanipes (Sommerf.) Nyl.,Cladonia cyanipes,0,0,0,0,0,0,0,0,0,0,0,0,0,0,0,0,0,0,0,0,0,0,0,0,0,0,0,0,0,0,0,0,0,0,0,0,0,0,0,0,0,0,0,+,+,0,0,0,0,0,0,0,0,+,0,0,0,0,+,0,0,0,0,0,0,0,0,0,0,0,0,0,0,+,0,0,0,0,0,0,0,0,0,0,0,0,0,0,0,0,0,0,0,+,0,0,0,0,0,0,0,0,0,0,0,0,0,0
Cladonia deformis,Cladonia deformis (L.) Hoffm.,Cladonia deformis,0,0,0,0,0,0,0,0,0,0,0,0,0,0,0,0,0,0,0,0,0,0,0,0,0,0,0,0,0,0,0,0,0,0,0,0,0,0,0,0,0,0,0,+,0,0,0,0,0,0,0,0,0,+,0,0,0,0,0,0,0,0,0,0,0,0,0,0,0,0,0,0,0,0,0,0,0,0,0,0,0,0,0,0,0,0,0,0,0,0,0,0,0,0,0,0,0,0,+,2,+,0,+,0,+,0,+,+
Cladonia gracilis s. lat.,Cladonia gracilis s. lat. (L.) Willd.,Cladonia gracilis s.l.,0,0,0,+,0,+,1,+,0,0,+,+,0,+,0,2,+,0,0,0,0,+,+,0,1,0,0,0,0,0,0,0,0,0,0,0,+,0,+,0,0,+,2,+,+,+,0,0,0,0,0,0,2,0,0,2,0,0,1,+,0,0,0,0,0,0,0,0,0,0,+,0,+,+,0,0,+,+,0,0,0,1,0,0,0,0,0,0,0,+,0,0,0,+,0,0,0,+,0,+,1,0,+,2,0,0,0,2
Cladonia pleurota,Cladonia pleurota (FlČrke) Schaer.,Cladonia pleurota,+,+,0,1,0,+,0,0,0,+,0,+,0,0,0,+,0,0,0,+,0,0,0,0,+,+,0,0,+,0,0,0,0,0,0,0,+,0,0,0,0,0,0,0,0,+,0,0,0,0,0,0,0,+,0,+,0,+,+,+,0,0,0,0,0,0,0,0,0,0,0,0,0,0,0,0,0,0,0,0,0,0,0,0,0,0,+,0,0,+,0,0,0,0,0,0,0,0,0,0,+,0,+,0,0,0,+,+
Cladonia pyxidata,Cladonia pyxidata (L.) Hoffm.,Cladonia pyxidata,0,0,0,0,0,0,0,0,0,0,0,0,0,0,0,0,0,0,0,0,0,0,0,0,0,0,0,0,0,0,0,0,0,0,0,0,0,0,+,0,0,0,0,0,0,0,0,0,0,0,0,0,0,0,0,0,0,0,0,0,0,0,0,0,0,0,0,0,0,0,0,0,0,0,0,0,0,0,0,0,0,0,0,0,0,0,0,0,0,0,0,0,0,0,0,0,0,0,0,0,0,0,0,0,0,0,0,0
Cladonia rangiferina,Cladonia rangiferina (L.) Nyl.,Cladonia rangiferina,0,0,0,0,0,0,0,0,0,0,+,0,0,2,0,0,0,0,0,+,0,0,0,0,0,0,0,0,0,0,0,0,0,0,0,+,0,0,+,0,0,0,0,1,0,0,0,0,0,0,0,0,+,0,0,0,0,0,0,0,0,0,0,0,0,0,0,0,0,0,0,0,1,0,0,0,0,0,0,0,0,0,0,0,0,0,0,0,0,0,0,0,0,0,0,0,0,0,0,0,0,0,0,0,0,0,0,0
Cladonia species,Cladonia species,Cladonia sp.,0,0,0,0,0,0,0,0,0,0,0,0,0,0,0,0,0,0,0,0,0,0,0,0,0,0,0,0,0,0,+,0,0,0,0,0,0,0,0,0,0,0,0,0,0,0,0,0,0,0,0,0,0,0,0,0,0,0,0,0,0,0,0,0,0,0,0,0,0,0,0,0,0,0,0,0,0,0,0,0,0,0,0,0,0,0,0,0,0,0,0,0,0,0,0,0,0,0,0,0,0,0,0,0,+,0,0,0
Cladonia squamosa s. lat.,Cladonia squamosa s. lat. Hoffm.,Cladonia squamosa,0,0,0,0,0,0,0,0,0,0,0,0,0,0,0,0,0,0,0,+,0,0,0,0,0,0,0,0,0,0,0,0,0,0,0,0,0,0,0,0,0,0,0,0,0,0,0,0,0,0,0,0,0,0,0,0,0,0,0,0,0,0,0,0,0,0,0,0,0,0,0,0,0,0,0,0,0,0,0,0,0,0,0,0,0,0,0,0,0,0,0,0,0,0,0,0,0,0,+,+,+,+,+,0,+,+,+,0
Cladonia stellaris,Cladonia stellaris (Opiz) Pouzar & Vezda,Cladonia stellaris,0,0,0,0,0,+,0,0,0,0,0,0,0,0,0,0,0,0,0,0,0,0,0,0,0,0,0,0,0,0,0,0,0,0,0,0,0,0,0,0,0,0,0,0,0,+,0,0,0,0,0,0,0,0,0,0,0,0,0,0,0,0,0,0,0,0,0,0,0,0,0,0,0,0,0,0,+,0,0,0,0,0,0,0,0,0,0,0,0,0,0,0,0,0,0,0,0,0,0,0,0,0,+,+,+,0,0,0
Cladonia stygia,Cladonia stygia (Fr.) Ruoss,Cladonia stygia,0,+,0,1,0,2,1,1,0,1,0,+,0,2,0,+,+,0,0,0,0,+,+,0,2,1,0,0,0,0,0,0,0,0,0,+,0,0,0,0,0,2,3,+,+,0,0,0,0,0,0,0,+,+,0,1,0,+,1,0,0,3,0,0,0,+,+,0,0,0,+,0,0,0,0,0,2,1,+,0,0,0,+,1,0,0,3,0,0,1,+,0,0,1,0,0,0,0,+,0,+,+,+,0,0,0,+,+
Cladonia subfurcata,Cladonia subfurcata (Nyl.) Arn.,Cladonia subfurcata,0,0,0,0,0,+,+,0,0,+,+,0,0,+,0,0,0,0,0,0,0,+,0,0,+,0,0,0,0,0,0,0,0,0,0,0,0,0,0,0,0,+,+,0,0,+,0,0,0,0,0,0,0,+,0,+,0,+,0,+,0,0,0,+,0,0,0,0,0,+,0,0,0,0,0,0,+,+,+,0,0,+,+,0,0,0,0,0,0,+,0,0,0,0,0,0,0,0,+,+,+,+,0,0,0,0,0,0
Cladonia sulphurina,Cladonia sulphurina (Michx.) Fr.,Cladonia sulfurina,0,0,0,0,0,0,0,0,0,0,0,0,0,0,0,0,0,0,0,+,0,0,0,0,0,0,0,0,0,0,0,0,0,0,0,0,0,0,0,0,0,+,0,0,+,+,0,0,0,0,0,0,0,0,0,0,0,0,0,0,0,0,0,0,0,0,0,0,0,0,0,0,0,0,0,0,0,0,0,0,0,0,0,0,0,0,0,0,0,0,0,0,0,0,0,0,0,0,0,0,0,0,0,0,0,0,0,0
Cladonia uncialis,Cladonia uncialis (L.) Wigg.,Cladonia uncialis,0,0,0,0,0,0,0,0,0,0,+,+,0,0,0,0,0,0,0,0,0,0,0,0,1,+,0,0,0,0,0,0,0,0,0,0,+,+,+,0,0,+,+,0,0,0,0,0,0,0,0,0,0,+,+,+,0,+,0,0,0,0,0,0,0,0,0,0,0,0,+,0,1,0,0,0,+,0,+,0,+,1,+,0,0,0,+,0,0,0,+,0,0,0,0,+,0,0,0,+,0,0,+,0,0,0,0,0
Cladonia verticillata s. lat.,Cladonia verticillata s. lat. (Ach.) Flot.,Cladonia verticillata,0,0,0,0,0,0,0,0,0,0,+,0,0,0,0,0,0,0,0,0,0,0,0,0,0,0,0,0,0,0,0,0,0,0,0,0,0,0,0,0,0,0,0,0,0,0,0,0,0,0,0,0,0,0,0,0,0,0,0,0,0,0,0,0,0,0,0,0,0,0,0,0,0,0,0,0,0,0,0,0,0,0,0,0,0,0,0,0,0,0,0,0,0,0,0,0,0,0,0,0,0,0,0,0,0,0,0,0
Climacium dendroides,Climacium dendroides (Hedw.) Web. & D. Mohr,Climacium dendroides (Hedw.)F. Weber & D.Mohr,0,0,0,0,0,0,0,0,0,0,0,0,0,0,0,0,0,0,0,0,0,0,0,0,0,0,0,0,0,0,0,0,0,+,0,0,0,0,0,0,0,0,0,0,0,0,0,0,0,0,0,0,0,0,0,0,0,0,0,0,0,0,0,0,0,0,0,0,0,0,0,0,0,0,0,0,0,0,0,0,0,0,0,0,0,0,0,0,0,0,0,0,0,0,0,0,0,0,0,0,0,0,0,0,0,0,0,0
Comarum angustifolium,Comarum palustre L.,Comarum palustre L.,0,0,1,0,0,0,0,0,0,0,0,0,0,0,0,0,0,0,0,0,0,0,0,0,0,0,0,0,0,0,0,0,+,0,0,0,0,0,0,0,0,0,0,0,0,0,0,0,0,0,0,0,0,0,0,0,1,0,0,0,0,0,0,0,0,0,0,0,0,0,0,0,0,0,0,0,0,0,0,0,0,0,0,0,0,0,0,0,0,0,0,0,0,0,0,0,0,0,0,0,0,0,0,0,0,0,0,0
Conostomum aequinoctiale,Conostomum tetragonum (Hedw.) Lindb.,Conostomum tetragonum (Hedw.) Lindb.,0,0,0,0,0,0,0,0,0,0,0,0,0,0,0,0,0,0,0,0,0,0,0,0,0,+,0,0,0,0,0,0,0,0,0,0,+,0,0,0,0,0,0,0,0,0,0,0,0,0,0,0,0,0,0,0,0,1,0,0,0,0,0,0,0,0,0,0,0,0,0,0,0,0,0,0,0,0,0,0,+,0,0,0,0,0,0,0,0,0,0,0,0,0,0,0,0,0,0,0,0,0,0,0,0,0,0,0
Corallorhiza trifida,Corallorhiza trifida Ch?tel.,Corallorhiza trifida,0,0,0,0,0,0,0,0,0,0,0,0,0,0,0,0,0,0,0,0,0,0,0,0,0,0,0,0,0,0,+,0,0,0,0,0,0,0,0,0,0,0,0,0,0,0,0,0,0,0,0,0,0,0,0,0,0,0,0,0,0,0,0,0,0,0,0,0,0,0,0,0,0,0,0,0,0,0,0,0,0,0,0,0,0,0,0,0,0,0,0,0,0,0,0,0,0,0,0,0,0,0,0,0,0,0,0,0
Dactylina arctica,Dactylina arctica (Richardson) Nyl.,Dactylina arctica,+,+,0,+,0,+,+,+,0,+,0,0,0,+,0,0,0,0,0,0,0,+,0,0,0,+,0,0,+,0,0,0,0,0,0,+,0,0,+,0,0,+,+,+,+,+,0,0,0,0,0,0,0,+,0,0,0,+,+,2,0,+,0,0,0,0,0,0,0,0,+,0,+,0,0,0,1,0,+,0,+,+,+,0,0,0,+,0,0,+,+,0,0,1,0,0,0,+,+,0,+,+,1,0,+,0,+,0
Dactylina ramulosa,Dactylina ramulosa (Hook.) Tuck.,Dactylina ramulosa,0,0,0,0,0,0,0,0,0,0,0,0,0,0,0,0,0,0,0,0,0,0,0,0,0,0,0,0,0,0,0,0,0,0,0,0,0,0,0,0,0,0,0,0,0,0,0,0,0,0,0,0,0,0,0,0,0,0,0,0,0,0,0,0,0,0,0,0,0,0,0,0,0,0,0,0,0,0,0,0,0,0,0,0,0,0,0,0,0,+,0,0,0,0,0,0,0,+,1,3,0,3,1,0,3,+,0,+
Deschampsia borealis,Deschampsia sukatschewii s. borealis (Trautv.) Tzvelev,Deschampsia borealis (Trautv.) Roshev.,0,0,0,0,0,0,0,0,0,0,0,0,0,0,0,0,0,0,0,0,0,0,0,0,0,0,0,0,0,0,0,0,0,0,0,0,0,0,0,0,0,0,0,0,0,0,0,0,0,0,0,0,0,0,0,0,0,0,0,0,0,0,0,0,0,0,0,0,0,0,0,0,0,0,0,0,0,0,0,0,0,0,0,0,0,0,0,0,+,0,0,1,5,0,0,0,0,0,0,0,0,0,0,0,0,0,0,0
Deschampsia obensis,Deschampsia obensis Roshev.,Deschampsia obensis,0,0,0,0,0,0,0,0,0,0,0,0,0,0,0,0,0,0,0,0,0,0,0,0,0,0,0,0,0,1,+,0,0,0,0,0,0,0,0,0,0,0,0,0,0,0,0,0,0,0,0,0,0,0,0,0,0,0,0,0,0,0,0,0,0,0,0,0,0,0,0,0,0,0,0,0,0,0,0,0,0,0,0,0,0,0,0,0,0,0,0,0,0,0,0,0,0,0,0,0,0,0,0,0,0,0,0,0
Dianthus repens,Dianthus repens Willd.,Dianthus repens Willd.,0,0,0,0,0,0,0,0,0,0,0,0,0,0,0,0,0,0,0,0,0,0,0,0,0,0,0,0,0,0,+,0,0,0,0,0,0,0,0,0,0,0,0,0,0,0,0,0,0,0,0,0,0,0,0,0,0,0,0,0,0,0,0,0,0,0,0,0,0,0,0,0,0,0,0,0,0,0,0,0.1,0,0,0,0,0,0,0,0,0,0,0,0,0,0,0,0,0,0,0,0,0,0,0,0,0,0,0,0
Dicranella subulata,Dicranella subulata (Hedw.) Schimp.,Dicranella subulata,0,0,0,0,0,0,0,0,0,0,0,0,0,0,0,0,0,0,0,0,0,0,0,0,0,0,0,0,0,0,0,0,0,0,0,0,0,0,0,0,0,+,0,0,0,0,0,0,0,0,0,0,0,0,0,0,0,0,0,0,0,0,0,0,0,0,0,0,0,0,0,0,0,0,0,0,0,0,0,0,0,0,0,0,0,0,0,0,0,0,0,0,0,0,0,0,0,0,0,0,0,0,0,0,0,0,0,0
Dicranum acutifolium,Dicranum acutifolium (Lindb. & H. Arn.) C. Jens.,Dicranum acutifolium,0,0,0,0,0,0,0,0,0,0,0,0,0,0,0,0,0,0,0,0,0,0,0,0,0,0,0,0,0,0,0,0,0,0,0,0,0,0,0,0,0,0,0,0,0,0,0,0,0,0,0,0,0,0,0,0,0,0,0,0,0,0,0,0,0,0,0,0,0,0,0,0,0,0,0,0,0,0,0,0,0,0,0,0,5,0,0,0,0,0,0,0,0,0,0,0,0,0,0,0,0,0,0,0,0,0,0,0
Dicranum bonjeanii,Dicranum bonjeanii De Not.,Dicranum bonjanii,0,0,0,0,0,0,0,0,0,0,0,0,0,0,0,0,0,0,0,0,0,0,0,0,0,0,0,0,0,0,0,0,0,0,0,0,0,0,0,0,0,0,0,0,0,0,0,0,0,0,0,0,0,0,0,0,0,0,5,0,0,0,5,0,0,0,0,0,0,0,0,0,0,0,0,0,0,0,0,0,0,0,0,0,0,0,0,0,0,0,0,0,0,0,0,0,0,0,0,0,0,0,0,0,0,0,0,0
Dicranum congestum,Dicranum brevifolium (Lindb.) Lindb.,Dicranum flexicaule,0,0,0,0,0,0,0,0,0,0,0,0,0,0,0,0,0,0,0,0,0,0,0,0,0,0,0,0,0,0,0,0,0,0,0,0,0,0,0,0,0,5,0,0,0,0,0,0,0,0,0,0,0,0,0,0,0,0,0,0,0,0,0,0,0,0,0,0,0,0,0,0,0,0,0,0,0,0,0,0,0,0,0,0,0,0,0,0,0,0,0,0,0,0,0,0,0,0,0,0,0,0,0,0,0,0,0,0
Dicranum elongatum,Dicranum elongatum Schleich. ex Schwaegr.,Dicranum elongatum,10,3,0,15,0,1,0,6,0,12,20,20,0,25,0,35,35,0,0,40,0,10,30,0,35,0,0,5,5,0,3,0,0,0,10,25,0,0,0,0,0,25,20,10,40,35,35,10,0,0,0,0,30,50,20,40,0,50,30,30,30,30,40,10,20,40,10,0,2,0,30,0,5,0,0,0,20,0,10,0,+,20,0,20,8,0,35,0,0,30,10,0,0,40,0,5,0,20,20,20,20,20,30,20,30,20,10,+
Dicranum elongatum spp. groenlandicum,Dicranum groenlandicum Brid.,Dicranum groenlandicum Brid.,0,0,0,0,0,0,0,0,0,+,0,0,0,0,0,0,0,0,0,0,0,0,+,0,0,0,0,0,0,0,0,0,0,0,0,0,0,0,0,0,0,0,0,0,0,0,0,0,0,0,0,0,0,0,0,0,0,0,0,0,0,0,0,0,0,0,0,0,0,0,0,0,0,5,0,0,0,0,0,0,0,0,0,0,0,0,0,0,0,0,0,0,0,0,0,0,0,0,0,0,0,0,0,0,0,0,0,0
Dicranum fergussonii,Dicranum fuscescens Turner,Dicranum fuscescens Turner,0,0,0,0,0,0,0,0,0,0,0,0,0,0,0,0,0,0,0,0,0,0,0,0,0,0,0,0,0,0,0,0,0,0,0,0,0,0,0,0,0,0,0,0,0,0,0,0,0,0,0,0,0,0,0,0,0,0,0,0,0,0,0,0,0,0,0,0,0,0,0,0,15,0,0,0,10,0,0,0,0,0,0,0,0,0,0,0,0,0,0,0,0,0,0,0,0,0,0,0,0,0,0,0,0,0,0,0
Dicranum laevidens,Dicranum spadiceum J. E. Zetterst.,Dicranum laevidens R.S.Williams,0,0,0,0,0,1,5,4,0,0,10,0,0,10,+,25,20,20,2,10,0,40,0,0,0,0,0,0,0,0,0,0,0,0,30,0,0,0,0,0,10,0,20,0,0,0,25,0,0,0,0,0,20,0,0,0,0,0,15,10,20,+,25,0,20,20,40,0,0,0,10,5,0,35,0,0,10,30,30,0,0,20,0,10,7,0,0,0,0,10,0,0,0,0,0,10,0,20,10,10,0,10,20,10,0,10,0,0
Dicranum majus,Dicranum majus Turner,Dicranum majus Turner,0,0,0,0,0,0,0,0,0,0,0,0,0,0,0,0,0,0,0,0,0,0,0,0,5,0,0,0,0,0,0,0,0,+,0,0,0,0,0,0,0,0,0,0,0,0,0,0,0,0,0,0,0,0,0,0,0,0,0,0,0,0,0,0,0,0,0,0,3,0,0,0,0,0,0,0,0,0,0,+,0,0,0,0,0,0,0,0,0,0,0,0,0,0,0,0,0,0,0,0,0,0,0,0,0,0,0,0
Dicranum spadiceum,Dicranum spadiceum J. E. Zetterst.,Dicranum spadiceum,0,0,0,0,0,0,0,0,0,0,0,0,0,0,0,0,0,0,0,0,0,0,0,0,0,0,0,0,0,0,0,0,0,0,0,0,0,0,30,0,0,0,0,0,0,0,0,0,0,0,0,0,0,0,0,0,0,0,0,0,0,0,0,0,0,0,0,0,0,0,0,0,0,0,0,0,0,0,0,0,0,0,0,0,0,0,0,0,0,0,0,0,0,0,0,0,0,0,0,0,0,0,0,0,0,0,0,0
Distichium capillaceum,Distichium capillaceum (Hedw.) Bruch & Schimp.,Distichium capillaceum,0,0,0,0,0,0,0,0,0,0,0,+,0,0,0,0,0,0,0,0,0,0,0,0,0,+,0,0,0,0,+,0,0,0,0,0,0,0,0,0,0,0,+,0,0,0,0,0,0,0,0,0,0,0,0,0,0,+,0,0,0,0,0,0,0,0,0,0,0,0,0,0,0,0,0,0,0,0,0,0,0,0,0,0,0,0,0,0,0,0,0,0,0,0,0,0,0,+,0,0,+,0,0,0,0,0,0,0
Ditrichum flexicaule,Ditrichum flexicaule (Schwaegr.) Hampe,Ditrichum flexicaule,0,0,0,+,0,0,0,0,0,0,0,+,0,0,0,0,0,0,0,0,0,0,0,0,0,+,0,0,0,0,0,0,0,0,0,0,0,0,0,0,0,+,+,0,0,0,0,0,0,0,0,0,0,0,0,0,0,0,0,0,0,0,0,0,0,0,0,0,0,0,0,0,0,0,0,0,0,0,0,0,0,+,0,0,0,0,0,0,0,0,0,0,0,0,0,0,0,0,0,0,0,0,+,0,0,0,0,0
Drepanocladus aduncus,Drepanocladus aduncus (Hedw.) Warnst.,Drepanocladus aduncus,0,0,0,0,0,0,0,0,0,0,0,0,0,0,0,0,0,20,0,0,0,0,0,0,0,0,0,0,0,0,0,0,0,0,0,0,0,0,0,0,0,0,0,0,0,0,0,0,0,0,0,0,0,0,0,0,0,0,0,0,0,0,0,0,0,0,0,0,0,0,0,0,0,0,0,0,0,0,0,0,0,0,0,0,0,0,0,5,0,0,0,0,0,0,0,0,0,0,0,0,0,0,0,0,0,0,0,0
Drepanocladus revolvens,Limprichtia revolvens (Swartz) Loeske,Drepanocladus revolvens (=Scorpidium revolvens=Limprichtia revolvens)),0,0,10,0,4,0,3,0,10,0,0,0,0,0,0,0,0,10,20,0,0,0,0,0,0,0,0,0,0,0,0,0,0,0,0,0,0,0,0,0,0,0,0,0,0,0,0,0,+,+,0,0,0,0,0,0,0,0,0,0,0,0,0,0,0,0,0,0,0,0,0,0,0,0,0,0,0,0,0,0,0,0,0,0,0,0,0,3,0,0,0,0,0,0,0,0,0,0,0,0,0,0,0,0,0,0,0,0
Dryas octopetala s. subincisa,Dryas octopetala L.,Dryas octopetala/subincisa Jurtz.,0,0,0,0,0,0,0,0,0,0,0,0,0,0,0,0,0,0,0,0,0,0,0,0,0,0,0,0,0,0,0,0,0,0,0,0,1,5,1,2,0,0.5,0,0,0,0,0,0,0,0,0,0,0,0,+,0,0,0,0,0,0,0,0,0,0,0,0,0,0,0,1,0,0,0,0,0,0,0,0,0,0,0,0,0,0,0,0,0,3,0,0,0,0,0,0,0,0,0,0,0.2,0,0,0,0,0,0,0,0
Dupontia fisheri,Dupontia fisheri R. Br.,Dupontia fisheri R.Br.,0,0,0,0,0,0,1,0,0,0,0,0,0,0,0,0,0,0,0,0,0,0,0,0,0,0,0,0,0,0,0,0,0,0,0,0,0,0,0,0,0,0,0,0,0,0,0,0,0,0,0,0,0,0,0,0,0,0,0,0,0,0,0,0,0,0,0,0,0,0,0,0,0,0,0,0,0,0,0,0,0,0,0,0,0,0,0,0,0,0,0,0,0,0,0,0,0,0,0,0,0,0,0,0,0,0,0,0
Empetrum subholarcticum,Empetrum nigrum L.,Empetrum subholarcticum,0.1,0.1,0,0.5,0,0.1,0,0,0,0.1,0.1,2,0,1,0,0.1,0,0,0,0.1,0,0,0,0,0,1,0,0,7,0,5,0,0,0,0.2,0.1,2,5,8,1,0,0.5,0,0,0,0.5,0,0,0,0,0,0,0,+,+,+,0,3,1,0,0,0,+,0,0,0,0,0,0,1,1,0,0,0,0,0,+,0,0,+,1,1,3,1,1,0,0,0,30,0,1,0,0,0.5,0,0,0,1,0,0.2,1,0,0.5,1,0.5,0,0,5
Equisetum arvense s. boreale,Equisetum arvense s. alpestre (Wahlenb.) SchČnswetter & Elven,Equisetum arvense/boreale (Bong.) Tolm.,0,0,0,0,0,0,0,0,0,0,0,0,0,0,0,0,0,0,0,0,0,0,0,0,0,0,0,0,0,10,10,10,10,0,0,1,0,0,1,+,0,0,+,0,0,0,0,0,0,0,0,0,0,0,0,0,0,0,0,0,0,0,0,0,0,0,0,5,0.5,+,0,1,0,0,0,0,0,0,0,5,0,0,5,0,0,0,0,0,0,0,0,50,0,0,0,0,10,0,1,0,0,0,0,0,0,0,0,0
Equisetum pratense,Equisetum pratense Ehrh.,Equisetum pratense Ehrh.,0,0,0,0,0,0,0,0,0,0,0,0,0,0,0,0,0,0,0,0,0,0,0,0,0,0,0,0,0,0,0,0,0,0,0,0,0,0,0.2,0,0,0,0,0,0,0,0,0,0,0,0,0,0,0,0,0,0,0,0,0,0,0,0,0,0,0,0,0,0,0,0,0,0,0,0,0,0,0,0,0,0,0,0,0,0,0,0,0,0,0,0,0,0,0,0,0,0,0,0,0,0,0,0,0,0,0,0,0
Eriophorum brachyantherum,Eriophorum brachyantherum Trautv. & C.A. Mey.,Eriophorum brachyantherum Trautv. et C.A.Mey.,0,0,0,0,0,0,0,0,0,0,0,0,0,0,0,0,0,0,0,0,0,0,0,0,0,0,0,0,0,0,0,0,0,0,0,0,0,0,0,0,0,0.01,0.01,0,0,0,0,0,0,0,0,0,0,0,0,0,0,0,0,0,0,0,0,0,0,0,0,0,0,0,0,0,0,0,0,0,0,0,0,0.1,0,0,0,0,0,0,0,0,0,0,0,0,0,0,0,0,0,0,0,0,0,0,0,0,0,0,0,0
Eriophorum medium,Eriophorum tolmatchevii M.S. Novos.,Eriophorum medium Anderss.,0,0,0,0,0,0,0,0,10,0,0,0,3,0,2,0,0,0,0,0,5,0,0,2,0,0,0,0,0,0,0,0,0,0,0,0,0,0,0,0,1,0,0,0,0,0,0,0,3,5,0,0,0,0,0,0,0,0,0,0,0,0,+,1,0,1,0,0,0,0,0,1,0,0,5,0,0,0,1,0,0,0,0,0,0,0,0,2,0,0,0,0,0,0,3,0,0,0,0,0,0,0,0,0,0,2,0,0
Eriophorum polystachion,Eriophorum angustifolium Honck.,Eriophorum polystachion L.,1,2,3,0,10,0,2,0,0,+,0,0,0,0,1,1,0,0,0,0,0,5,2,1,20,0,0,1,0,0,0,0,20,0,7,5,0,0,0,0,3,1,0.5,5,1,0,0,5,0,+,0,1,0,5,0,5,+,0,30,+,0,1,3,0,0,1,5,0,0,0,0,3,0,+,40,0,0,10,3,0,0,0,0,5,+,2,0,0,0,0,0,0,0,1,0,0.1,0,1,0,3,0,2,0,0,3,1,30,0
Eriophorum russeolum,Eriophorum russeolum Fr. ex Hartm.,Eriophorum russeolum Fries,0,0,0.5,0,10,0,15,0,0,0,0,0,0,0,0,1,1,0,3,0,0,0,0,0,0,0,5,0.5,0,0,0,0,0,0,0,0,0,0,0,0,0,0,0,0,0,0,0,0,0,0,0,1,0,0,0,0,0,0,0,0,+,0,0,1,0,0,0,0,0,0,0,0,0,0,0,0,0,0,0,0,0,0,0,0,0,0,0,1,0,0,0,0,0,0,0,0,0,0,0,0,0,0,0,0,0,0,0,0
Eriophorum scheuchzeri,Eriophorum scheuchzeri Hoppe,Eriophorum scheuchzeri Hoppe (s.l.),0,0,0,0,0,0,0,0,0,0,0,0,0,0,0,0,0,0,0,0,0,0,0,0,0,0,0,0,0,0,0,0,0,0,0,0,0,0,0,0,0,0,0,0,0,0,0,0,0,0,0,0,0,0,0,0,0,0,0,0,0,0,0,0,0,0,0,0,0,0,0,0,0,0,0,0,0,0,0,1,0,0,0,0,0,0,0,0,0,0,0,20,0,0,0,0,0,0,0,0,0,0,0,0,0,0,0,0
Eriophorum vaginatum,Eriophorum vaginatum L.,Eriophorum vaginatum L.,1,0,1,0,0,1,5,30,0,60,5,0,0,0,+,1,1,0,0,2,0,30,30,0,0,2,0,0,0,0,0,0,0,0,0,40,0,0,0,0,0,5,1,10,40,5,60,30,0,0,0,+,10,60,0,5,0,1,20,30,30,70,10,0,70,2,2,0,0,0,0,0,0,2,0,0,1,70,50,0,0,0,0,50,0,0,7,1,0,40,0,0,0,10,0,0,0,5,0,0,0,70,5,0,10,5,2,0
Euphrasia frigida,Euphrasia wettsteinii G. Gusarova,Euphrasia frigida,0,0,0,0,0,0,0,0,0,0,0,+,0,0,0,0,0,0,0,0,0,0,0,0,0,0,0,0,0,0,0,0,0,0,0,0,0,0,0,0,0,0,0,0,0,0,0,0,0,0,0,0,0,0,0,0,0,0,0,0,0,0,0,0,0,0,0,0,0,0,0,0,0,0,0,0,0,0,0,0,0,0,0,0,0,0,0,0,0,0,0,0,0,0,0,0,0,0,0,0,0,0,0,0,0,0,0,0
Eurhynchium pulchellum,Eurhynchium pulchellum (Hedw.) Jennings,Eurinchium pulchellum,0,0,0,0,0,0,0,0,0,0,0,0,0,0,0,0,0,0,0,0,0,0,0,0,0,0,0,0,0,0,0,0,0,0,0,0,0,0,0,0,0,+,+,0,0,0,0,0,0,0,0,0,0,0,0,0,0,0,0,0,0,0,0,0,0,0,0,0,0,0,0,0,0,0,0,0,0,0,0,0,0,0,0,0,0,0,0,0,0,0,0,0,0,0,0,0,0,0,0,0,0,0,0,0,0,0,0,0
Festuca brachyphylla,Festuca brachyphylla Schult.,Festuca brachyphylla,0,0,0,0.1,0,0,0,0,0,0,+,1,0,0,0,+,0,0,0,0,0,0,0,0,0,+,0,0,1,0,3,0.1,0,0,0,0,+,0,0,0,0,0,0,0,0,0,0,0,0,0,0,0,0,0,0,0,0,+,0,0,0,0,0,0,0,0,0,0,0,0,0,0,0,0,0,0,0,0,0,0,0,+,0,0,0,0,0,0,0,0,0,0,0,0,0,0,0,0,0,0,0,0,0,0,0,0,0,0
Festuca ovina [s. ovina],Festuca ovina [s. ovina] L.,Festuca ovina L.,0,0,0,0,0,0,0,0,0,0,0,0,0,0,0,0,0,0,0,0,0,0,0,0,0,0,0,0,0,0,0,0,0,0,0,0,0,3,5,1,0,0.1,0.1,0,0,0,0,0,0,0,0,0,0,0,+,+,0,0,0,0,0,0,0,0,0,0,0,0,0.1,+,0.1,+,0,0,0,0,0,0,0,0.1,+,0,0.1,0,0,0,0,0,1,0,0.1,0,0,0,0,0,0,0,0,0,0,0,0,0,0,0,0,0
Festuca rubra s. arctica ?,Festuca rubra s. richardsonii (Hook.) Hult?n,Festuca rubra/arctica (Hack.) Govor.,0,0,0,0,0,0,0,0,0,0,0,0,0,0,0,0,0,0,0,0,0,0,0,0,0,0,0,0,0,2,3,0,0,0,0,0,0,0.2,1,0,0,0,0,0,0,0,0,0,0,0,0,0,0,0,0,0,0,0,0,0,0,0,0,0,0,0,0,0,0,0,0,0,0,0,0,0,0,0,0,0,0,0,0,0,0,0,0,0,1,0,0,0,0,0,0,0,0,0,0,0,0,0,0,0,0,0,0,0
Flavocetraria cucullata,Flavocetraria cucullata (Bell.) K?rnefelt & Thell,Flavocetraria cuccullata,1,1,0,2,0,2,2,2,0,1,+,1,0,3,0,1,1,0,0,         ,0,1,+,0,2,1,0,0,+,0,0,0,0,0,0,1,+,+,+,0,0,+,1,1,1,1,0,0,0,0,0,0,1,2,2,1,0,3,1,3,0,1,0,+,0,1,+,0,0,0,1,0,1,0,0,0,1,1,+,0,0,1,+,+,0,0,3,0,0,1,0,0,0,2,0,0,0,2,1,0,1,2,2,2,2,+,1,0
Flavocetraria nivalis,Flavocetraria nivalis (L.) K?rnefelt & Thell,Flavocetraria nivalis,+,0,0,3,0,3,0,0,0,+,1,1,0,1,0,0,0,0,0,+,0,+,+,0,+,3,0,0,4,0,0,0,0,0,0,0,+,+,0,0,0,+,3,0,+,+,0,0,0,0,0,0,+,+,0,+,0,3,+,1,0,+,0,0,0,+,+,0,0,0,+,0,0,0,0,0,+,0,0,0,+,+,+,0,0,0,+,0,0,+,+,0,0,+,0,0,0,0,0,+,2,2,3,3,2,+,1,3
Galium brandegeei,Galium trifidum s. trifidum L.,Galium brandegei,0,0,0,0,0,0,0,0,0,0,0,0,0,0,0,0,0,0,0,0,0,0,0,0,0,0,0,0,0,0,0,+,0,+,0,0,0,0,0,0,0,0,0,0,0,0,0,0,0,0,0,0,0,0,0,0,+,0,0,0,0,0,0,0,0,0,0,+,0,0,0,0,0,0,0,0,0,0,0,0,0,0,0,0,0,0,0,0,0,0,0,0,0,0,0,0,0,0,0,0,0,0,0,0,0,0,0,0
Gastrolychnis involucrata,Silene involucrata (Cham. & Schltdl.) Bocquet,Gastrolychnis involucrata (=G.affinis),0,0,0,0,0,0,0,0,0,0,0,0,0,0,0,0,0,0,0,0,0,0,0,0,0,0,0,0,0,0,0,0,0,0,0,0,0,0,0,0,0,0,0,0,0,0,0,0,0,0,0,0,0,0,0,0,0,0,0,0,0,0,0,0,0,0,0,0,0,+,0,0,0,0,0,0,0,0,0,0,0,0,0,0,0,0,0,0,0,0,0,0,0,0,0,0,0,0,0,0,0,0,0,0,0,0,0,0
Gnaphalium supinum,Omalotheca supina (L.) DC.,Gnaphalium supinum,0,0,0,0,0,0,0,0,0,0,0,0,0,0,0,0,0,0,0,0,0,0,0,0,0,0,0,0,0,0,0,0,0,0,0,0,0,0,+,0,0,0,0,0,0,0,0,0,0,0,0,0,0,0,0,0,0,0,0,0,0,0,0,0,0,0,0,0,0,0,0,0,0,0,0,0,0,0,0,0,0,0,0,0,0,0,0,0,0,0,0,0,0,0,0,0,0,0,0,0,0,0,0,0,0,0,0,0
Gowardia nigricans,"Gowardia nigricans (Ach.) P.Halonen, L.Myllys, S. Velmala & H.Hyvarinen",Gowardia nigricans,0,0,0,+,0,+,0,+,0,+,+,+,0,+,0,0,0,0,0,+,0,+,+,0,+,1,0,0,+,0,0,0,0,0,0,0,+,+,0,0,0,+,0,0,+,0,0,0,0,0,0,0,+,+,0,+,0,+,0,2,0,+,0,0,0,0,+,0,0,0,+,0,0,0,0,0,+,0,0,+,+,0,0,0,0,0,+,0,0,0,+,0,0,+,0,0,0,0,0,0,+,+,+,1,+,+,0,0
Gymnomitrion corallioides,Gymnomitrion corallioides Nees,Gymnomitrion coralloides,0,0,0,+,0,10,0,0,0,0,0,0,0,0,0,0,0,0,0,0,0,0,0,0,0,0,0,0,+,0,0,0,0,0,0,0,20,+,0,+,0,0,0,0,+,0,0,0,0,0,0,0,0,0,+,0,0,10,0,0,0,0,0,0,0,0,0,0,0,0,0,0,0,0,0,0,0,0,0,0,0,0,0,0,0,0,0,0,0,0,10,0,0,0,0,0,0,0,0,0,20,0,0,0,0,0,0,+
Hedysarum hedysaroides s. arcticum,Hedysarum hedysaroides s. arcticum (B. Fedtsch.) P.W. Ball,Hedysarum hedysaroides/arcticum (B.Fedtsch.) P.W.Ball,0,0,0,0,0,0,0,0,0,0,0,0,0,0,0,0,0,0,0,0,0,0,0,0,0,0,0,0,0,0,1,0,0,0,0,0,0,0,0,0,0,0,0,0,0,0,0,0,0,0,0,0,0,0,0,0,0,0,0,0,0,0,0,0,0,0,0,0,0,0,0,0,0,0,0,0,0,0,0,30,0,0,0,0,0,0,0,0,0,0,0,0,0,0,0,0,0,0,0,0,0,0,0,0,0,0,0,0
HierochloŮ alpina,Hierochloą alpina (Sw.) Roem. & Schult.,Hierochloe alpina (Sw.) Roem. et Schult.,0,0,0,1,0,0.1,0,0,0,0,0,1,0,0,0,0,0,0,0,0,0,0,0,0,0,3,0,0,5,0,0,0,0,0,0,3,3,2,0,5,0,0,0,0,0,1,0,0,0,0,0,0,0,0,7,0,0,1,0,0,0,0,0,0,0,0,0,0,0,+,0,0,0,0,0,0,0,0,0,10,5,5,5,0,0,7,0,0,1,0,5,0,0,0,0,0,0,0,0,0.5,5,0,0,1,0,0,0,1
HierochloŮ pauciflora,Hierochloą pauciflora R. Br.,Hierochloe pauciflora,0,0,0,0,0,0,0,0,0,0,+,0,0,0,0,0,0,0,0,0,0,0,0,0,0,0,0,0,0,0,0,0,0,0,0,0,0,0,0,0,0,0,0,0,0,0,0,0,0,0,0,0,0,0,0,0,0,0,0,0,0,0,0,0,0,0,0,0,0,0,0,0,0,0,0,0,0,0,0,0,0,0,0,0,0,0,0,0,0,0,0,0,0,0,0,0,0,0,0,0,0,0,0,0,0,0,0,0
Huperzia arctica,Lycopodium selago s. arcticum Tolm.,Lycopodium selago/arcticum Tolm.,0,0,0,0.01,0,0,0,0,0,0,0,0,0,0,0,0,0,0,0,0,0,0,0,0,0,+,0,0,+,0,0,0,0,0,0,0,+,0,0.1,0,0,0,0,0,0,0,0,0,0,0,0,0,0,0,0,0,0,+,0,0,0,0,0,0,0,0,0,0,0,0,0,0,0,0,0,0,0,0,0,0,0,0,0,0,0,0,0,0,0,0,0.01,0,0,0,0,0,0,0,0,0,0,0,0,0,0,0,0,0.01
Hylocomium splendens,Hylocomium splendens (Hedw.) Schimp.,Hylocomium splendes,0,0,0,0,0,0,5,0,0,0,0,0,0,0,0,0,0,0,0,0,0,+,0,0,0,0,0,0,+,0,+,10,5,0,5,0,0,0,0,0,+,5,+,+,+,0,0,0,0,0,0,0,0,0,0,0,0,0,0,0,0,0,0,0,0,0,0,0,0,0,5,0,10,+,0,0,2,0,0,+,0,+,+,+,0,0,0,0,0,0,0,0,0,0,0,+,10,5,30,5,0,0,+,+,0,0,0,0
Hypnum lindbergii,Hypnum lindbergii Mitt.,Hypnum lindbergii,0,0,0,0,0,0,0,0,0,0,0,0,0,0,0,0,0,0,0,0,0,0,0,0,0,0,0,0,0,0,0,0,1,0,0,0,0,0,0,0,0,0,0,0,0,0,0,0,0,0,0,0,0,0,0,0,0,0,0,0,0,0,0,0,0,0,0,0,0,0,0,0,0,0,0,0,0,0,0,0,0,0,0,0,0,0,0,0,0,0,0,0,0,0,0,0,0,0,0,0,0,0,0,0,0,0,0,0
Hypnum species,Hypnum species,Stereodon holmenii = Hypnum holmenii,0,0,0,0,0,0,0,0,0,0,0,0,0,0,0,0,0,0,0,0,0,0,0,0,0,0,0,0,0,0,0,0,0,0,0,0,0,0,0,0,0,0,0,0,0,0,0,0,0,0,0,0,0,0,0,0,0,0,0,0,0,0,0,0,0,0,0,0,0,0,0,0,0,0,0,0,0,0,0,0,0,0,0,0,0,0,0,0,0,0,0,0,0,0,0,1,0,0,0,0,0,0,0,0,0,0,0,0
Icmadophila ericetorum,Icmadophila ericetorum (L.) Zahlbr.,Icmadophyla ericetorum,+,0,0,0,0,0,0,0,0,0,0,0,0,0,0,0,0,0,0,0,0,0,0,0,0,0,0,0,0,0,0,0,0,0,0,0,0,0,0,0,0,0,0,0,0,0,0,0,0,0,0,0,0,0,0,0,0,0,0,0,0,0,0,0,0,0,0,0,0,0,0,0,0,0,0,0,0,0,0,0,0,0,0,0,0,0,0,0,0,0,0,0,0,0,0,0,0,0,0,0,0,0,0,0,0,0,0,0
Juncus biglumis,Juncus biglumis L.,Juncus biglumis L.,0,0,0,0,0,0,0,0,0,0,0,0,0,0,0,0,0,0,0,0,0,0,0,0,0,0,0,0,0,0,0,0,0,0,0,0,0,0,0,0,0,0.01,0,0,0,0,0,0,0,0,0,0,0,0,0,0,0,0,0,0,0,0,0,0,0,0,0,0,0,0,0.01,0,0,0,0,0,0,0,0,0,0,0,0,0,0,0,0,0,0,0,0,0,0,0,0,0,0,0,0,0,0,0,0,0,0,0,0,0
Juncus trifidus,Juncus trifidus L.,Juncus trifidus,0,0,0,0,0,0,0,0,0,0,0,0,0,0,0,0,0,0,0,0,0,0,0,0,0,0,0,0,0,0,0,0,0,0,0,0,0,0,1,0,0,0,0,0,0,0,0,0,0,0,0,0,0,0,0,0,0,0,0,0,0,0,0,0,0,0,0,0,0,0,0,0,0,0,0,0,0,0,0,0,0,0,0,0,0,0,0,0,0,0,0,0,0,0,0,0,0,0,0,0,0,0,0,0,0,0,0,0
Ledum palustre s. decumbens,Rhododendron tomentosum s. decumbens (Aiton) Elven & D.F. Murray,Ledum palustre/decumbens (Ait.) Hult.,5,10,0,15,0,12,0,15,0,5,10,2,0,35,0,1,0,0,0,5,0,10,10,0,5,5,0,1,4,0,0.5,0,0,0,10,10,8,1,0,3,1,8,10,2,25,15,5,20,0,0,0,1,+,15,8,5,0,10,20,10,20,15,15,5,5,5,3,0,1,0,20,5,10,15,0,0,20,15,2,0,15,15,30,10,0,0,15,0,0,10,5,0,0,30,1,3,0,5,20,10,25,15,1,15,0,0,5,2
Lichenomphalia hudsoniana,Lichenomphalia hudsoniana (H.S. Jenn.) Redhead et al.,Lichenomphalia  hudsoniana,0,0,0,0,0,0,0,0,0,0,0,0,0,+,0,0,0,0,0,+,0,0,0,0,0,0,0,0,0,0,0,0,0,0,0,0,0,0,0,0,0,0,0,+,0,0,0,0,0,0,0,0,0,0,0,0,0,0,0,+,0,0,0,0,0,0,0,0,0,0,0,0,0,0,0,0,0,0,0,0,0,0,0,0,0,0,0,0,0,0,0,0,0,0,0,0,0,0,0,0,0,0,0,0,0,0,0,0
Linnaea borealis,Linnaea borealis L.,Linnaea borealis L.,0,0,0,0,0,0,0,0,0,0,0,0,0,0,0,0,0,0,0,0,0,0,0,0,0,0,0,0,0,0,0,0,0,0,0,0,0,0,+,0,0,0,0,0,0,0,0,0,0,0,0,0,0,0,0,0,0,0,0,0,0,0,0,0,0,0,0,0,0,0,0,0,0,0,0,0,0,0,0,0,0,0,0,0,0,0,0,0,0,0,0,0,0,0,0,0,0,0,0,0,0,0,0,0,0,0,0,0
Lloydia serotina,Lloydia serotina (L.) Rchb.,Lloydia serotina (L.) Reichenb.,0,0,0,0,0,0,0,0,0,0,0,0,0,0,0,0,0,0,0,0,0,0,0,0,0,0,0,0,0,0,+,0,0,0,0,0,+,0,0,0,0,0,0,0,0,0,0,0,0,0,0,0,0,0,0,0,0,0,0,0,0,0,0,0,0,0,0,0,0,0,0,0,0,0,0,0,0,0,0,0,0,0,0,0,0,0,0,0,0.5,0,0,0,0,0,0,0,0,0,0,0,0,0,0,0,0,0,0,0
Lobaria linita,Lobaria linita (Ach.) Rabenh.,Lobaria linita,0,0,0,0,0,0,0,0,0,0,0,0,0,0,0,0,0,0,0,0,0,0,0,0,0,0,0,0,0,0,0,0,0,0,0,0,0,0,0,0,0,0,0,0,0,0,0,0,0,0,0,0,0,0,0,0,0,0,0,0,0,0,0,0,0,0,0,0,0,0,0,0,0,0,0,0,0,0,0,+,0,0,0,0,0,0,0,0,0,0,0,0,0,0,0,0,0,0,0,0,0,0,0,0,0,0,0,0
Loeskypnum badium,Loeskypnum badium (C.J. Hart.) Paul,Loescypnum badium,0,0,0,0,0,0,0,0,0,0,0,0,0,0,0,0,0,0,0,0,0,0,0,0,0,0,0,0,0,0,0,3,0,0,0,0,0,0,0,0,0,0,0,0,0,0,0,0,0,0,0,0,0,0,0,0,0,0,0,0,0,0,0,0,0,0,0,0,0,0,0,0,0,2,0,0,0,0,0,0,0,0,0,0,0,0,0,0,0,0,0,0,0,0,0,0,0,0,0,0,0,0,0,0,0,0,0,0
Luzula confusa,Luzula confusa Lindeb.,Luzula confusa Lindb.,0,0,0,0,0,0,0,0,0,0,0,+,0,0,0,0,0,0,0,0,0,0,0,0,0,1,0,0,0.5,0,0.1,0,0,0,0,0,+,0,0.1,0,0,0.1,0,0,0,0,0,0,0,0,0,0,0,0,+,0,0,+,0,0,0,0,0,0,0,0,0,0,0,+,0.1,0,0,0,0,0,0,0,0,2,0.1,0.1,0.1,0,0,0,0,0,0.1,0,0.1,0,0,0,0,0,0,0.1,0.1,0,0.1,0,0.1,0.1,0,0,0,0.1
Luzula wahlenbergii,Luzula wahlenbergii Rupr.,Luzula wahlenbergii Rupr.,0,0,0,0,0,0,0,0,0,0,0,0,0,0,0,0,0,0,0,0,0,0,0,0,0,0,0,0.1,0,0,0,0,0,0,0,0,0,0,0,0,0,0,0,0,0,0,0,0,0,0,0,0,0,0,0,0,0,0,0,0,0,0,0,0,0,0,0,0,0,0,0,0,0,0,0,0,0,0,0,0,0,0,0,0.1,0,0,0,0,0,0,0,0,0,0,0,0,0,0,0,0,0,0,0,0,0.1,0,0,0
Lychnis sibirica v. samojedorum,Silene samojedora (Sambuk) Oxelman,Lychnis sibirica/samojedorum Sambuk,0,0,0,0,0,0,0,0,0,0,0,0,0,0,0,0,0,0,0,0,0,0,0,0,0,0,0,0,0,0,0,0,0,0,0,0.1,+,+,0,0.1,0,0,0,0,0,0,0,0,0,0,0,0,0,0,+,0,0,0,0,0,0,0,0,0,0,0,0,0,0,+,0,0,0,0,0,0,0,0,0,0,0,0,0,0,0,0,0,0,0,0,0,0,0,0,0,0,0,0,0,0,0,0,0,0,0,0,0,0
Lycopodium alpinum,Diphasiastrum alpinum (L.) Holub,Lycopodium alpinum L.,0,0,0,0,0,0,0,0,0,0,0,0,0,0,0,0,0,0,0,0,0,0,0,0,0,0,0,0,0,0,0,0,0,0,0,0,0,0,0.1,0,0,0,0,0,0,0,0,0,0,0,0,0,0,0,0,0,0,0,0,0,0,0,0,0,0,0,0,0,0,0,0,0,0,0,0,0,0,0,0,0,0,0,0,0,0,0,0,0,0,0,0,0,0,0,0,0,0,0,0,0,0,0,0,0,0,0,0,0
Lycopodium annotinum s. pungens,Lycopodium annotinum s. alpestre (Hartm.) A. LČve & D. LČve,Lycopodium annotinum/pungens (La Pyl. et Kom.) Hult.,0,0,0,0,0,0,0,0,0,0,0,0,0,0,0,0,0,0,0,0,0,0,0,0,0,0,0,0,0,0,0,0,0,0,0,0,0,0,0.1,0,0,0,0,0,0,0,0,0,0,0,0,0,0,0,0,0,0,0,0,0,0,0,0,0,0,0,0,0,0,0,0,0,0,0,0,0,0,0,0,0,0,0,0,0,0,0,0,0,0,0,0,0,0,0,0,0,0,0,0,0,0,0,0,0,0,0,0,0
Lycopodium clavatum s. monostachyon,Lycopodium clavatum s. monostachyon (Grev. & Hook.) Selander,Lycopodium clavatum/monostachyon (Grev. et Hook.) Selander,0,0,0,0,0,0,0,0,0,0,0,+,0,0,0,0,0,0,0,0,0,0,0,0,0,0,0,0,0,0,0,0,0,0,0,0,0,0,0,0,0,0,0,0,0,0,0,0,0,0,0,0,0,0,0,0,0,0,0,0,0,0,0,0,0,0,0,0,0,0,0,0,0,0,0,0,0,0,0,0,0,0,0,0,0,0,0,0,0,0,0,0,0,0,0,0,0,0,0,0,0,0,0,0,0,0,0,0
Minuartia macrocarpa,Minuartia macrocarpa (Pursh) Ostenf.,Minuartia macrocarpa (Pursh) Ostenf.,0,0,0,0,0,0,0,0,0,0,0,0,0,0,0,0,0,0,0,0,0,0,0,0,0,0,0,0,+,0,0,0,0,0,0,0.1,+,+,0,0,0,+,0,0,0,0,0,0,0,0,0,0,0,0,0,0,0,0,0,0,0,0,0,0,0,0,0,0,0,+,0,0,0,0,0,0,0,0,0,0,0.01,0,0,0,0,0,0,0,0,0,0,0,0,0,0,0,0,+,0,0,0.1,0,0,0,0,0,0,0.1
Myosotis palustris,Myosotis scorpioides L.,Myosotis palustris (L.) L.,0,0,0,0,0,0,0,0,0,0,0,0,0,0,0,0,0,0,0,0,0,0,0,0,0,0,0,0,0,0,0,0,0.1,0,0,0,0,0,0,0,0,0,0,0,0,0,0,0,0,0,0,0,0,0,0,0,0,0,0,0,0,0,0,0,0,0,0,0,0,0,0,0,0,0,0,0,0,0,0,0,0,0,0,0,0,0,0,0,0,0,0,0,0,0,0,0,0,0,0,0,0,0,0,0,0,0,0,0
Nardosmia frigida,Petasites frigidus (L.) Fr.,Nardosmia frigida (L.) Hook.,0,0,0,0,0,0,0,0,0,0,0,0,0,0,0,0,0,0,0,0,0,0,0,0,0,0,0,0,0,0,0,0,0,0,0,0,0,0,0,0,0,0,0,0,0,0,0,0,0,0,0,0,0,0,0,0,1,0,0,0,0,0,0,0,0,0,0,0,0,0,0,0,0.5,0,0,0,0,0,0,0,0,0,0,0,0,0,0,0,0,0,0,1,0.1,0,0,0,0.5,0.1,0,0,0,0,0,0,0,0,0,0
Nephroma arcticum,Nephroma arcticum (L.) Torss.,Nephroma arctica,0,0,0,0,0,0,0,0,0,0,0,0,0,0,0,0,0,0,0,0,0,0,0,0,0,0,0,0,0,0,0,0,0,0,0,0,0,0,0,0,0,+,0,0,0,0,0,0,0,0,0,0,0,0,0,0,0,0,0,0,0,0,0,0,0,0,+,0,0,0,0,0,0,0,0,0,0,0,0,0,0,0,0,0,0,0,0,0,0,0,0,0,0,0,0,0,0,0,0,0,0,0,0,0,0,0,0,0
Ochrolechia frigida,Ochrolechia frigida (Sw.) Lynge,Ochrolechia frigida,0,0,0,+,0,+,0,0,0,0,+,3,0,0,0,0,0,0,0,0,0,0,0,0,+,+,0,0,+,0,0,0,0,0,0,+,1,0,+,0,0,+,+,0,0,+,0,0,0,0,0,0,0,+,2,+,0,+,+,0,0,0,0,0,0,0,+,0,0,0,+,0,0,0,0,0,+,0,0,+,+,+,+,0,0,0,0,0,0,0,2,0,0,0,0,0,0,0,0,0,0,0,0,0,0,0,0,0
Oncophorus wahlenbergii,Oncophorus wahlenbergii Brid.,Oncophorus wahlenbergii,0,0,0,0,0,0,1,0,0,0,0,0,0,0,0,0,0,0,0,0,0,0,0,0,0,0,0,0,0,0,0,0,0,0,0,0,0,0,0,0,0,0,0,0,0,0,0,0,0,0,0,0,0,0,0,3,0,0,0,0,0,0,0,0,0,0,0,0,0,0,0,0,0,0,0,0,0,0,0,0,0,0,0,0,0,0,0,0,0,0,0,0,0,0,0,0,0,0,0,0,0,0,0,0,0,0,0,0
Oxyria digyna,Oxyria digyna (L.) Hill,Oxyria digyna (L.) Hill.,0,0,0,0,0,0,0,0,0,0,0,0,0,0,0,0,0,0,0,0,0,0,0,0,0,0,0,0,0,0,0,0,0,0,0,0,0,0,0,0,0,0,0,0,0,0,0,0,0,0,0,0,0,0,0,0,0,0,0,0,0,0,0,0,0,0,0,0,0,0,0,0,0,0,0,0,0,0,0,0,0,0,0,0,0,0,0,0,1,0,0,0,0,0,0,0,0,0,0,0,0,0,0,0,0,0,0,0
Pachypleurum alpinum,Pachypleurum alpinum Ledeb.,Pachypleurum alpinum Ledeb.,0,0,0,0,0,0,0,0,0,0,0,0,0,0,0,0,0,0,0,0,0,0,0,0,0,0,0,0,0,0,0,0,0,0,0,0,0,0,1,0,0,0,0,0,0,0,0,0,0,0,0,0,0,0,0,0,0,0,0,0,0,0,0,0,0,0,0,0,0,0,0,0,0,0,0,0,0,0,0,0,0,0,0,0,0,0,0,0,0,0,0,0,0,0,0,0,0,0,0,0,0,0,0,0,0,0,0,0
Parmelia omphalodes s. lat.,Parmelia omphalodes s. lat. (L.) Ach.,Parmelia omphalodes,0,0,0,0,0,0,0,0,0,0,0,0,0,0,0,0,0,0,0,0,0,0,0,0,0,0,0,0,0,0,0,0,0,0,0,0,0,0,0,0,0,0,0,0,0,0,0,0,0,0,0,0,0,0,0,0,0,0,0,0,0,0,0,0,0,0,0,0,0,0,0,0,0,0,0,0,0,0,0,0,0,0,0,0,0,0,0,0,0,0,0,0,0,0,0,0,0,+,0,0,2,0,+,+,0,0,0,0
Parmelia skultii,Parmelia skultii Hale,Parmelia skultii,0,0,0,0,0,0,0,0,0,0,0,0,0,0,0,0,0,0,0,0,0,0,0,0,0,0,0,0,0,0,0,0,0,0,0,0,0,0,0,0,0,0,0,0,0,0,0,0,0,0,0,0,0,0,0,0,0,0,0,0,0,0,0,0,0,0,0,0,0,0,0,0,0,0,0,0,0,0,0,0,+,0,0,0,0,0,0,0,0,0,0,0,0,0,0,0,0,0,0,0,0,0,0,0,0,0,0,0
Parrya nudicaulis s. nudicaulis,Parrya nudicaulis s. nudicaulis (L.) Regel,Parrya nudicaulis/nudicaulis,0,0,0,0,0,0,0,0,0,0,0,0,0,0,0,0,0,0,0,0,0,0,0,0,0,0,0,0,0,0,0,0,0,0,0,0,0,0,+,0,0,+,0,0,0,0,0,0,0,0,0,0,0,0,0,0,0,0,0,0,0,0,0,0,0,0,0,0,0,0,0,0,0,0,0,0,0,0,0,0,0,0,0,0,0,0,0,0,0,0,0,0,0,0,0,0,0,0,0,0,0,0,0,0,0,0,0,0
Pedicularis capitata,Pedicularis capitata Adams,Pedicularis capitata,0,0,0,0,0,0,0,0,0,0,0,0,0,0,0,0,0,0,0,0,0,0,0,0,0,0,0,0,0,0,0,0,0,0,0,0,+,0,0,0,0,0,0,0,0,0,0,0,0,0,0,0,0,0,0,0,0,0,0,0,0,0,0,0,0,0,0,0,0,0,0,0,0,0,0,0,0,0,0,0,0.1,0,0,0,0,0,0,0,0.1,0,0,0,0,0,0,0,0,0,0,0,0,0,0,0,0,0,0,0
Pedicularis hirsuta,Pedicularis hirsuta L.,Pedicularis hirsuta L.,0,0,0,0,0,0,0,0,0,0,0,0,0,0,0,0,0,0,0,0,0,0,0,0,0,0,0,0,0,0,0,0,0,0,0,0,0,0,0,0,0,0,0,0,0,0,0,0,0,0,0,0,0,0,0,0,0,0,0,0,0,0,0,0,0,0,0,0,0,0,0,0,0,0,0,0,0,0,0,0,0,0.01,0,0,0,0,0,0,0,0,0,0,0,0,0,0,0,0,0,0,0,0,0,0,0,0,0,0
Pedicularis labradorica,Pedicularis labradorica Wirsing,Pedicularis labradorica,0,0,0,0,0,0,0,0,0,0,0,0,0,0.01,0,0,0,0,+,0,0,0.1,0,0,0,0,0,0,0,0,0,0,0,0,0.1,0,0,0,0,0,0.1,0.1,0,0,0,0,0,0,0,0,0,0,+,0,+,0,0,0.1,0,0,0,0,0,0,0,0,+,0,0,0,0.1,0.1,0,0,0,0,0,0.1,0.1,0,0,0,0,0.1,0,0,0,0,0,0.1,0,0,0,0.1,0,0,0,0.1,0.1,0,0,0,0,0,0.1,0.1,1,0.1
Pedicularis lapponica,Pedicularis lapponica L.,Pedicularis lapponica L.,0.1,0.1,0,0,0,0.1,0.1,0,0.1,0,0,0,0,0,0,0.1,0,0,0,0,0,0.1,0,0,0,0,0,0,0,0,0,0,0,0,0,0,0,0,0,0,0,0,0,+,+,0,0,0,0,0,0,0,0,0,0,0.1,0,0,0,0,0,0,0,0,0,0,0,0,0,0,0.1,0,0,0,0,0,0,0.1,0,0,0,0.1,0,0.1,0,0,0,0,0,0,0,0,0,0,0,0.1,0,0,0,0,0,0,0,0,0,0,0,0
Pedicularis sceptrum-carolinum,Pedicularis sceptrum-carolinum L.,Pedicularis sceptum carolinum,0,0,0,0,0,0,0,0,0,0,0,0,0,0,0,0,0,0,0,0,0,0,0,0,0,0,0,0,0,0,0,0,0,0,0,0,0,0,0,0,0,0,0,0,0,0,0,0,0,0,0,0,0,0,0,0,0,0,0,0,0,0,0,0,0,0,0,0,0,0,0,0,0,0,0,0,0,0,0,0,0,0,0,0,0,0,0,0,0,0,0,0,0,0,0,0,-+,0,0,0,0,0,0,0,0,0,0,0
Pedicularis sudetica s. interior,Pedicularis interior (Hult?n) Molau & D.F. Murray,Pedicularis sudetica/interioroides Hult.,0,0,0,0,0.1,0,0.01,0,0.2,0,0,0,0,0,0,0,0.1,0,0,0,0,0,0,+,+,0,0.1,+,0,0,0,0.1,0.1,0,0,0,0,0,0,0,0,0.1,0,0,+,0,+,0,+,0,+,+,0,0,0,0,0,0,0,0,0,0,0,0,0,0,0,0,0,0,0,0,0,0,0,0,0,0,0,0,0,0,0,0,0,0,0,+,0,0,0,0,0,0,0.1,0,0,0,0,0,0,0,0,0,0,0.1,0,0
Pedicularis verticillata,Pedicularis verticillata L.,Pedicularis verticillata L.,0,0,0,0,0,0,0,0,0,0,0,0,0,0,0,0,0,0,0,0,0,0,0,0,0,0,0,0,0,0,1,0,0,0,0,0,0,0,0,0,0,0,0,0,0,0,0,0,0,0,0,0,0,0,0,0,0,0,0,0,0,0,0,0,0,0,0,0,0,0,0,0,0,0,0,0,0,0,0,0,0,0,0,0,0,0,0,0,0,0,0,0,0,0,0,0,0,0,0,0,0,0,0,0,0,0,0,0
Peltigera aphthosa,Peltigera aphthosa (L.) Willd.,Peltigera aphtosa,0,0,0,0,0,0,0,0,0,0,0,0,0,0,0,0,0,0,0,0,0,0,0,0,0,0,0,0,0,0,0,0,0,0,0,0,0,0,0,0,0,0,0,0,0,0,0,0,0,0,0,0,0,0,0,0,0,0,0,0,0,0,0,0,0,0,0,0,0,0,0,0,0,0,0,0,0,0,0,0,0,0,0,0,0,0,0,0,0,0,0,0,0,0,0,+,0,0,0,0,0,0,0,0,0,0,0,0
Peltigera degenii,Peltigera degenii Gyelnik,Peltigera degenei,+,0,0,0,0,0,0,0,0,0,0,0,0,0,0,0,0,0,0,0,0,0,0,0,0,0,0,0,0,0,0,0,0,0,0,0,0,0,0,0,0,0,0,0,0,0,0,0,0,0,0,0,0,0,0,0,0,0,0,0,0,0,0,0,0,0,0,0,0,0,0,0,0,0,0,0,0,0,0,0,0,0,0,0,0,0,0,0,0,0,0,0,0,0,0,0,0,0,0,0,0,0,0,0,0,0,0,0
Peltigera didactyla s.lat.,Peltigera didactyla s.lat. (With.) Laundon,Peltigera didactyla,0,0,0,0,0,0,0,0,0,0,0,0,0,0,0,0,0,0,0,0,0,0,0,0,0,0,0,0,0,0,+,1,0,0,0,0,0,0,0,0,0,+,0,0,0,0,0,0,0,0,0,0,0,0,0,0,0,0,0,0,0,0,0,0,0,0,0,+,0,0,0,0,0,0,0,0,0,0,0,0,0,0,0,0,0,0,0,0,0,0,0,+,0,0,0,0,0,0,0,0,0,0,0,0,0,0,0,0
Peltigera leucophlebia,Peltigera leucophlebia (Nyl.) Gyeln.,Peltigera leucophlebia,0,0,0,0,0,0,0,0,0,0,0,0,0,0,0,0,0,0,0,0,0,0,0,0,0,0,0,0,0,0,0,+,0,0,0,0,0,0,0,0,0,+,0,0,0,0,0,0,0,0,0,0,0,0,0,0,0,0,0,0,0,0,0,0,0,0,0,0,0,0,+,0,0,0,0,0,0,0,0,+,0,0,0,0,0,0,0,0,0,0,0,0,0,0,0,0,0,0,0,0,0,0,0,0,0,0,0,0
Peltigera malacea,Peltigera malacea (Ach.) Funck,Peltigera malacea,0,0,0,0,0,0,0,0,0,0,0,0,0,0,0,0,0,0,0,0,0,0,0,0,0,0,0,0,0,0,0,0,0,0,0,0,0,0,+,0,0,0,0,0,0,0,0,0,0,0,0,0,0,0,0,0,0,0,0,0,0,0,0,0,0,0,+,0,0,0,+,0,+,0,0,0,0,0,0,0,0,0,0,0,0,0,0,0,0,0,0,0,0,0,0,0,0,0,0,0,0,0,0,0,0,0,0,0
Peltigera polydactylon,Peltigera polydactylon (Neck.) Hoffm.,Peltigera polydactylon,0,0,0,0,0,0,0,0,0,0,0,0,0,0,0,0,0,0,0,0,0,0,0,0,0,0,0,0,0,0,0,0,0,0,0,0,0,0,0,0,0,+,0,0,0,0,0,0,0,0,0,0,0,0,0,0,0,0,0,0,0,0,0,0,0,0,0,0,0,0,0,0,0,0,0,0,0,0,0,+,0,0,0,0,0,0,0,0,0,0,0,0,0,0,0,0,0,0,0,0,0,0,0,0,0,0,0,0
Peltigera ponojensis,Peltigera ponojensis Gyelnik,Peltigera ponojensis,0,0,0,0,0,0,0,0,0,0,0,0,0,0,0,0,0,0,0,0,0,0,0,0,0,0,0,0,0,0,0,2,0,0,0,0,0,0,0,0,0,0,0,0,0,0,0,0,0,0,0,0,0,0,0,0,0,0,0,0,0,0,0,0,0,0,0,0,0,0,0,0,0,0,0,0,0,0,0,0,0,0,0,0,0,0,0,0,0,0,0,0,0,0,0,0,0,0,0,+,0,0,0,0,0,0,0,0
Peltigera rufescens,Peltigera rufescens (Weis) Humb.,Peltigera rufescens,0,0,0,0,0,0,0,0,0,0,0,0,0,0,0,0,0,0,0,0,0,0,0,0,0,0,0,0,0,0,0,0,0,0,0,0,0,0,0,0,0,0,0,0,0,0,0,0,0,0,0,0,0,0,0,0,0,0,0,0,0,0,0,0,0,0,0,0,0,0,0,0,0,0,0,0,0,0,0,0,0,0,0,0,0,0,0,0,0,0,0,0,0,0,0,0,0,+,0,+,0,0,0,0,0,0,0,0
Pertusaria dactylina,Pertusaria dactylina (Ach.) Nyl.,Pertusaria dactylina,0,0,0,+,0,+,0,0,0,0,0,+,0,0,0,0,0,0,0,0,0,0,0,0,0,+,0,0,+,0,0,0,0,0,0,0,+,0,0,0,0,+,0,0,0,0,0,0,0,0,0,0,0,0,0,0,0,+,0,0,0,0,0,0,0,0,0,0,0,0,0,0,0,0,0,0,0,0,0,0,0,0,+,0,0,0,0,0,0,0,0,0,0,0,0,0,0,0,0,+,+,0,0,+,0,0,0,0
Pertusaria panyrga,Pertusaria panyrga (Ach.) A. Massal.,Pertusaria panyrga,0,0,0,+,0,0,0,0,0,0,0,0,0,0,0,0,0,0,0,0,0,0,0,0,0,+,0,0,+,0,0,0,0,0,0,0,+,0,0,0,0,0,0,0,0,0,0,0,0,0,0,0,0,0,+,0,0,0,0,0,0,0,0,0,0,0,0,0,0,0,0,0,0,0,0,0,0,0,0,0,+,0,0,0,0,0,0,0,0,0,+,0,0,0,0,0,0,0,0,0,0,0,0,0,0,0,0,0
Philonotis fontana,Philonotis fontana (Hedw.) Brid.,Phylonotis fontana,0,0,0,0,0,0,0,0,0,0,0,0,0,0,0,0,0,0,0,0,0,0,0,0,0,0,0,0,0,0,0,0,0,0,0,0,0,0,0,0,0,0,0,0,0,0,0,0,0,0,0,0,0,0,0,0,0,0,0,0,0,0,0,0,0,0,0,0,0,0,0,0,0,0,+,0,0,0,0,0,0,0,0,0,0,0,0,0,0,0,0,0,0,0,0,0,0,0,0,0,0,0,0,0,0,0,0,0
Plagiomnium ellipticum,Plagiomnium ellipticum (Brid.) T. Kop.,Plagiomnium ellipticum,0,0,0,0,0,0,0,0,0,0,0,0,0,0,0,0,0,0,0,0,0,0,0,0,0,0,0,0,0,0,0,0,0,0,0,0,0,0,0,0,0,0,0,0,0,0,0,0,0,0,0,0,0,0,0,0,2,0,0,0,0,0,0,0,0,0,0,0,+,0,0,0,0,0,0,+,0,0,0,+,0,0,0,0,0,0,0,0,0,0,0,0,0,0,+,0,10,0,0,0,0,0,0,0,0,0,0,0
Pleurozium schreberi,Pleurozium schreberi (Willdenow ex Brid.) Mitt.,Pleurozium schreberi,0,0,0,0,0,0,1,0,0,0,0,0,0,0,0,0,0,0,0,+,0,0,2,0,2,0,0,0,0,0,0,+,0,0,+,+,0,0,0,0,+,+,1,0,0,0,0,0,0,0,0,0,0,+,+,3,+,0,+,0,0,0,0,0,0,0,+,0,0,0,+,0,2,+,0,+,+,+,+,0,0,+,+,+,1,0,0,0,0,0,0,0,0,0,0,+,+,3,+,0,0,+,+,+,0,0,0,0
Poa alpigena,Poa pratensis s. alpigena (Lindm.) Hiitonen,Poa alpigena/alpigena,0,0,0,0,0,0,0,0,0,0,+,0,0,0,0,0,0,0,0,0,0,0,0,0,0,+,0,0,0,0,2,1,1,0,0,0,0,0,0.1,0,0,0,+,0,0,0,0,0,0,0,0,0,0,0,0,0,+,0,0,0,0,0,0,0,0,0,0,1,0,0,0.5,1,0,+,0,0.5,+,0,0,+,0,0.2,0,0.1,+,0,0,0,0,0,0,2,1,1,0,0,0,0,0,0,0.1,0,0,0,0,0,0,0
Poa alpigena s. colpodea,Poa pratensis s. colpodea (Th. Fr.) Tzvelev,Poa alpigena/colpodea (Th.Fries) Jurtz. et Petrovsky,0,0,0,0,0,0,0,0,0,0,0,0,0,0,0,0,0,0,0,0,0,0,0,0,0,0,0,0,0,3,0,0,0,0,0,0,0,0,0,0,0,0,0,0,0,0,0,0,0,0,0,0,0,0,0,0,0,0,0,0,0,0,0,0,0,0,0,0,0,+,0,0,0,0,0,0,0,0,0,0,0,0,0,0,0,0,0,0,0,0,0,10,5,0,0,0,0,0,0,0,0,0,0,0,0,0,0,0
Poa arctica s. arctica,Poa arctica s. arctica R. Br.,Poa arctica/arctica,0,0,0,0.1,0,0,0,0,0,+,0,0,0,+,0,+,0,0,0,0,0,0,0,0,0,0,0,0,0,0,0,0,0,0,0,+,0,0,0,0,0,0,0,0,0,0,0,+,0,0,0,0,+,+,0,0,0,0,+,0,0,0,0,0,0,0,0,0,0,0,0,0,0,0,0,0,0,0,0,0,0,0,0,0,0,0,0,0,0,+,0,0,0,0,0,0,0,0,0,0,0,0,+,0,0,0,0,0
Poa palustris,Poa palustris L.,Poa palustris,0,0,0,0,0,0,0,0,0,0,0,0,0,0,0,0,0,0,0,0,0,0,0,0,0,0,0,0,0,0,0,0,0,+,0,0,0,0,0,0,0,0,0,0,0,0,0,0,0,0,0,0,0,0,0,0,0,0,0,0,0,0,0,0,0,0,0,+,0,0,0,0,0,0,0,0,0,0,0,0,0,0,0,0,0,0,0,0,0,0,0,0,0,0,0,0,0,0,0,0,0,0,0,0,0,0,0,0
Pogonatum dentatum,Pogonatum dentatum (Menzies ex Brid.) Brid.,Pogonatum dentatum,0,0,0,0,0,1,0,0,0,0,0,1,0,0,0,0,0,0,0,0,0,0,0,0,0,5,0,0,+,0,1,0,0,0,0,0,1,+,0,+,0,0,0,0,0,0,0,0,0,0,0,0,0,0,0,0,0,0,0,0,0,0,0,0,0,0,0,0,0,0,0,0,0,0,0,0,0,0,0,0,2,0,0,0,0,0,0,0,0,0,+,0,0,0,0,0,0,0,0,0,0,0,0,0,0,0,0,0
Pohlia andrewsii,Pohlia andrewsii A. J. Shaw,Pohlia andrewsii,0,0,0,0,0,0,0,0,0,0,0,0,0,0,0,0,0,0,0,0,0,0,0,0,0,0,0,0,0,0,0,0,0,0,0,0,0,0,0,0,0,+,+,0,0,0,0,0,0,0,0,0,0,0,0,0,0,0,0,0,0,0,0,0,0,0,0,0,0,0,0,0,0,0,0,0,0,0,0,0,0,0,0,0,0,0,0,0,0,0,0,+,+,0,0,0,0,0,0,0,0,0,0,0,0,0,0,0
Pohlia cruda,Pohlia cruda (Hedw.) Lindb.,Pohlia cruda,0,0,0,0,0,0,0,0,0,0,0,0,0,0,0,0,0,0,0,0,0,0,0,0,0,0,0,0,0,0,0,0,0,0,0,0,0,0,0,0,0,0,0,0,0,0,0,0,0,0,0,0,0,0,0,0,0,+,0,0,0,0,0,0,0,0,0,0,0,0,0,0,0,0,0,0,0,0,0,0,0,0,0,0,0,0,0,0,0,0,0,0,+,0,0,0,0,0,0,0,0,0,0,0,0,0,0,0
Pohlia drummondii,Pohlia drummondii (C. M?ll.) Andrews,Pohlia drummondii,0,0,+,0,0,0,0,0,0,0,0,0,0,0,0,0,0,0,0,0,0,0,0,0,0,0,0,0,0,0,+,0,0,0,0,0,0,0,0,0,0,0,0,0,0,0,0,0,0,0,0,0,0,0,0,0,0,0,0,0,0,0,0,0,0,0,0,0,0,0,0,0,0,0,0,0,0,0,0,0,0,0,0,0,0,0,0,0,0,0,0,0,0,0,0,0,0,0,0,0,0,0,0,0,0,0,0,0
Pohlia nutans,Pohlia nutans (Hedw.) Lindb.,Pohlia nutans,0,0,0,0,0,0,0,0,0,0,0,+,0,+,0,0,+,+,0,+,0,0,0,0,0,0,0,0,0,0,0,0,0,0,0,0,0,0,+,0,0,+,0,0,0,0,0,0,0,0,0,0,0,0,0,0,1,0,+,0,0,0,0,0,0,+,+,+,+,0,0,0,0,0,0,0,0,+,0,0,0,0,+,0,0,0,0,0,+,0,0,+,0,0,0,0,0,+,0,0,0,0,+,0,0,0,0,0
Pohlia species,Pohlia species,Pohlia sp.,0,0,0,0,0,0,0,0,0,0,0,0,0,0,0,0,0,0,0,0,0,0,0,0,0,0,0,0,0,0,0,0,0,0,0,0,0,0,0,0,0,0,0,0,0,0,0,0,0,0,0,0,0,0,0,0,0,0,0,0,0,0,0,0,0,0,0,0,0,0,0,0,0,0,0,+,0,0,0,0,0,0,0,0,0,0,0,0,0,0,0,0,0,0,0,0,0,0,0,0,0,0,+,0,0,0,0,0
Polemonium acutiflorum,Polemonium acutiflorum Willd.,Polemonium acutiflorum Willd. ex Roem. et Schult.,0,0,0,0,0,0,0,0,0,0,0,0,0,0,0,0,0,0,0,0,0,0,0,0,0,0,0,0,0,0,0,0,1,0.5,0,0,0,0,0,0,0,0,0,0,0,0,0,0,0,0,0,0,0,0,0,0,+,0,0,0,0,0,0,0,0,0,0,1,0.1,0,0,0,0,0,0,0,0,0,0,0,0,0,0,0,0,0,0,0,0,0,0,0.1,0,0,0,0,0,0,0,0,0,0,0,0,0,0,0,0
Polemonium boreale,Polemonium boreale Adams,Polemonium boreale Adams,0,0,0,0,0,0,0,0,0,0,0,0,0,0,0,0,0,0,0,0,0,0,0,0,0,0,0,0,0,0,0,0,0,0,0,0,0,0,0,+,0,0,0,0,0,0,0,0,0,0,0,0,0,0,0,0,0,0,0,0,0,0,0,0,0,0,0,0,0,0,0,0,0,0,0,0,0,0,0,0,0,0,0,0,0,0,0,0,0,0,0,0,0,0,0,0,0,0,0,0,0,0,0,0,0,0,0,0
Polygonum ocreatum,Aconogonon ochreatum (L.) H. Hara,Polygonum ocreatum L. =Aconogonon ocreatum ,0,0,0,0,0,0,0,0,0,0,0,0,0,0,0,0,0,0,0,0,0,0,0,0,0,0,0,0,0,0,+,0,0,0,0,0,0,0.1,0,1,0,0,0,0,0,0,0,0,0,0,0,0,0,0,0,0,0,0,0,0,0,0,0,0,0,0,0,0,0,+,0,0,0,0,0,0,0,0,0,0,0,0,0,0,0,0,0,0,5,0,0,0,0,0,0,0,0,0,0,0,0,0,0,0,0,0,0,0
Polygonum viviparum,Bistorta vivipara (L.) Delarbre,Polygonum viviparum L.= Bistorta vivipara,0,0,0,0,0,0,0,0,0,0,0,0,0,0,0,0,0,0,0,0,0,0,0,0,0,0,0,0,0,0,3,0.5,0,0,0,0,0,0,3,0,0,0.5,0,0,0,0,0,0,0,0,0,0,0,0,0,0,0,0,0,0,0,0,0,0,0,0,0,1,0.01,0,0.1,+,0,0,0,0,0,0,0,3,0,0,0,0,0,0,0,0,0,0,0,0,0,0,0,0,0,0,0,0,0,0,0,0,0,0,0,0
Polytrichum alpinum,Polytrichastrum alpinum (Hedw.) G. L. Sm.,Polytrichum alpinum,0,0,0,0,0,0,0,0,0,0,0,0,0,0,0,0,0,0,0,0,0,0,0,0,0,0,0,0,0,0,1,0,0,0,0,0,0,0,0,0,0,0,0,0,0,0,0,0,0,0,0,0,0,0,0,0,+,0,0,0,0,0,0,0,0,0,0,0,+,0,0,0,0,0,0,+,0,0,0,0,0,0,0,0,0,0,0,0,0,0,+,0,0,0,0,0,0,0,0,0,0,0,0,0,0,0,0,0
Polytrichum altisetum v. humilisetum,Polytrichum juniperinum Hedw.,Polytrichum juniperinum Hedw.,0,3,0,2,0,1,0,3,1,3,0,+,0,15,0,5,15,0,0,15,0,20,5,0,10,2,0,0,0,0,1,15,0,0,15,0,+,0,2,0,0,0,5,10,0,0,20,10,0,0,0,0,5,5,10,2,0,10,2,20,15,5,10,5,+,10,15,0,0,0,0,2,0,+,0,+,+,10,1,+,5,10,+,0,5,0,10,0,0,10,0,0,0,10,0,10,0,5,10,10,5,5,0,10,0,0,0,0
Polytrichum antarcticum,Polytrichum piliferum Hedw.,Polytrichum piliferum Hedw.,0,0,0,0,0,0,0,0,0,0,0,+,0,0,0,0,0,0,0,0,0,0,0,0,0,10,0,0,20,0,0,0,0,0,0,0,10,2,0,2,0,10,5,0,0,0,0,0,0,0,0,0,0,0,+,0,0,0,0,0,0,0,0,0,0,0,0,0,0,10,0,0,0,0,0,0,0,0,0,0,5,0,+,0,0,0,0,0,0,0,+,0,0,0,0,0,0,0,0,+,5,0,1,0,0,0,0,5
Polytrichum assimile,Polytrichum commune Hedw.,Polytrichum commune Hedw.,0,0,0,0,0,0,0,0,0,0,0,0,0,0,0,0,0,0,0,0,0,0,0,0,0,0,0,0,0,0,0,0,0,0,0,0,0,0,0,0,0,0,0,0,0,0,0,0,0,0,5,0,0,0,0,0,0,0,0,0,0,0,0,0,0,0,0,0,0,0,0,0,0,0,0,0,0,0,0,0,0,0,0,0,0,0,0,0,0,0,0,0,0,0,0,0,0,0,0,0,0,0,0,0,0,0,0,0
Polytrichum hyperboreum,Polytrichum hyperboreum R. Br.,Polytrichum hyperboreum R.Br.,0,0,0,0,0,2,0,0,0,0,1,5,0,0,0,0,0,0,0,0,0,0,0,0,0,3,0,0,+,0,0,0,0,0,5,0,0,0,8,0,0,5,10,+,0,30,0,+,0,0,0,0,0,5,0,0,0,0,0,0,0,0,0,0,0,+,5,0,0,0,10,0,0,0,0,0,10,0,0,0,15,0,5,0,0,0,0,0,+,0,10,0,0,+,0,0,0,0,+,+,10,0,10,5,0,0,0,+
Polytrichum jensenii,Polytrichum jensenii I. Hagen,Polytrichum jensenii I.Hagen,0,0,10,0,0,0,0,0,2,0,0,0,30,0,20,0,0,5,10,0,0,0,0,0,0,0,0,0,0,0,0,+,3,2,0,0,0,0,0,0,0,0,0,0,10,0,0,0,5,10,+,5,0,0,0,0,+,0,0,0,0,+,0,0,0,0,0,0,0,0,0,0,0,0,5,0,0,0,10,0,0,0,0,0,0,0,0,5,0,0,0,0,0,0,1,0,0,0,0,0,0,0,0,0,+,0,0,0
Protopannaria pezizoides,Protopannaria pezizoides (Web.) P.M.Jorg. & S.Ekman,Protopannaria pezizoides,0,0,0,0,0,0,0,0,0,0,0,0,0,0,0,0,0,0,0,0,0,0,0,0,0,0,0,0,0,0,0,0,0,0,0,0,0,0,0,0,0,+,0,0,0,0,0,0,0,0,0,0,0,0,0,0,0,0,0,0,0,0,0,0,0,0,0,0,0,0,+,0,0,0,0,0,0,0,0,0,0,0,0,0,0,0,0,0,0,0,0,0,0,0,0,0,0,0,0,+,0,0,0,0,0,0,0,0
Pseudobryum cinclidioides,Pseudobryum cinclidioides (H?b.) T. Kop.,Pseudobryum cinclidioides,0,0,0,0,0,0,0,0,0,0,0,0,0,0,0,0,0,0,0,0,0,0,0,0,0,0,0,0,0,0,0,0,5,+,0,0,0,0,0,0,0,0,0,0,0,0,0,0,0,0,0,0,0,0,0,0,1,0,0,0,0,0,0,0,0,0,0,+,0,0,0,0,0,0,0,0,0,0,0,0,0,0,0,0,0,0,0,0,0,0,0,0,0,0,0,0,0,0,0,0,0,0,0,0,0,0,0,0
Psilopilum cavifolium,Psilopilum cavifolium (Wils.) I. Hagen,Psilopilum cavifolium,0,0,0,0,0,0,0,0,0,0,0,0,0,0,0,0,0,0,0,0,0,0,0,0,0,+,0,0,+,0,0,0,0,0,0,0,0,0,0,0,0,0,0,0,0,0,0,0,0,0,0,0,0,0,0,0,0,0,0,0,0,0,0,0,0,0,0,0,0,0,0,0,0,0,0,0,0,0,0,0,0,0,0,0,0,0,0,0,+,0,0,0,0,0,0,0,0,0,0,0,0,0,0,0,0,0,0,0
Psilopilum laevigatum,Psilopilum laevigatum (Wahlenb.) Lindb.,Psilopilum laevigatum,0,0,0,0,0,0,0,0,0,0,0,0,0,0,0,0,0,0,0,0,0,0,0,0,0,0,0,0,0,0,0,0,0,0,0,0,0,0,0,0,0,0,0,0,0,0,0,0,0,0,0,0,0,0,0,0,0,0,0,0,0,0,0,0,0,0,0,0,0,0,0,0,0,0,0,0,0,0,0,0,0,0,0,0,0,0,0,0,0,0,0,10,10,0,0,0,0,0,0,0,0,0,+,0,0,0,0,0
Psoroma hypnorum,Psoroma hypnorum (Vahl) S.F.Gray,Psoroma hypnorum,0,0,0,0,0,0,0,0,0,0,0,0,0,0,0,0,0,0,0,0,0,0,0,0,0,0,0,0,0,0,0,0,0,0,0,0,0,0,0,0,0,0,0,0,0,0,0,0,0,0,0,0,0,0,0,0,0,0,0,0,0,0,0,0,0,0,0,0,0,0,+,0,0,0,0,0,0,0,0,0,0,0,0,0,0,0,0,0,0,0,0,0,0,0,0,0,0,0,0,+,0,0,0,0,0,0,0,0
Ptilidium ciliare,Ptilidium ciliare (L.) Hampe,Ptilidium ciliare,+,1,0,2,0,1,0,+,0,5,3,+,0,0,0,1,0,1,2,2,0,1,+,0,5,0,0,0,+,0,0,0,0,0,1,+,0,0,0,0,3,10,5,0,0,25,0,0,0,0,0,0,+,20,5,5,0,3,10,+,+,+,1,0,+,+,+,0,0,0,5,5,2,20,0,0,5,+,2,0,+,5,25,+,0,0,+,0,0,15,0,0,0,0,0,+,0,3,20,20,0,10,20,+,0,0,+,0
Puccinellia sibirica,Puccinellia sibirica Holmb.,Puccinellia sibirica Holmb.,0,0,0,0,0,0,0,0,0,0,0,0,0,0,0,0,0,0,0,0,0,0,0,0,0,0,0,0,0,0,0,0,0,0,0,0,0,0,0,0,0,0,0,0,0,0,0,0,0,0,0,0,0,0,0,0,0,0,0,0,0,0,0,0,0,0,0,0,0,0,0,0,0,0,0,0,0,0,0,0,0,0,0,0,0,0,0,0,0,0,0,0,20,0,0,0,0,0,0,0,0,0,0,0,0,0,0,0
Pyrola grandiflora,Pyrola grandiflora Radius,Pyrola grandiflora Radius,0,0,0,0,0,0,0,0,0,0,0,0,0,0,0,0,0,0,0,0,0,0,0,0,0,0,0,0,0,0,1,1,0,0,0,0,0,0,0,0,0,+,0,0,0,0,0,0,0,0,0,0,0,0,0,0,0,0,0,0,0,0,0,0,0,0,+,0,0,0,0.2,0,0,0,0,0,0,0,0,0,0,0,0,0,0,0,0,0,0,0,0,0,0,0,0,0,0,0,0,0.1,0,0,0,0,0,0,0,0
Pyrola minor,Pyrola minor L.,Pyrola minor,0,0,0,0,0,0,0,0,0,0,0,0,0,0,0,0,0,0,0,0,0,0,0,0,0,0,0,0,0,0,0,0,0,0,0,0,0,0,+,0,0,0,0,0,0,0,0,0,0,0,0,0,0,0,0,0,0,0,0,0,0,0,0,0,0,0,0,0,0,0,0,0,0,0,0,0,0,0,0,0,0,0,0,0,0,0,0,0,0,0,0,0,0,0,0,0,0,0,0,0,0,0,0,0,0,0,0,0
Racomitrium lanuginosum,Racomitrium lanuginosum (Hedw.) Brid.,Racomitrium lanuginosum,0,0,0,0,0,3,0,0,0,1,1,0,0,0,0,0,0,0,0,0,0,0,0,0,0,5,0,0,5,0,0,0,0,0,0,0,5,3,0,5,0,3,1,0,0,1,0,0,0,0,0,0,0,0,5,0,0,+,0,0,0,0,0,0,0,0,0,0,0,+,+,0,0,0,0,0,5,0,0,0,0,5,0,0,0,0,0,0,0,0,10,0,0,0,0,0,0,0,0,5,3,0,0,0,0,0,0,10
Ranunculus borealis,Ranunculus subborealis s. subborealis Tzvelev,Ranunculus borealis Trautv. =Ranunculus subborealis Tzvel.subsp. subborealis,0,0,0,0,0,0,0,0,0,0,0,0,0,0,0,0,0,0,0,0,0,0,0,0,0,0,0,0,0,0,0,0,0,0,0,0,0,0,0,0,0,0,0,0,0,0,0,0,0,0,0,0,0,0,0,0,0,0,0,0,0,0,0,0,0,0,0,0,0,0,0,0,0,0,0,0,0,0,0,0,0,0,0,0,0,0,0,0,0,0,0,0.5,0,0,0,0,0,0,0,0,0,0,0,0,0,0,0,0
Ranunculus lapponicus,Coptidium lapponicum (L.) Tzvelev,Ranunculus lapponicus L.,0,0,0,0,0,0,0,0,0,0,0,0,0,0,0,0,0,0,0,0,0,0,0,0,0,0,0,0,0,0,0,0,0,0,0,0,0,0,0,0,0,0,0,0,0,0,0,0,0,0,0,0,+,0,0,0,0,0,0,0,0,0,0,0,0,0,0,0,0,0,0,0,0.1,0,0,0.1,0,0,0,0,0,0,0,0,0,0,0,0,0,0,0,0,0,0,0,0,0,0,0,0,0,0,0,0,0,0,0,0
Ranunculus pallasii,Coptidium pallasii (Schltdl.) Tzvelev,Ranunculus pallasii Schlecht.,0,0,0,0,0.1,0,0,0,0,0,0,0,0,0,0,0,0,0,0,0,1,0,0,0,0,0,0,0,0,0,0,0,0,0,0,0,0,0,0,0,0,0,0,0,0,0,0,0,0,0,0,0,0,0,0,0,0,0,0,0,0,0,0,0,0,0,0,0,0,0,0,0,0,0,0,0,0,0,0,0,0,0,0,0,0,0,0,0,0,0,0,0,0,0,0,0,0,0,0,0,0,0,0,0,0,0,0,0
Rhizomnium andrewsianum,Rhizomnium andrewsianum (Steere) T. Kop.,Rhizomnium andrewsianum,0,0,+,0,0,0,0,0,0,0,0,0,0,0,0,0,0,0,0,0,0,0,0,0,0,0,0,0,0,0,0,0,0,0,0,0,0,0,0,0,0,0,0,0,0,0,0,0,0,0,0,0,0,0,0,0,0,0,0,0,0,0,0,0,0,0,0,0,0,0,0,0,0,0,0,+,0,0,0,0,0,0,0,0,0,0,0,0,0,0,0,0,0,0,0,0,0,0,0,0,0,0,0,0,0,0,0,0
Rhizomnium punctatum,Rhizomnium punctatum (Hedw.) T. Kop.,Rhizomnium punctatum,0,0,0,0,0,0,0,0,0,0,0,0,0,0,0,0,0,0,0,0,0,0,0,0,0,0,0,0,0,0,0,0,0,0,0,0,0,0,0,0,0,0,0,0,0,0,0,0,0,0,0,0,0,0,0,0,0,0,0,0,0,0,0,0,0,0,0,0,0,0,0,0,0,0,0,0,0,0,0,0,0,0,0,+,0,0,0,0,0,0,0,0,0,0,0,0,0,0,0,0,0,0,0,0,0,0,0,0
Rhytidium rugosum,Rhytidium rugosum (Ehrh. ex Hedw.) Kindb.,Rhytidium rugosum,0,0,0,0,0,0,0,0,0,0,0,0,0,0,0,0,0,0,0,0,0,0,0,0,0,0,0,0,0,0,0,0,0,0,0,0,0,0,0,0,0,2,1,0,0,0,0,0,0,0,0,0,0,0,0,0,0,0,0,0,0,0,0,0,0,0,0,0,0,0,+,0,0,0,0,0,0,0,0,0,0,0,0,0,0,0,0,0,0,0,0,0,0,0,0,0,0,0,0,0,0,0,0,0,0,0,0,0
Rubus arcticus,Rubus arcticus L.,Rubus arcticus L.,0,0,0,0,0,0,0,0,0,0,0,0,0,0,0,0,0,0,0,0,0,0,0,0,0,0,0,0,0,0,0,0,0,0,0,0,0,0,0,0,0,0,0,0,0,0,0,0,0,0,0,0,0,0,0,0,0,0,0,0,0,0,0,0,0,0,0,2,0,0,0,0,0,0,10,0,0,0,0,0,0,0,0,0,0,0,0,0,0,0,0,0,0,0,0,0,0,0,0,0,0,0,0,0,0,0,0,0
Rubus chamaemorus,Rubus chamaemorus L.,Rubus chamaemorus L.,1,0,0,0,0,0,0,30,0,0,2,0,0,5,0,10,0,0,0,20,0,3,40,0,5,0,0,3,0,0,0,0,0,0,10,15,0,0,0,0,5,0,0,0,10,0,5,10,0,0,0,20,40,20,0,5,0,0,0,20,15,15,15,1,15,0,5,0,1,0,0,5,0,5,0,1,0,3,2,0,0,0,0,15,5,0,20,0,0,20,0,0,0,15,0,10,3,0,0,0,0,5,0,0,0,0,0,0
Rumex graminifolius,Rumex graminifolius Rudolph ex Lamb.,Rumex graminifolius/graminifolius,0,0,0,0,0,0,0,0,0,0,0,0,0,0,0,0,0,0,0,0,0,0,0,0,0,0,0,0,0,3,0,0,0,0,0,0,0,0.1,0,1,0,0,0,0,0,0,0,0,0,0,0,0,0,0,0,0,0,0,0,0,0,0,0,0,0,0,0,0,0,+,0,0,0,0,0,0,0,0,0,0,0,0,0,0,0,0,0,0,1,0,0,0,0,0,0,0,0,0,0,0,0,0,0,0,0,0,0,0
Salix glauca s. glauca,Salix glauca s. glauca L.,Salix glauca/glauca,0,0,0,1,0,0.1,0,0,0,0,0.1,1,0,0,0,0,1,1,1,0,0,0,0,0,0,0,0,0,0,0,0,5,0,0,5,0,0,0,1,0,2,10,0.1,0,0,5,0,0,0,0,0,0,1,0,0,1,0,0,2,0,0,0,0,0,0,0,1,0,0,0,1,0,0,2,5,2,0,0,0,0,0,4,0,3,0,0,0,0,2,0,0,0,"0,.5",0,0,10,10,3,5,0,0,0,0,0.1,0,0,0,0
Salix lanata v. lanata,Salix lanata v. lanata L.,Salix lanata/lanata,0,0,0,0,0,0,0,0,0,0,0,0,0,0,0,0,0,0,0,0,0,0,0,0,0,0,0,0,0,30,30,60,40,5,0,0,0,0,0,0,0,0,0,0,0,0,0,0,0,0,0,0,0,0,0,0,70,0,0,0,0,0,0,0,0,0,0,100,10,0,0,0,0,0.1,50,18,0,0,0,5,0,0,5,0,0,0,0,0,0,0,0,1,0,0,0,0,60,0,0,0,0,0,0,0,0,0,0,0
Salix myrtilloides,Salix myrtilloides L.,Salix myrtilloides L.,0.1,0.1,0.5,0,0,0,1,0,0,0,0,0,0,0,0,0,2,1,+,0,0,0,0,0,0,0,0,0.1,0,0,0,0,0,0,0,0,0,0,0,0,0,0,0,+,1,0,0,0,0,0,1,1,0,0,0,0,0,+,0,0,0,0,0,0,0,0,1,0,0,0,0,0,0,0,0.1,0,0,0,0,0,0,0,0,0,0,0,0,0,0,0,0,0,0,0,1,0,0,0,0,0,0,0.2,1,0,3,0,0.1,0
Salix nummularia,Salix nummularia Andersson,Salix nummularia Anderss.,0,0,0,0,0,0,0,0,0,0,0,1,0,0,0,0,0,0,0,0,0,0,0,0,0,5,0,0,2,0,5,0,0,0,0,0,3,3,2,5,0,0,0,0,0,0,0,0,0,0,0,0,0,0,8,0,0,0,0,0,0,0,0,0,0,0,0,0,0,2,1,0,0,0,0,0,0,0,0,+,2,0,1,0,0,2,0,0,10,0,2,0,0,0,0,0,0,0,0.1,0,1,0,0.1,1,0,0,0,0.5
Salix phylicifolia,Salix phylicifolia L.,Salix phylicifolia L.,0,0,0,0,0,0,0,0,0,0,0,1,0,0,0,0,0,0,0,0,0,0,0,0,0,0,0,0,0,0,0,0,2,+,0,0,0,0,0,0,0,0,0,0,0,0,0,0,0,0,0,0,0,0,0,0,0,0,0,0,0,0,0,0,0,0,0,0,0,0,0,0,1,0,0,0,0,0,0,0,0,0,0,0,0,0,0,0,0,0,0,0,0,0,0,0,0,0,0,0,0,0,0,0,0,0,0,0
Salix planifolia s. pulchra,Salix pulchra Cham.,Salix pulchra Cham.,0.1,0,0.1,0,0,0.1,2,0,0,0,0.1,0,0,0,0,0,0,1,3,0,0,0,0,0,0,0,0,0,0,0,0,0,0,0,0,0,0,0,0,0,2,1,1,1,1,0,0,0,0,0,0.1,0,0,0,0,1,0,0,3,1,+,+,0,0,+,0,1,0,0,0,1,2,0,1,3,0,1,0,0,1,0,1,0,1,0,0,0,0,0,0,0,0,0,5,0,0,5,3,1,2,0,0,0,0,0,0,0,0
Salix polaris,Salix polaris Wahlenb.,Salix polaris/polaris,0,0,0,0,0,0,0,0,0,0,0,0,0,0,0,0,0,0,0,0,0,0,0,0,0,0,0,0,0,0,0,0,0,0,0,0,0,0,10,0,0,0,0,0,0,0,0,0,0,0,0,0,0,0,0,0,0,0,0,0,0,0,0,0,0,0,0,0,0,0,0,0,0,0,0,0,0,0,0,0,0,0,0,0,0,0,0,0,0,0,0,0,0,0,0,0,0,0,0,0,0,0,0,0,0,0,0,0
Salix reptans,Salix reptans Rupr.,Salix reptans Rupr.,0,0,0,0,0,0,0,0,0,0,0,0,0,0,0,0,0,0,0,0,0,0,0,0,0,0,0,0,0,0,10,+,+,0,0,0,0,0,0,0,0,0,0,0,0,0,0,0,0,0,0,0,0,0,0,0,0,0,0,0,0,0,0,0,0,0,0,0,0,0,0,0,0,0,1,0,0,0,0,0,0,0,0,0,0,0,0,0,0,0,0,0,0,0,0,0,0,0,0,0,0,0,0,0,0,0,0,0
Sanionia uncinata,Sanionia uncinata (Hedw.) Loeske,Sanionia uncinata,0,0,0,0,0,0,0,0,0,0,0,+,0,0,+,0,0,0,0,0,0,0,0,0,0,0,0,0,0,0,+,30,20,5,2,0,0,0,10,0,0,+,+,0,0,0,0,0,0,0,0,0,+,+,0,0,35,0,1,0,0,0,0,0,0,0,0,5,5,0,+,2,3,0,10,10,1,0,0,8,0,0,2,0,0,0,0,0,0,0,0,10,+,0,+,+,0,0,+,0,0,0,0,0,0,0,0,0
Saxifraga cernua,Saxifraga cernua L.,Saxifraga cernua L.,0,0,0,0,0,0,0,0,0,0,0,0,0,0,0,0,0,0,0,0,0,0,0,0,0,0,0,0,0,0,0,0,0,0,0,0,0,0,0,0,0,0,0,0,0,0,0,0,0,0,0,0,0,0,0,0,0,0,0,0,0,0,0,0,0,0,0,0,0,0,0,0,0,0,0,0.01,0,0,0,0,0,0,0,0,0,0,0,0,0,0,0,0,0,0,0,0,0,0,0,0,0,0,0,0,0,0,0,0
Sibbaldia procumbens,Sibbaldia procumbens L.,Sibbaldia procumbens L.,0,0,0,0,0,0,0,0,0,0,0,0,0,0,0,0,0,0,0,0,0,0,0,0,0,0,0,0,0,0,0,0,0,0,0,0,0,0,1,0,0,0,0,0,0,0,0,0,0,0,0,0,0,0,0,0,0,0,0,0,0,0,0,0,0,0,0,0,0,0,0,0,0,0,0,0,0,0,0,0,0,0,0,0,0,0,0,0,0,0,0,0,0,0,0,0,0,0,0,0,0,0,0,0,0,0,0,0
Solorina crocea,Solorina crocea (L.) Ach.,Solorina crocea,0,0,0,0,0,0,0,0,0,0,0,0,0,0,0,0,0,0,0,0,0,0,0,0,0,0,0,0,0,0,0,0,0,0,0,0,0,0,+,0,0,0,0,0,0,0,0,0,0,0,0,0,0,0,0,0,0,0,0,0,0,0,0,0,0,0,0,0,0,0,0,0,0,0,0,0,0,0,0,0,0,0,0,0,0,0,0,0,0,0,0,0,0,0,0,0,0,0,0,0,0,0,0,0,0,0,0,0
Sphaerophorus globosus,Sphaerophorus globosus (Huds.) Vain.,Sphaerophorus globosus,0,0,0,2,0,+,0,0,0,0,0,+,0,0,0,0,0,0,0,0,0,0,0,0,0,+,0,0,+,0,0,0,0,0,0,0,+,+,0,0,0,+,0,0,0,+,0,0,0,0,0,0,0,0,2,0,0,1,0,0,0,0,0,0,0,0,+,0,0,0,2,0,+,0,0,0,+,0,0,0,1,+,+,0,0,0,+,0,0,0,+,0,0,0,0,0,0,0,0,0,0,0,0,0,0,0,0,0
Sphagnum acutiforme v. robustum,Sphagnum russowii Warnst.,Sphagnum squarrosum Crome,0,0,0,0,0,0,0,0,+,0,0,0,0,0,0,0,0,3,0,0,0,0,0,0,0,0,0,0,0,0,0,0,0,0,0,0,0,0,0,0,+,0,0,0,0,0,0,0,0,0,0,0,0,0,0,0,0,0,0,0,0,0,0,0,0,0,0,0,0,0,0,0,0,0,0,0,0,0,0,0,0,0,0,0,0,0,0,0,0,0,0,0,0,0,10,0,5,0,0,0,0,0,0,0,5,0,0,0
Sphagnum ambiguum,Sphagnum compactum Lam. & DC.,Sphagnum compactum Lam. &  DC.,0,0,0,0,0,0,0,0,0,5,0,0,0,+,0,7,0,5,0,0,0,20,0,0,0,0,0,0,0,0,0,0,0,0,0,0,0,0,0,0,0,0,0,0,10,0,5,0,0,0,0,0,0,0,0,30,0,0,0,0,0,0,0,20,0,0,0,0,0,0,0,0,0,0,0,0,0,0,0,0,0,0,0,0,0,0,0,5,0,0,0,0,0,0,0,0,0,0,0,0,0,0,0,0,0,0,0,0
Sphagnum angustifolium,Sphagnum angustifolium (Warnst.) C. Jens.,Sphagnum angustifolium,32,+,0,0,0,0,0,0,0,0,0,0,0,0,0,0,0,0,0,0,0,0,0,0,0,0,0,0,0,0,0,0,0,0,0,0,0,0,0,0,0,0,0,0,0,0,0,0,0,0,0,0,0,0,0,0,0,0,0,0,0,0,0,0,0,0,0,0,0,0,0,0,0,0,0,0,0,0,0,0,0,0,0,0,0,0,0,0,0,0,0,0,0,0,0,0,0,0,0,0,0,0,0,0,0,0,0,0
Sphagnum aongstroemii,Sphagnum aongstroemii C. Hart.,Sphagnum aongstroemii Hartm.,0,0,0,0,0,0,0,15,0,0,0,0,0,0,0,0,0,0,0,0,0,0,0,0,0,0,0,0,0,0,0,0,0,0,0,0,0,0,0,0,0,0,0,0,0,0,0,0,0,0,0,5,0,0,0,0,0,0,0,0,0,0,0,0,0,0,0,0,0,0,0,0,0,0,0,0,0,0,0,0,0,0,0,0,0,0,0,0,0,0,0,0,0,0,0,0,0,0,0,0,0,0,0,0,0,0,0,0
Sphagnum balticum,Sphagnum balticum (Russ.) C. Jens.,Sphagnum balticum (Russow) C.E.O. Jensen,40,+,0,0,0,0,20,50,5,20,0,0,0,0,0,0,20,5,0,0,0,0,10,0,0,0,0,20,0,0,0,0,0,0,5,20,0,0,0,0,40,0,3,20,15,0,5,40,0,10,20,40,20,0,0,0,0,0,5,10,+,5,5,25,15,10,0,0,0,0,0,0,0,5,0,0,0,10,30,0,0,0,0,0,0,0,20,5,0,0,0,0,0,30,0,0,0,0,0,0,0,20,0,0,30,30,10,0
Sphagnum capillifolium,Sphagnum capillifolium (Ehrh.) Hedw.,Sphagnum capillifolium,0,0,0,0,0,0,5,0,0,0,+,0,0,0,0,0,5,0,0,0,0,0,0,0,40,0,0,0,0,0,0,0,0,0,0,0,0,0,0,0,0,0,0,0,0,0,0,0,0,0,0,0,0,0,0,0,0,0,0,0,0,0,0,0,0,0,0,0,0,0,0,0,0,0,0,0,+,0,0,0,0,0,0,0,30,0,0,0,0,0,0,0,0,0,0,0,0,+,0,0,0,0,0,0,5,0,0,0
Sphagnum crassisetum,Sphagnum squarrosum Crome,Sphagnum lenense,3,0,0,0,2,0,0,0,0,0,0,0,0,0,0,1,0,0,0,0,0,0,5,0,0,0,0,20,0,0,0,0,0,0,0,30,0,0,0,0,5,0,2,0,5,0,10,30,0,0,10,0,10,0,0,0,0,0,0,0,0,25,5,25,5,10,0,0,0,0,0,20,0,5,+,0,0,0,40,0,0,0,0,0,0,0,30,5,0,0,0,0,0,10,0,0,0,0,0,0,0,10,0,0,10,10,10,0
Sphagnum fimbriatum,Sphagnum fimbriatum Wils.,Sphagnum fimbriatum Wilson,0,0,0,0,0,0,0,0,0,0,0,0,30,0,0,0,0,0,0,0,0,0,0,0,0,0,0,0,0,0,0,0,0,0,0,0,0,0,0,0,0,0,0,0,0,0,0,0,0,0,0,0,0,0,0,0,0,0,0,0,0,0,0,0,0,0,0,0,0,0,0,0,0,0,0,0,0,0,0,0,0,0,0,0,0,0,0,0,0,0,0,0,0,0,0,0,0,0,0,0,0,0,0,0,0,0,0,0
Sphagnum girgensohnii,Sphagnum girgensohnii Russ.,Sphagnum girgensohnii Russow,0,0,0,0,0,0,0,0,0,0,0,0,3,0,0,0,0,0,0,0,0,0,0,0,0,0,0,0,0,0,0,0,0,0,0,0,0,0,0,0,0,0,0,0,0,0,0,0,0,0,0,0,0,0,0,0,2,0,0,0,0,0,0,0,0,0,0,0,0,0,0,30,0,0,0,0,0,0,0,0,0,0,0,0,30,0,0,0,0,0,0,0,0,0,0,30,0,0,0,0,0,0,0,0,0,0,0,0
Sphagnum imbricatum,Sphagnum imbricatum Hornsch. ex Russ.,Sphagnum steerei R.E. Andrus (S.imbricatum var arcticum Flatberg),0,0,0,0,0,0,5,0,5,0,0,0,4,0,0,0,0,0,0,0,0,0,20,0,0,0,0,15,0,0,0,0,0,0,0,0,0,0,0,0,0,0,0,0,0,0,0,0,30,50,40,10,10,0,0,0,0,0,0,0,0,0,0,0,0,0,0,0,0,0,0,0,0,0,0,0,0,0,0,0,0,0,0,0,0,0,0,0,0,0,0,0,0,0,15,0,0,0,0,0,0,0,0,0,0,0,0,0
Sphagnum lenense,Sphagnum lenense H. Lindb. ex L.I. Savicz,Sphagnum obtusum Warnst.,0,0,0,0,0,0,0,0,0,0,0,0,0,0,10,0,5,7,30,10,0,0,0,0,0,0,0,0,0,0,0,0,0,0,0,0,0,0,0,0,0,0,0,0,0,0,0,0,0,0,0,0,0,0,0,0,0,0,0,0,0,0,0,0,0,0,0,0,0,0,0,0,0,0,0,0,0,0,0,0,0,0,0,0,0,0,0,0,0,0,0,0,0,0,5,0,0,0,0,0,0,0,0,0,0,0,0,0
Sphagnum obtusum,Sphagnum obtusum Warnst.,Sphagnum riparium Ĺngstr.,0,0,0,0,0,0,0,5,0,0,0,0,0,0,0,0,0,0,0,0,0,0,0,0,0,0,0,0,0,0,0,0,0,0,0,0,0,0,0,0,0,0,0,0,0,0,0,0,0,0,0,0,0,0,0,0,0,0,0,0,0,0,0,0,0,0,0,0,0,0,0,0,0,0,0,0,0,0,0,0,0,0,0,0,0,0,0,0,0,0,0,0,0,0,0,0,0,0,0,0,0,0,0,0,0,0,0,0
Sphagnum riparium,Sphagnum riparium Aongstr.,Sphagnum rubellum Wilson,0,0,0,0,0,0,0,0,0,5,0,0,0,+,0,2,0,0,0,5,0,0,5,0,0,0,0,15,0,0,0,0,0,0,2,10,0,0,0,0,0,0,0,30,0,0,+,0,0,0,10,5,0,0,0,0,0,0,0,0,0,0,0,0,0,0,0,0,0,0,0,30,0,0,0,0,+,0,0,0,0,0,0,20,0,0,0,0,0,0,0,0,0,0,30,20,0,0,0,0,0,0,0,0,5,0,0,0
Sphagnum rubellum,Sphagnum rubellum Wils.,Sphagnum russowii Warnst.,0,0,0,0,0,0,0,0,0,0,0,0,3,0,0,0,0,0,0,0,0,0,0,0,0,0,0,0,0,0,0,0,0,0,0,0,0,0,0,0,0,0,0,20,0,0,0,0,0,0,0,0,0,0,0,0,0,0,0,0,0,0,0,0,0,0,0,0,0,0,0,0,0,10,0,0,0,0,0,0,0,0,0,0,0,0,0,0,0,0,0,0,0,0,0,0,0,0,0,0,0,0,0,0,0,0,0,0
Sphagnum warnstorfii,Sphagnum warnstorfii Russ.,Sphagnum warnstorfii Russow,0,0,0,0,0,0,0,0,0,0,0,0,0,0,0,0,0,0,0,0,0,0,0,0,0,0,0,0,0,0,0,0,0,0,8,0,0,0,0,0,20,0,0,0,0,0,0,0,+,0,+,10,0,0,0,0,0,0,0,0,0,0,0,0,0,0,0,0,0,0,0,0,0,0,0,0,0,0,0,0,0,0,0,0,0,0,0,0,0,0,0,0,0,0,0,0,0,0,0,0,0,+,0,0,0,0,0,0
Stellaria palustris,Stellaria palustris Ehrh. ex Hoffm.,Stellaria palustris Retz.,0,0,0,0,0,0,0,0,0,0,0,0,0,0,0,0,0,0,0,0,0,0,0,0,0,0,0,0,0,0,0,0,0,+,0,0,0,0,0,0,0,0,0,0,0,0,0,0,0,0,0,0,0,0,0,0,0,0,0,0,0,0,0,0,0,0,0,0,+,0,0,0,0,0,0,0,0,0,0,0,0,0,0,0,0,0,0,0,0,0,0,0,0,0,0,0,0,0,0,0,0,0,0,0,0,0,0,0
Stellaria peduncularis,Stellaria longipes taxon peduncularis,Stellaria peduncularis Bunge,0,0,0,0,0,0,0,0,0,0,0,0,0,0,0,0,0,0,0,0,0,0,0,0,0,0,0,0,0,0,0.1,0,+,0,0,0,+,0,0,0,0,+,0,0,0,0,0,0,0,0,0,0,0,0,0,0,0,0,0,0,0,0,0,0,0,0,0,0,0,0,0.01,0,+,0,0.1,0,0,0,0,0.5,0,0,0,0,0,0,0,0,0,0,+,0.1,0.1,0,0,0,0,+,0,0,0,0,0,0,0,0,0,0
Stereocaulon alpinum,Stereocaulon alpinum Laur.,Stereocaulon alpinum,0,0,0,0,0,0,0,0,0,0,0,0,0,0,0,0,0,0,0,0,0,0,0,0,0,0,0,0,0,0,0,0,0,0,0,0,0,+,+,0,0,+,0,0,0,+,0,0,0,0,0,0,0,0,0,0,0,0,0,0,0,0,0,0,0,0,0,0,0,0,0,0,+,0,0,0,0,0,0,0,0,0,+,0,0,0,0,0,0,0,0,0,0,0,0,0,0,0,0,0,0,0,0,0,0,0,0,0
Stereocaulon paschale,Stereocaulon paschale (L.) Hoffm.,Stereocaulon pascale,0,0,0,0,0,0,0,0,0,0,0,0,0,0,0,0,0,0,0,0,0,0,0,0,0,0,0,0,0,0,0,0,0,0,0,0,0,0,0,0,0,0,0,0,0,0,0,0,0,0,0,0,0,0,0,0,0,0,0,0,0,0,0,0,0,0,0,0,0,0,0,0,+,0,0,0,0,0,0,0,0,0,0,0,0,0,0,0,0,0,0,0,0,0,0,0,0,+,0,0,0,0,0,0,0,0,0,0
Straminergon stramineum,Calliergon stramineum (Dicks. ex Brid.) Kindb.,Straminergon stramineum =Calliergon stramineum,0,0,0,0,0,0,0,0,0,0,0,0,0,0,15,0,0,0,0,0,0,0,0,0,0,0,0,0,0,0,0,0,0,0,0,0,0,0,0,0,0,0,0,0,0,0,0,0,2,0,0,0,0,0,0,0,0,0,0,0,0,0,0,0,0,0,0,0,0,0,0,0,0,0,15,0,0,0,0,0,0,0,0,0,0,0,0,0,0,0,0,0,0,0,+,0,20,0,0,0,0,0,0,0,0,0,0,0
Tanacetum bipinnatum,Tanacetum bipinnatum (L.) Sch.Bip.,Tanacetum bipinnatum (L.) Sch.Bip.,0,0,0,0,0,0,0,0,0,0,0,+,0,0,0,0,0,0,0,0,0,0,0,0,0,0,0,0,0,3,1,0,0,0,0,0,0,0,2,2,0,0,0,0,0,0,0,0,0,0,0,0,0,0,0,0,+,0,0,0,0,0,0,0,0,0,0,1,0,1,0,0,0,0,0,0,0,0,0,0,0,0,0,0,0,0,0,0,0.5,0,0,0,0,0,0,0,0,0,0,0,0,0,0,0,0,0,0,0
Tayloria species,Tayloria species,Tayloria sp.,0,0,0,0,0,0,0,0,0,0,0,0,0,0,0,0,0,0,0,0,0,0,0,0,0,0,0,0,0,0,0,0,0,0,0,0,0,0,0,0,0,0,0,0,0,0,0,0,0,0,0,0,0,0,0,0,0,0,0,0,0,0,0,0,0,0,0,0,0,0,0,0,0,+,0,0,0,0,0,0,0,0,0,0,0,0,0,0,0,0,0,0,0,0,0,0,0,0,0,0,0,0,0,0,0,0,0,0
Thamnolia vermicularis s. vermicularis,Thamnolia vermicularis s. vermicularis (Sw.) Schaer.,Thamnolia vermicularis,+,+,0,+,0,+,+,+,0,+,0,0,0,+,0,0,0,0,0,1,0,+,+,0,+,0,0,0,+,0,0,0,0,0,0,+,2,2,0,0,0,+,0,+,+,+,0,0,0,0,0,0,+,0,2,+,0,1,+,2,0,1,0,0,0,+,+,0,0,1,+,0,0,+,0,0,1,0,+,+,2,1,1,+,0,0,1,0,+,+,+,0,0,0,0,0,0,0,0,0,0,0,0,0,0,0,0,0
Tofieldia coccinea,Tofieldia coccinea Richardson,Tofieldia coccinea Richards.,0,0,0,0,0,0,0,0,0,0,0,+,0,0,0,0,0,0,0,0,0,0,0,0,0,1,0,0,+,0,+,0,0,0,0,0,+,0.1,1,0,0,0.01,0,0,0,0,0,0,0,0,0,0,0,0,+,0,0,0,0,0,0,0,0,0,0,0,0,0,0.1,+,1,0,0,0,0,0,0,0,0,0,0,0,0.1,0,0,0,0,0,0.1,0,0.1,0,0,0,0,0,0,0,0,0,0.1,0,0,0,0,0,0,0.1
Tomentypnum nitens,Tomentypnum nitens (Hedw.) Loeske,Tomentypnum nitens (Hedw.) Loeske,0,0,0,0,0,0,0,0,0,0,0,0,0,0,0,0,0,0,0,0,0,0,0,0,0,0,0,0,0,0,0,20,0,0,0,0,0,0,0,0,0,5,0,0,+,0,0,0,+,0,0,0,0,0,0,0,0,0,0,0,0,0,0,0,0,0,0,0,0,0,1,0,0,0,0,0,0,0,0,0,0,0,0,+,0,0,0,0,0,0,0,0,0,0,0,0,3,0,+,0,0,0,0,0,0,0,0,0
Trisetum spicatum,Trisetum spicatum (L.) K. Richt.,Trisetum spicatum (L.) K.Richt.,0,0,0,0,0,0,0,0,0,0,0,0,0,0,0,0,0,0,0,0,0,0,0,0,0,0,0,0,0,0,1,0,0,0,0,0,0,0,0,0,0,0,0,0,0,0,0,0,0,0,0,0,0,0,0,0,0,0,0,0,0,0,0,0,0,0,0,0,0,0,0,0,0,0,0,0,0,0,0,0.1,0,0,0,0,0,0,0,0,+,0,0,0,0,0,0,0,0,0,0,0,0,0,0,0,0,0,0,0
Trollius asiaticus,Trollius x apertus Perfil. ex Igoschina,Trollius asiaticus L.,0,0,0,0,0,0,0,0,0,0,0,0,0,0,0,0,0,0,0,0,0,0,0,0,0,0,0,0,0,0,0,+,0,0,0,0,0,0,0,0,0,0,0,0,0,0,0,0,0,0,0,0,0,0,0,0,0,0,0,0,0,0,0,0,0,0,0,0,0,0,0,0,0,0,0,0,0,0,0,0,0,0,0,0,0,0,0,0,0,0,0,0,0,0,0,0,0,0,0,0,0,0,0,0,0,0,0,0
Unknown liverwort,Unknown liverwort,Hepaticae,0,0,0,0,0,5,+,+,0,+,0,0,+,0,0,5,0,0,0,0,+,0,+,0,+,+,0,0,+,0,0,0,0,0,+,0,+,0,5,0,0,0,0,+,+,0,+,+,0,+,0,0,0,+,10,+,0,+,5,+,0,0,+,+,10,0,0,0,0,0,0,0,0,0,0,0,0,+,0,0,0,0,0,0,0,0,+,0,0,0,+,0,0,0,0,0,+,0,0,0,+,0,+,20,0,+,40,40
Vaccinium uliginosum s. microphyllum,Vaccinium uliginosum s. microphyllum (Lange) Tolm.,Vaccinium uliginosum/microphyllum Lange,1,2,0,0.5,0,0.1,0,0.5,0,0.1,1,12,0,0,0,1,0,0,0,1,0,1,3,0,2,5,0,0.2,0,0,1,0,0,0,0.5,0,1,1,2,2,0,1,2,1,0,5,1,+,0,0,0,1,0,+,1,1,0,2,2,0,+,+,+,+,0,+,1,0,0.1,+,2,1,3,1,0,0,5,0,0,+,5,2,3,15,2,0,1,0,5,0,3,0,0,5,0,1,0,1,1,10,1,1,1,5,2,1,5,2
Vaccinium vitis-idaea s. minus,Vaccinium vitis-idaea s. minus (Lodd.) Hult?n,Vaccinium vitis-idaea/minus (Lodd.) Hult.,2,0,0,2,0,3,0,2,0,3,1,1,0,3,0,4,0,0,0,30,0,2,1,0,0,3,0,0,1,0,2,0,0,0,1,1,1,1,1,2,0,3,1,10,10,1,3,2,0,0,0,0,20,5,1,3,0,10,10,15,5,3,5,1,2,15,5,0,0,+,15,3,1,3,0,0,0,2,0,0,5,10,10,5,0,1,3,0,0,0,1,0,0,5,0,5,0,30,5,3,3,5,15,3,0,5,0,5
Valeriana capitata,Valeriana capitata Pall. ex Link,Valeriana capitata Pall. ex Link,0,0,0,0,0,0,0,0,0,0,0,0,0,0,0,0,0,0,0,0,0,0,0,0,0,0,0,0,0,0,+,0.1,0.1,0,0,0,0,0,0,0,0,0,0,0,0,0,0,0,0,0,0,0,0,0,0,0,0,0,0,0,0,0,0,0,0,0,0,0,0,0,0.1,0,0.1,0,0,0,0,0,0,0,0,0,0,0,0,0,0,0,0,0,0,0,0,0,0,0,0,0.1,0,0,0,0,0,0,0,0,0,0
Veratrum lobelianum v. misae,Veratrum album s. misae (Sirj.) Tzvelev,Veratrum lobelianum/misae Sirjaev,0,0,0,0,0,0,0,0,0,0,0,0,0,0,0,0,0,0,0,0,0,0,0,0,0,0,0,0,0,0,0,0,0,0,0,0,0,0,0.1,0,0,0,0,0,0,0,0,0,0,0,0,0,0,0,0,0,0,0,0,0,0,0,0,0,0,0,0,0.5,0,0,0,0,0,0,0,0,0,0,0,0,0,0,0,0,0,0,0,0,0,0,0,0,0,0,0,0,0,0,0,0,0,0,0,0,0,0,0,0
Vicia cracca,Vicia cracca L.,Vicia cracca,0,0,0,0,0,0,0,0,0,0,0,0,0,0,0,0,0,0,0,0,0,0,0,0,0,0,0,0,0,0,+,0,0,0,0,0,0,0,0,0,0,0,0,0,0,0,0,0,0,0,0,0,0,0,0,0,0,0,0,0,0,0,0,0,0,0,0,0.01,0,0,0,0,0,0,0,0,0,0,0,0,0,0,0,0,0,0,0,0,0,0,0,0,0,0,0,0,0,0,0,0,0,0,0,0,0,0,0,0
Viola epipsiloides,Viola epipsila s. repens (Turcz. ex Trautv. & C.A. Mey.) W. Becker,Viola epipsiloides Love et D. Love,0,0,0,0,0,0,0,0,0,0,0,0,0,0,0,0,0,0,0,0,0,0,0,0,0,0,0,0,0,0,0,0,0,0,0,0,0,0,0,0,0,0,0,0,0,0,0,0,0,0,0,0,0,0,0,0,+,0,0,0,0,0,0,0,0,0,0,0,0,0,0,0,0,0,0,0,0,0,0,0,0,0,0,0,0,0,0,0,0,0,0,0,0,0,0,0,0,0,0,0,0,0,0,0,0,0,0,0
Warnstorfia exannulata,Warnstorfia exannulata (Schimp.) Loeske,Warnstorfia exannulata,0,0,15,0,4,0,+,0,1,0,0,0,+,0,30,0,0,0,10,0,0,0,0,0,0,0,0,0,0,0,0,0,0,0,0,0,0,0,0,0,0,0,0,0,0,0,0,0,5,0,0,0,0,0,0,0,2,0,0,0,0,0,0,0,0,0,0,0,0,0,0,0,0,0,10,0,0,0,0,0,0,0,0,0,0,0,0,10,0,0,0,0,0,0,+,0,0,0,0,0,0,0,0,0,0,5,0,0
Warnstorfia fluitans,Warnstorfia fluitans (Hedw.) Loeske,Warnstorfia fluitans,0,0,0,0,0,0,0,0,0,0,0,0,10,0,0,0,0,0,0,0,0,0,0,0,0,0,0,0,0,0,0,0,0,0,0,0,0,0,0,0,0,0,0,0,0,0,0,0,0,0,0,0,0,0,0,0,0,0,0,0,0,0,0,0,0,0,0,0,0,0,0,0,0,0,0,0,0,0,0,0,0,0,0,0,0,0,0,0,0,0,0,0,0,0,0,0,0,0,0,0,0,0,0,0,0,0,0,0
Warnstorfia sarmentosa,Warnstorfia sarmentosa (Wahlenb.) Hedenas,Warnstorfia sarmentosa =Calliergon sarmentosum (old name),0,0,5,0,0,0,0,0,0,0,0,0,0,0,0,0,0,0,0,0,0,0,0,0,0,0,0,0,0,0,0,0,0,0,0,0,0,0,0,0,0,0,0,0,0,0,0,0,0,0,0,0,0,0,0,0,0,0,0,0,0,0,0,0,0,0,0,0,0,0,0,0,0,0,0,0,0,0,0,0,0,0,0,0,0,0,0,0,0,0,0,0,0,0,0,0,0,0,0,0,0,0,0,0,0,+,0,0
