AVARU_G4_Parisento_lake_olkhitun_2017_species_data,,,,,,,,,,,,,,,,,,,,,,,,,,,,,,,,,,,,,,,,,,,,,,,,,,,,,,,,,,,,,,,,,,,,,,,,,,,,,,,,,,,,,,,,,,,,,,,,,,,,,,,,,,,,,,,,,,,,,,,,,,,
Dataset Title: Russian Arctic Vegetation Archive: Parisento lake (G4) Vegetation Plots,,,,,,,,,,,,,,,,,,,,,,,,,,,,,,,,,,,,,,,,,,,,,,,,,,,,,,,,,,,,,,,,,,,,,,,,,,,,,,,,,,,,,,,,,,,,,,,,,,,,,,,,,,,,,,,,,,,,,,,,,,,
Dataset Author: Olga Khitun,,,,,,,,,,,,,,,,,,,,,,,,,,,,,,,,,,,,,,,,,,,,,,,,,,,,,,,,,,,,,,,,,,,,,,,,,,,,,,,,,,,,,,,,,,,,,,,,,,,,,,,,,,,,,,,,,,,,,,,,,,,
"Dataset Reference: Telyatnikov, M.Yu., Khitun. O.V., Chernyadyeva. I.V., Kuzmina, E.Yu. & Ermokhina, K.A. (2021). Novyye dannyye o rastitelnosti dvukh rayonov yuzhnoy chasti podzony tipichnykh tundr Gydanskogo poluostrova [New vegetation data of two areas located in southern part of Gydan peninsula typical tundra]. Turczaninowia, 24(3), 5–23. https://doi.org/10.14258/turczaninowia.24.3.1.",,,,,,,,,,,,,,,,,,,,,,,,,,,,,,,,,,,,,,,,,,,,,,,,,,,,,,,,,,,,,,,,,,,,,,,,,,,,,,,,,,,,,,,,,,,,,,,,,,,,,,,,,,,,,,,,,,,,,,,,,,,
Dataset Table: Modified Species Cover Data for Parisento lake (G4) ,,,,,,,,,,,,,,,,,,,,,,,,,,,,,,,,,,,,,,,,,,,,,,,,,,,,,,,,,,,,,,,,,,,,,,,,,,,,,,,,,,,,,,,,,,,,,,,,,,,,,,,,,,,,,,,,,,,,,,,,,,,
"Dataset Notes: Percentage species cover scale is used for vascular plants and bryophytes. Braun-Blanquet cover-abundance scale is used for lichens: r (rare), + (common, but less than 1 percent), 1 (1 to 5 percent), 2 (6 to 25 percent), 3 (26 to 50 percent), 4 (51 to 75 percent), and 5 (76 to 100 percent). Taxa are listed in alphabetical order. Both the dataset author determinations and the current nomenclature according to the Panarctic Species List (PASL) are listed.",,,,,,,,,,,,,,,,,,,,,,,,,,,,,,,,,,,,,,,,,,,,,,,,,,,,,,,,,,,,,,,,,,,,,,,,,,,,,,,,,,,,,,,,,,,,,,,,,,,,,,,,,,,,,,,,,,,,,,,,,,,
,,,,,,,,,,,,,,,,,,,,,,,,,,,,,,,,,,,,,,,,,,,,,,,,,,,,,,,,,,,,,,,,,,,,,,,,,,,,,,,,,,,,,,,,,,,,,,,,,,,,,,,,,,,,,,,,,,,,,,,,,,,
,,AUTHOR PLOT NUMBER,G4-105,G4-106,G4-107,G4-108,G4-109,G4-110,G4-111,G4-112,G4-113,G4-114,G4-115,G4-116,G4-117,G4-118,G4-119,G4-120,G4-121,G4-122,G4-123,G4-124,G4-125,G4-126,G4-127,G4-128,G4-129,G4-130,G4-131,G4-132,G4-133,G4-134,G4-135,G4-136,G4-137,G4-138,G4-139,G4-140,G4-141,G4-142,G4-143,G4-144,G4-145,G4-146,G4-147,G4-148,G4-149,G4-150,G4-151,G4-152,G4-153,G4-154,G4-154A,G4-155,G4-155A,G4-156,G4-157,G4-158,G4-159,G4-160,G4-161,G4-162,G4-163,G4-164,G4-165,G4-166,G4-167,G4-167A,G4-168,G4-169,G4-170,G4-171,G4-172,G4-173,G4-174,G4-175,G4-176,G4-177,G4-178,G4-179,G4-180,G4-181,G4-182,G4-183,G4-184,G4-185,G4-186,G4-187,G4-188,G4-189,G4-190,G4-191,G4-192,G4-193,G4-194,G4-195,G4-195A,G4-196,G4-197,G4-198,G4-199,G4-200,G4-201,G4-202,G4-203,G4-204,G4-205,G4-206,G4-207,G4-208,G4-209,G4-210,G4-211,G4-212,G4-213,G4-214,G4-215,G4-216,G4-217,G4-218,G4-219,G4-220,G4-221
,,TURBOVEG PLOT NUMBER,,,,,,,,,,,,,,,,,,,,,,,,,,,,,,,,,,,,,,,,,,,,,,,,,,,,,,,,,,,,,,,,,,,,,,,,,,,,,,,,,,,,,,,,,,,,,,,,,,,,,,,,,,,,,,,,,,,,,,,,,
PASL TAXON SCIENTIFIC NAME NO AUTHOR(S),PASL TAXON SCIENTIFIC NAME WITH AUTHOR(S),DATASET TAXON,,,,,,,,,,,,,,,,,,,,,,,,,,,,,,,,,,,,,,,,,,,,,,,,,,,,,,,,,,,,,,,,,,,,,,,,,,,,,,,,,,,,,,,,,,,,,,,,,,,,,,,,,,,,,,,,,,,,,,,,,
Alectoria ochroleuca,Alectoria ochroleuca (Hoffm.) Massal.,Alectoria ochroleuca,0,0,0,1,+,+,2,+,2,1,1,0,0,0,0,0,+,+,0,0,1,0,0,0,1,0,0,0,0,1,0,1,0,0,0,0,0,+,0,0,0,0,0,+,0,0,0,+,0,0,0,0,0,0,0,0,0,0,0,0,0,0,0,0,0,0,0,0,0,0,0,0,0,0,0,0,0,0,0,0,0,0,0,0,0,0,0,0,0,0,0,0,+,0,0,0,0,0,0,0,0,0,+,0,0,0,0,0,0,0,0,0,0,0,0,+,0,0,0,0,0
Alopecurus alpinus s. borealis,Alopecurus borealis Trin.,Alopecurus alpinus/borealis (Trin.) Jurtz.,0,0,0,0,0,0,0,0,0,0,0,0,0,0,0,0,0,0,0,0,0,0,0,0,0,0,0,0,0,0,0,0,0,0,0,0,0,0,0,0,0,1,0.1,0,0,0,0,+,0,0,0,0,0,0,0,0,0,0,0,1,0,0,0,0,0,0,0,0,0,0,0,0,0,0,0,0,0,0,0,0,0,0,0,0,0,0,0,0,0,0,0,0,0,0,0,0,0,0,0,0,0,0,+,0,0,+,+,0,+,+,0,0,0,0,0,0,0,0,0,0,0
Anastrophyllum minutum,Sphenolobus minutus (Schreb.) Berggr.,Anastrophyllum minutum,0,0,0,0,2,0,+,0,0,0,0,0,0,0,+,0,+,0,0,0,+,0,0,+,0,+,0,0,0,0,0,+,+,+,+,0,0,0,+,0,+,+,+,0,+,+,+,+,0,+,0,+,0,0,+,0,0,0,+,+,0,+,0,0,0,0,0,0,0,0,+,+,0,0,+,0,0,0,0,0,0,0,0,0,0,0,0,0,0,0,0,0,0,0,0,0,0,0,0,0,5,0,0,+,0,0,0,0,0,0,0,0,0,0,0,0,0,0,0,0,0
Andromeda polifolia s. pumila,Andromeda polifolia s. pumila V.M. Vinogr.,Andromeda polifolia/pumila V.Vinogr.,0,0,0,0,1,10,0,0,0,1,0,1,1,0,2,0.5,0,0,10,15,0,1,15,0,0,0,0,0,0,0,0,0,0,0,0,0,0,0,1,5,0.1,0,0,0,0,0,0,0,0,1,0,0,0,1,0,0,0,0,0,0,0,0,0,0,0,0,0,0,0,0,0,0,0,0,0,0,0,0,0,0,0,0,5,0,0,0,0,1,0,0,0,0,0,0,0,+,0,0,0,0,0,1,0,0,0,0,0,0,0,0,2,2,0,+,0,0,1,2,1,1,0
Antennaria carpatica v. laestadiana,Antennaria villifera Boriss.,Antennaria villifera Boriss.,0,0,0.1,0,0,0,0,0,0,0,0,0,0,0,0,0,0,0,0,0,0,0,0,0,0,0.1,0,0,+,+,0,0,0,0,0,0,+,0,0,0,0,0,0,0,0,0,0,0,0,0,0,0,0,0,0,0,0,0,0,0,0,0,0,0,0,0,0,0,0,0,0,0,0,0,0,0,0,0,0,0,0,0,0,0,0,0,0,0,0,0,0,0,0,0,0,0,0,0,0,0,0,0,0,0.1,0,0,0,0,+,+,0,0,0,0,0,0,0,0,0,0,0
Arabis septentrionalis,Arabidopsis petraea s. septentrionalis (N. Busch) Elven & D.F. Murray,Arabis septentrionalis N.Busch,0,0,0,0,0,0,0,0,0,0,0,0,0,0,0,0,0,0,0,0,0,0,0,0,0,0,0,0,0,0,0,0,0,0,0,0,0,0,0,0,0,+,0,0,0,0,0,0,0,0,0,0,0,0,0,0,0,0,0,0,0,0,0,0,0,0,0,0,0,0,0,0,0,0,0,0,0,0,0,0,0,0,0,0,0,0,0,0,0,0,0,0,0,0,0,0,0,0,0,0,0,0,0,0,0,0,0,0,0,0,0,0,0,0,0,0,0,0,0,0,0
Arctagrostis latifolia,Arctagrostis latifolia (R. Br.) Griseb.,Arctagrostis latifolia (R.Br.) Griseb.,0,0,0,0.1,0,0,0,0,0,0,0,0.5,0,0,0,0,0,0,0,0,0,0,0,0,0,0,0,0,0,0,1,1,0,0,0,0,0,0,0,0,0,1,0,1,0,0,+,5,1,1,0,0,0,0,0,0,0,0,0,1,0,1,0,0,0,0,0,0,0,0,0,0,0,1,0,1,0,1,0,1,0,0,0,0,0,0,0,0,0,0,0,1,0,0,0,0,0,0,0,0,0,0,0,0,0,0,0,0,0,+,0,0,0,0,0,0,0,0,0,0,1
Arctocetraria andrejevii,Arctocetraria andrejevii (Oxner) K?rnefelt & Thell,Arctocetraria andreevi,0,0,0,0,0,0,0,+,0,+,+,0,0,+,+,0,+,0,0,0,0,0,0,0,0,0,0,0,+,0,0,0,0,0,+,0,0,+,0,0,0,0,0,0,0,0,1,0,0,0,0,0,0,0,+,0,0,0,+,0,0,+,0,0,0,0,0,0,0,0,0,0,0,0,0,0,0,+,0,0,0,0,0,0,0,0,0,0,0,0,0,0,0,0,0,0,0,0,0,0,0,0,0,0,0,0,0,0,0,0,0,0,0,0,0,0,0,0,0,0,0
Arctophila fulva,Arctophila fulva (Trin.) Andersson,Arctophila fulva (Trin.) Anderss.,0,0,0,0,0,0,0,0,0,0,0,0,0,0,0,0,0,0,0,0,0,0,0,0,0,0,0,0,0,0,0,0,0,0,0,0,0,0,0,0,0,0,0,0,0,0,0,0,0,0,0,0,0,0,0,0,0,0,0,0,0,0,0,2,0,0,0,0,0,0,0,0,0,0,0,0,0,0,0,0,0,0,0,0,0,0,0,0,0,0,0,0,0,0,0,0,0,0,0,0,0,0,0,0,0,0,0,0,0,0,0,0,0,0,0,0,0,0,0,0,0
Arctous alpina,Arctous alpina (L.) Nied.,Arctous alpina (L.) Nieden.,0,0,15,1,0,0,0,0,1,0,0,0,0,0,0,0,0.01,0,0,0,0,0,0,0,0,0,5,0,0,0.1,0.1,0.1,1,0,0,0,0,+,0,0,0,0,0,0,0,0,0,0,0,0,0,0,0,0,0,5,0,0,0,0,0,0,0,0,0,0,0,0,0,0,0,0,0,0,0,0,0,0,0,0,0,0,0,0,0,0,0,0,0,0,0,0,0,0,0,0,0,0,0,0,0,0,1,1,0,0,+,0,0,2,0,0,0,0,0,0,0,0,0,0,0
Armeria scabra,Armeria scabra Pall. ex Roem. & Schult.,Armeria scabra Pall. ex Roem. et Schult.,0,0,0.1,0,0,0,0,0,0,0,0,0,0,0,0,0.01,0,0,0,0,0,0,0,0,0,0,0.01,0,0,+,0.1,0,0,0,0,0,0,0,0,0,0,0,0,0,0,0,0,0,0,0,0,0,0,0,0,0,0,0,0,0,0,0,0,0,0,0,0,0,0,0,0,0,0,0,0,0,0,0,0,0,0,0,0,0,0,0,0,0,0,0,0,0,0,0,0,0,0,0,0,0,0,0,0,0,0,0,+,+,0,0,0,0,0,0,0,0,0,0,0,0,0
Artemisia tilesii,Artemisia tilesii Ledeb.,Artemisia tilesii Ledeb.,0,0,0,0,0,0,0,0,0,0,0,0,0,0,0,0,0,0,0,0,0,0,0,0,0,0.1,0,0,0,0,0,0,0,0,0,0,0,0,0,0,0,+,0,0,0,0,0,0,0,0,0,0,0,0,0,0,0,0,0,0,0,0,0,+,0,0,0,0,0,0,0,0,0,0,0,0,0,0,+,0,0,0,0,0,0,0,0,0,0,0,0,0,0,0,0,0,0,0,0,0,0,0,0,0,0,0,0,0,+,0,0,0,0,0,0,0,0,0,0,0,0
Arthrorhaphis alpina,Arthrorhaphis alpina (Schaer.) R. Sant.,Arthrorhaphis  alpina,0,0,0,0,0,0,0,0,0,0,0,0,0,0,0,0,+,0,0,0,0,0,0,0,0,0,+,0,0,0,0,0,0,0,0,0,0,0,0,0,0,0,0,0,0,0,0,0,0,0,0,0,0,0,0,0,0,0,0,0,0,0,0,0,0,0,0,0,0,0,0,0,0,0,0,0,0,0,0,0,0,0,0,0,0,0,0,0,0,0,0,0,0,0,0,0,0,0,0,0,0,0,0,0,0,0,0,0,0,0,0,0,0,0,0,0,0,0,0,0,0
Asahinea chrysantha,Asahinea chrysantha (Tuck.) Culb & C.Culb.,Asachineja chrysantha,0,0,0,+,+,0,+,1,+,+,0,0,0,0,0,0,0,0,0,0,+,0,0,0,0,0,+,0,0,0,0,+,+,0,0,0,0,0,0,0,0,0,+,0,0,0,0,0,0,0,0,0,0,0,0,0,0,0,0,0,0,0,0,0,0,0,0,0,0,0,0,0,0,0,0,0,0,0,0,0,0,0,0,0,0,0,0,0,0,0,0,0,0,0,0,0,0,0,0,0,0,0,0,0,0,0,0,0,0,0,0,0,0,0,0,0,0,0,0,0,0
Astragalus alpinus s. arcticus,Astragalus alpinus v. arcticus (Sond?n) Lindm.,Astragalus alpinus/arcticus Lindm.,0,0,0,0,0,0,0,0,0,0,0,0,0,0,0,0,0,0,0,0,0,0,0,0,0,0,0,0,0,0,0,0,0,0,0,0,0,0,0,0,0,0,0,0,0,0,0,0,0,0,0,0,0,0,0,0,0,0,0,0,0,0,0,0,0,0,0,0,0,0,0,0,0,0,0,0,0,0,0,0,0,0,0,0,0,0,0,0,0,0,0,0,0,0,0,0,0,0,0,0,0,0,0,0,0,1,2,0,+,3,0,0,0,0,0,2,0,0,0,0,0
Aulacomnium palustre,Aulacomnium palustre (Hedw.) Schwaegr.,Aulacomnium palustre (Hedw.) Schwägr.,0,10,0,0,0,0,0,0,0,2,+,0,0,0,0,0,0,0,0,2,+,0,1,+,0,0,0,0,0,0,0,0,0,0,+,+,0,0,+,0,+,0,5,5,0,1,0,0,0,1,0,0,1,2,+,+,+,10,0,0,20,20,+,2,0,0,0,0,0,20,5,3,0,0,+,10,0,0,10,15,+,+,+,+,0,0,15,15,0,0,+,5,+,0,10,+,0,5,0,+,0,0,+,0,0,0,0,0,0,0,0,5,0,0,5,0,0,0,0,0,0
Aulacomnium turgidum,Aulacomnium turgidum (Wahlenb.) Schwaegr.,Aulacomnium turgidum (Wahlenb.) Schwägr.,0,+,+,1,1,0,+,0,0,+,2,0,0,1,+,0,15,15,10,+,+,0,+,5,+,4,0,0,+,0,+,5,5,5,0,0,2,+,0,0,+,+,+,+,+,+,30,10,0,2,0,0,0,0,+,+,0,0,+,10,+,0,20,0,0,0,0,0,0,0,+,0,+,+,+,0,5,0,0,0,0,0,0,0,0,0,5,0,0,0,+,+,10,0,0,+,+,0,10,+,5,10,2,2,0,10,20,0,+,+,0,0,0,0,0,5,0,0,0,0,10
Betula nana,Betula nana L.,Betula nana L.,0,1,10,3,1,15,3,15,8,1,15,1,15,58,2,1,50,1,5,18,10,5,2,1,3,5,1,0,0.5,20,3,15,2,30,0,0,0,30,10,70,0,0.2,3,0.1,20,0,40,5,20,15,2,0,1,0,10,0,0,5,10,30,5,30,60,0,0,0,0,0,0,1,80,50,50,40,5,40,+,60,1,30,3,1,5,0,0,0,3,1,0,0,80,50,10,90,1,5,5,60,5,1,1,1,15,30,+,3,3,0,2,2,2,20,35,15,40,+,5,8,1,2,25
Brachythecium species,Brachythecium species,Brachythecium sp.,0,+,0,0,0,0,0,0,0,0,0,0,0,0,0,0,0,0,0,0,0,0,0,0,0,0,0,0,0,0,0,0,0,0,0,0,0,0,0,0,0,0,0,0,0,+,0,0,0,0,0,0,0,0,0,0,0,0,0,0,0,0,0,+,0,+,0,0,0,0,0,0,0,0,0,0,0,0,0,0,0,0,0,0,0,0,0,0,0,0,0,0,0,0,0,0,0,0,0,0,0,0,0,0,0,+,0,0,0,0,0,0,0,0,0,0,0,0,0,0,0
Brachythecium turgidum,Brachythecium turgidum (C.J. Hart.) Kindb.,Brachythecium turgidum,0,0,0,0,0,0,0,0,0,0,0,0,0,0,0,0,0,0,0,0,0,0,0,0,0,0,0,0,0,0,0,0,0,0,0,0,0,0,0,0,0,0,0,0,0,0,0,0,0,0,0,0,0,0,0,0,0,0,0,0,0,0,0,0,0,0,0,0,+,0,0,0,0,0,0,0,0,0,+,0,0,0,0,0,0,0,0,0,0,0,0,0,0,0,0,0,0,0,0,0,0,0,0,0,0,0,0,0,+,+,0,0,0,0,0,0,0,0,0,0,0
Bryocaulon divergens,Bryocaulon divergens (Ach.) K?rnefelt,Bryocaulon divergens,0,0,0,+,+,+,+,3,1,0,+,0,0,0,0,0,+,0,0,0,3,0,0,0,1,0,+,0,0,1,0,+,2,0,0,0,0,1,+,0,0,0,2,+,0,0,0,+,0,+,0,+,0,0,+,0,0,0,+,+,0,0,0,0,0,0,0,0,0,0,0,0,0,0,+,+,0,0,0,0,0,0,0,0,0,0,0,0,0,0,0,0,0,0,0,0,0,0,0,0,0,+,1,0,0,+,+,0,0,0,0,0,0,0,0,+,0,0,0,0,1
Bryoria nitidula,Bryoria nitidula (Th. Fr.) Brodo & Hawksw.,Bryoria nitidula,0,0,0,+,+,0,0,0,0,0,+,0,0,0,0,0,+,0,0,0,+,0,0,0,+,0,0,0,0,0,0,+,0,0,0,0,0,0,0,0,0,0,+,+,0,0,0,+,0,+,0,0,0,0,0,0,0,0,0,+,0,0,0,0,0,0,0,0,0,0,0,0,0,0,+,0,0,0,0,0,0,0,0,0,0,0,0,0,0,0,0,0,0,0,0,0,0,0,0,0,0,0,+,0,0,0,0,0,0,0,0,0,0,0,0,0,0,0,0,0,+
Bryum pseudotriquetrum,"Bryum pseudotriquetrum (Hedw.) P.G. Gaertn., B. Mey. & Scherb.",Bryum pseudotriquetrum,0,0,0,0,0,0,0,0,0,0,0,0,0,0,0,0,0,0,0,0,0,0,0,0,0,0,0,0,0,0,0,0,0,0,0,0,0,0,0,0,0,0,0,0,0,0,0,0,0,0,0,0,0,0,0,0,0,0,0,0,0,0,0,2,0,0,+,0,1,1,0,0,0,0,0,0,0,0,+,0,0,0,0,0,0,0,0,0,0,0,0,0,0,0,0,0,0,0,0,0,0,0,0,0,0,0,0,0,+,0,0,0,0,0,0,0,0,0,0,0,0
Bryum species,Bryum species,Bryum sp.,0,0,0,0,0,0,0,0,0,0,0,0,0,0,0,0,0,0,0,0,0,0,0,0,0,0,0,0,0,0,0,0,0,0,0,0,0,0,0,0,0,0,0,0,0,0,0,0,0,0,0,0,0,0,0,0,0,0,0,0,0,0,0,0,0,0,0,0,0,0,0,0,0,0,0,0,0,0,+,0,0,0,0,0,0,0,0,0,0,0,0,0,0,0,0,0,0,0,0,0,0,0,0,0,0,0,0,0,+,0,0,0,0,0,0,0,0,0,0,0,0
Calamagrostis holmii,Calamagrostis holmii Lange,Calamagrostis holmii Lange,0,0,2,0.1,0,0,0,0,0,0,0,1,0,1,0.1,0,1,0,0,0,0,0,0,0,0.5,1,0.5,0,0,1,1,0,0,1,0,0,0,0,0,0,0,1,1,1,0,0,1,10,0,1,+,+,0,0,0,3,0,1,0,30,0,1,1,0,0,0,0,0,0,0,0,1,1,10,+,3,0,10,+,10,0,0,1,0,0,0,0,0,0,0,2,1,0,+,+,0,0,0,0,0,0,1,+,+,0,15,15,0,0,0,0,0,1,1,2,2,0,0,0,0,1
Calamagrostis lapponica,Calamagrostis lapponica (Wahlenb.) Hartm.,Calamagrostis lapponica (Wahlenb.) C.Hartm.,0,0,0,0,0,0,0,0,0,0,0,0,0,0,0,0,0,0,0,0,0,0,0,0,+,0,0,0,0,+,0,0,0,0,0,0,0,+,0,0,0,+,0,0,0,0,+,0,0,0,0,0,0,0,0,0,0,0,+,+,0,0,0,0,0,0,0,0,0,0,0,0,0,0,0,0,0,0,0,0,0,0,0,0,0,0,0,0,0,0,0,0,0,0,0,0,0,0,0,0,0,0,0,0,0,0,0,0,0,+,0,0,0,0,0,1,0,0,0,0,0
Calamagrostis neglecta s. neglecta,"Calamagrostis neglecta s. neglecta (Ehrh.) P. Gaertn., B. Mey. & Scherb.",Calamagrostis neglecta/neglecta,1,0.1,0,0,0,0,0,0,0,0,0,0,0,0,0,3,0,0,0,0,0,0,0,0,0,0,0,0,0,0,0,0,0,0,0,0,1,+,0,0,0,+,0,0,0,0,0,0,0,0,0,0,0,0,0,0,1,0,1,0,0,0,0,5,1,1,0,0,1,0,0,0,0,0,0,0,0,+,0,0,0,0,0,0,0,0,0,0,0,0,0,0,0,0,0,0,0,0,+,0,0,0,0,2,0,0,0,0,1,+,0,0,0,0,0,+,0,0,0,+,+
Calliergon cordifolium,Calliergon cordifolium (Hedw.) Kindb.,Calliergon cordifolium,0,2,0,0,0,0,0,0,0,0,0,0,0,0,0,0,0,0,0,0,0,0,0,0,0,0,0,0,0,0,0,0,0,0,0,+,0,0,0,0,0,0,0,0,0,0,0,0,0,0,0,0,0,0,0,0,2,0,0,0,0,0,0,+,+,+,5,+,5,0,0,0,0,0,0,0,0,0,0,0,0,0,0,0,0,0,0,0,0,0,0,0,0,0,0,0,0,0,0,0,0,0,0,0,+,0,0,0,0,0,0,0,0,+,0,0,0,0,0,0,0
Calliergon richardsonii,Calliergon richardsonii (Mitt.) Kindb.,Calliergon richardsonii (Mitt.) Kindb.,0,0,0,0,0,0,0,0,0,0,0,0,0,0,0,0,0,0,0,0,0,0,0,0,0,0,0,0,0,0,0,0,0,0,0,0,0,0,0,0,0,0,0,0,0,0,0,0,0,0,0,0,0,0,0,0,+,0,0,0,0,0,0,0,0,0,0,0,0,0,0,0,0,0,0,0,0,0,0,0,0,0,0,0,0,0,0,0,0,0,0,0,0,0,0,0,0,0,0,0,0,0,0,0,0,0,0,0,0,0,0,0,0,0,0,0,0,0,0,0,0
Caltha arctica,Caltha palustris s. radicans (T.F. Forst.) Syme,Caltha arctica,0,0,0,0,0,0,0,0,0,0,0,0,0,0,0,0,0,0,0,0,0,0,0,0,0,0,0,0.2,0,0,0,0,0,0,0,0,0,0,0,0,0,0,0,0,0,0,0,0,0,0,0,0,0,0,0,0,1,0,0,0,0,0,0,0,0,0,1,+,0,0,0,0,0,0,0,0,0,0,0,0,0,0,0,0,0,0,0,0,0,0,0,0,0,0,0,0,0,0,0,0,0,0,0,0,0,0,0,0,0,0,0,0,0,0,0,0,0,0,0,0,0
Campanula rotundifolia,Campanula rotundifolia L.,Campanula rotundifolia L.,0,0,0.1,0,0,0,0,0,0,0,0,0,0,0,0,0,0,0,0,0,0,0,0,0,0,0,+,0,0,0,0,0,0,0,0,0,0,0,0,0,0,0.5,0,0,+,0,0,0,0,0,0,0,0,0,0,0,0,0,0,0,0,0,0,0,0,0,0,0,0,0,0,0,0,0,0,0,0,0,0,0,0,0,0,0,0,0,0,0,0,0,0,0,0,0,0,0,0,0,0,0,0,0,0,0,0,0,+,0,+,1,0,0,0,0,0,+,0,0,0,0,0
Cardamine pratensis s. angustifolia,Cardamine polemonioides Rouy,Cardamine pratensis/angustifolia (Hook.) O.E.Schulz,0,0.1,0,0,0,0,0,0,0,0,0,0,0,0,0,0,0,0,0,0,0,0,0,0,0,0,0,0,0,0,0,0,0,0,0,0,0,0,0,0,0,0,0,0,0,0,0,0,0,0,0,0,0,0,0,0,0,0,0,0,0,0,0,0,0,0,0,0,0,0,0,0,0,0,0,0,0,0,0,0,0,0,0,0,0,0,0,0,0,0,0,0,0,0,0,0,0,0,0,0,0,0,0,0,0,0,0,0,0,0,0,0,0,0,0,0,0,0,0,0,0
Carex arctisibirica,Carex bigelowii s. ensifolia (Turcz. ex Ledeb.) ined.,Carex arctisibirica (Jurtz.) Czer.,0,0,0,20,2,0,1,0,2,0,2,5,0,0,2,3,1,10,0,0,1,0,0,1,15,2,1,0,0,0.1,15,25,10,3,1,0,1,1,0,0,0,1,40,50,0,0,+,50,10,10,0,0,0,0,0,0.1,0,0,+,20,0,5,0,0,0,0,0,0,0,0,0,1,0,5,0,0,2,0,0,0,0,0,0,0,0,0,0,0,0,0,1,10,0,0,0,0,0,0,0,0,0,0,1,2,0,1,5,0,1,0,0,0,0,0,0,1,0,0,0,0,30
Carex chordorrhiza,Carex chordorrhiza Ehrh. ex L. f.,Carex chordorrhiza Ehrh.,0,0,0,0,0,1,0,0,0,0,0,0,0,0,0,0,0,0,0,0,0,0,0,0,0,0,0,0,0,0,0,0,0,0,0,0,0,0,0,0,0,0,0,0,0,0,0,0,0,0,0,0,0,0,0,0,0,0,0,0,0,0,0,0,0,0,0,0,0,0,0,0,0,0,0,0,0,0,0,0,0,2,0,0,5,20,0,0,10,40,0,0,0,0,0,0,0,0,0,0,0,0,0,0,0,0,0,0,0,0,0,0,0,0,0,0,0,0,0,0,0
Carex concolor,Carex concolor R. Br.,Carex concolor,5,30,0,1,0,0,0,0,0,0,5,10,0,0,15,0.1,0,0,0,5,1,0.5,0,0,0,0,0,40,0,0,0,0,0,0,5,80,1,0,0,0,0,0,0,0,0,30,0,0,0,0,0,0,40,0,0,0,50,3,0,0,0,0,1,1,0,0,5,5,10,15,0,1,0,0,0,5,0,2,5,15,0,1,1,10,10,10,10,0,5,5,0,0,0,0,30,0,+,0,0,10,0,0,0,0,30,0,0,0,0,2,5,70,10,10,0,0,0,0,5,0,0
Carex lachenalii,Carex lachenalii Schkuhr,Carex lachenalii,0,0,0,0,0,0,0,0,0,0,0,0,0,0,5,1,0,0,0,0,0,0,0,0,0,1,0,0,0,0,0,0,0,0,1,0,1,0,0,0,0,0,0,0,0,1,0,0,0,0,0,0,0,0,0,0,0,5,0,0,0,0,0,0,0,0,0,0,0,0,0,0,0,0,0,0,0,0,5,0,0,0,0,0,0,0,0,0,0,0,0,0,0,0,0,0,0,0,0,0,0,0,0,0,0,0,0,0,2,0,0,0,0,0,0,0,0,0,0,0,0
Carex melanocarpa,Carex melanocarpa Cham. ex Trautv.,Carex melanocarpa,0,0,0,0,0,0,0,0,0,0,0,0,0,0,+,0,0,0,0,0,0,0,0,0,0,0,0,0,0,0,0,0,0,0,0,0,0,0,0,0,0,0,0,0,0,0,0,0,0,0,0,0,0,0,0,0,0,0,0,0,0,0,0,0,0,0,0,0,0,0,0,0,0,0,0,0,0,0,0,0,0,0,0,0,0,0,0,0,0,0,0,0,0,0,0,0,0,0,0,0,0,0,0,0,0,0,0,0,0,0,0,0,0,0,0,0,0,0,0,0,0
Carex rariflora,Carex rariflora (Wahlenb.) Sm.,Carex rariflora (Wahlenb.) Smith,0,5,0,0,1,0,0,0,0,0,0,0,2,0.5,+,0,0,0,5,30,0,1,0,0,0,0,0,5,0,0,0,0,0,0,0,0,0,0,0,0,0,0,0,0,0,0,0,0,0,1,40,0,0,0,0,0,5,1,0,0,50,0,0,0,0,0,0,0,0,0,+,0,0,0,0,5,0,0,0,0,0,25,0,5,0,0,0,0,0,0,0,0,0,0,0,0,0,0,0,10,0,0,0,0,40,0,0,0,0,0,25,5,1,50,0,0,0,80,20,60,0
Carex rotundata,Carex rotundata Wahlenb.,Carex rotundata Wahlenb.,0,0,0,0,0,30,0,1,0,30,10,0,0,0,0,0,0,20,30,5,3,20,2,3,0,0,0,0,0,0,0,+,0,0,0,0,0,0,20,0,60,0,0,0,0,0,0,0,0,0,5,0,30,10,1,0,0,0,0,0,0,0,0,0,0,0,0,0,0,0,0,0,0,0,+,0,5,0,0,0,0,60,1,30,40,30,40,70,50,20,0,0,0,0,0,5,50,5,30,30,30,1,0,0,0,0,0,0,0,0,20,5,0,5,0,0,0,0,60,20,0
Carex vaginata s. quasivaginata,Carex vaginata s. vaginata Tausch,Carex vaginata/quasivaginata (C.B.Clarke) Malysch.,0,0,0.01,0.1,0,0,0,0,0,0,0.1,0,0,0,1,3,2,0,0,0,0,0,0,0,0,1,0.1,0,2,+,0,0,0,1,0,0,0,+,0,0,0,0,0.1,0,0.1,0,3,0,0,0,0,0,0,0,0,0,0,0,0,0,0,0,0,0,0,0,0,0,0,0,0,0,0,0,0,0,0,0,0,0,0,0,0,0,0,0,0,0,0,0,0,0,0,0,0,0,0,0,0,0,0,0,0,1,0,0,0,0,0,0,0,0,0,0,0,0,0,0,0,0,0
Cerastium jenisejense,Cerastium regelii taxon jenisejense (Hult?n),Cerastium jenisejense Hult.,0,0.1,0,0,0,0,0,0,0,0,0,0,0,0,0,0,0,0,0,0,0,0,0,0,0,0,0,0,0,0,0,0,0,0,0,0,0,0,0,0,0,0,0,0,0,0,0,0,0,0,0,0,0,0,0,0,0,0,0,0,0,0,0,+,+,0,0,0,+,0,0,0,0,0,0,0,0,0,0,0,0,0,0,0,0,0,0,0,0,0,0,0,0,0,0,0,0,0,0,0,0,0,0,0,0,0,0,0,+,0,0,0,0,0,0,0,0,0,0,0,0
Ceratodon purpureus,Ceratodon purpureus (Hedw.) Brid.,Ceratodon purpureus,0,0,0,0,0,0,0,0,0,0,0,0,0,0,0,0,0,0,0,0,0,0,0,0,0,0,0,0,0,0,0,0,0,0,0,0,0,0,0,0,0,20,0,0,0,0,0,0,0,0,0,0,0,0,0,0,0,0,0,0,0,0,0,0,0,0,0,0,0,0,0,0,0,0,0,0,0,0,0,0,0,0,0,0,0,0,0,0,0,0,0,0,0,0,+,0,0,0,0,0,0,0,0,0,0,0,0,0,0,0,0,0,0,0,0,0,0,0,0,0,0
Cetraria aculeata,Cetraria aculeata (Schreb.) Link.,Cetraria aculeata,0,0,+,+,+,0,0,0,0,0,0,0,0,0,0,0,0,0,0,0,0,0,0,0,0,0,0,0,0,0,0,0,0,0,0,0,0,0,0,0,0,0,0,0,0,0,0,0,0,0,0,0,0,0,0,0,0,0,0,0,0,0,0,0,0,0,0,0,0,0,0,0,0,0,0,0,0,0,0,0,0,0,0,0,0,0,0,0,0,0,0,0,0,0,0,0,0,0,0,0,0,0,0,0,0,0,0,0,0,0,0,0,0,0,0,0,0,0,0,0,0
Cetraria ericetorum,Cetraria ericetorum Opiz,Cetraria ericetorum,0,0,0,0,0,0,0,0,0,0,0,0,0,0,0,0,0,0,0,0,0,0,0,0,0,0,0,0,0,0,0,0,0,+,0,0,0,+,0,0,0,0,0,0,+,0,0,0,0,0,0,0,0,0,0,0,0,0,+,0,0,0,0,0,0,0,0,0,0,0,0,0,0,0,0,0,0,0,0,0,0,0,0,0,0,0,0,0,0,0,0,0,0,0,0,0,0,0,0,0,0,0,0,+,0,0,+,0,0,0,0,0,0,0,0,0,0,0,0,0,0
Cetraria islandica,Cetraria islandica (L.) Ach.,Cetraria islandica,0,0,+,1,+,+,+,1,0,+,1,+,+,+,+,2,1,+,0,0,0,0,0,0,+,2,1,0,2,+,0,+,0,1,+,0,1,0,+,+,+,+,+,+,+,0,+,+,1,+,0,+,0,0,+,0,0,1,1,0,0,+,1,0,0,0,0,0,0,0,1,1,+,1,+,+,+,+,+,+,+,0,1,0,0,0,0,0,0,0,1,1,+,1,0,+,0,0,+,0,+,+,+,+,0,+,+,0,0,+,0,0,0,0,0,0,+,0,0,0,+
Cetraria laevigata,Cetraria laevigata Rass.,Cetraria laevigata,0,0,0,0,0,0,+,3,0,0,0,+,+,0,0,0,+,0,0,0,0,0,0,0,0,0,+,0,0,0,0,0,0,0,0,0,0,0,0,+,0,0,0,+,0,0,+,0,+,0,0,0,0,0,0,0,0,0,0,0,0,0,+,0,0,0,0,0,0,0,1,0,0,+,0,+,0,+,0,0,0,0,+,0,0,0,0,0,0,0,0,0,+,0,0,+,0,0,0,0,0,0,0,0,0,0,0,0,0,0,0,0,0,0,0,0,0,0,0,0,0
Cetraria nigricans,Cetraria nigricans Nyl.,Cetraria nigricans,0,0,0,0,0,0,+,0,+,0,0,0,0,0,0,0,0,0,0,0,0,0,0,0,0,0,0,0,0,0,0,0,0,0,0,0,0,0,0,0,0,0,0,0,0,0,0,0,0,0,0,0,0,0,0,0,0,0,0,0,0,0,0,0,0,0,0,0,0,0,0,0,0,0,0,0,0,0,0,0,0,0,0,0,0,0,0,0,0,0,0,0,0,0,0,0,0,0,0,0,0,0,0,0,0,0,0,0,0,0,0,0,0,0,0,0,0,0,0,0,0
Cetrariella delisei,Cetrariella delisei (Bory ex Schaer.) K?rnef.,Cetrariella delisei s.l.,0,0,2,0,0,2,0,0,0,0,1,0,+,0,+,2,2,0,0,0,0,0,0,0,0,+,0,0,1,0,0,0,0,0,1,0,+,0,0,0,0,0,0,0,0,+,0,0,0,0,0,0,0,0,0,0,0,+,0,0,0,1,0,0,0,0,0,0,0,0,0,+,0,0,0,0,0,0,0,0,0,0,0,0,0,0,0,0,0,0,0,0,0,0,0,0,0,0,0,0,0,0,0,+,0,0,0,0,+,0,0,0,0,0,0,0,0,0,0,0,0
Chamerion angustifolium,Chamerion angustifolium (L.) Holub,Chamerion angustifolium,0,0,0,0,0,0,0,0,0,0,0,0,0,0,0,0,0,0,0,0,0,0,0,0,0,0,0,0,0,0,0,0,0,0,0,0,0,0,0,0,0,0,0,0,0,0,0,0,0,0,0,0,0,0,0,0,0,0,0,0,0,0,0,+,0,0,0,0,0,0,0,0,0,0,0,0,0,0,0,0,0,0,0,0,0,0,0,0,0,0,0,0,0,0,0,0,0,0,0,0,0,0,0,0,0,0,0,0,0,0,0,0,0,0,0,0,0,0,0,0,0
Cladonia amaurocraea,Cladonia amaurocraea (Fl?rke) Schaer.,Cladonia amaurocraea,0,0,0,+,+,+,+,0,0,+,+,+,0,+,0,0,0,0,+,+,0,0,0,0,0,0,+,0,+,0,0,0,0,+,0,0,0,0,+,+,+,+,+,+,0,0,+,+,0,0,0,+,0,0,2,0,0,0,+,0,0,+,+,0,0,0,0,0,0,0,0,+,+,+,1,+,+,+,0,+,+,0,1,0,0,0,0,0,0,0,+,+,+,+,0,+,0,0,+,0,+,+,+,+,0,0,0,0,0,0,+,0,0,0,0,0,+,0,0,0,0
Cladonia arbuscula s. lat.,Cladonia arbuscula s. lat. (Wallr.) Hale & W.Culb.,Cladonia arbuscula,0,0,0,2,1,2,1,3,+,1,3,+,+,0,+,+,+,3,+,+,3,0,0,0,+,+,+,0,2,+,0,2,+,+,+,0,0,+,0,0,1,+,+,1,1,0,0,2,0,1,0,+,0,0,1,0,0,0,+,1,0,+,0,0,0,0,0,0,0,0,0,+,+,0,1,+,+,0,0,0,1,0,0,0,0,0,0,0,0,0,0,+,1,0,0,1,0,0,+,0,1,1,+,1,0,0,0,0,0,0,+,0,0,0,0,0,0,0,0,0,0
Cladonia bellidiflora,Cladonia bellidiflora (Ach.) Schaer.,Cladonia bellidiflora,0,0,0,0,0,+,0,0,0,0,+,0,0,0,0,+,0,0,0,0,0,0,0,0,0,0,0,0,0,0,0,0,0,0,+,0,0,0,0,0,0,0,0,0,0,0,0,+,0,+,0,1,0,0,+,+,0,0,0,0,0,0,0,0,0,0,0,0,0,0,0,0,0,0,0,0,0,0,0,0,0,0,0,0,0,0,0,0,0,0,0,+,0,0,0,0,0,0,0,0,+,0,0,0,0,0,0,0,0,0,0,0,0,0,0,0,0,0,0,0,0
Cladonia cenotea,Cladonia cenotea (Ach.) Schaerer,Cladonia cenotea,0,0,0,0,0,0,0,0,0,0,0,0,0,0,0,0,0,0,0,0,0,0,0,0,0,0,0,0,0,0,0,0,0,0,0,0,0,0,0,0,0,0,0,0,0,0,0,0,0,0,0,+,0,0,0,0,0,0,0,0,0,0,0,0,0,0,0,0,0,0,0,0,0,+,0,0,0,0,0,0,+,0,0,0,0,0,0,0,0,0,+,+,0,0,0,0,0,0,0,0,0,0,0,0,0,0,0,0,0,0,0,0,0,0,0,0,0,0,0,0,0
Cladonia chlorophaea,Cladonia chlorophaea (Somm.) Spreng.,Cladonia chlorophaea s.l.,0,0,+,0,+,0,+,0,0,+,0,0,0,0,0,0,+,0,0,0,+,0,0,0,1,0,0,0,+,+,0,0,0,+,0,0,+,+,0,0,0,+,+,0,+,+,+,+,0,0,0,0,0,0,+,0,0,0,+,0,0,0,0,0,0,0,0,0,0,0,0,0,0,0,0,0,0,0,+,0,0,0,0,0,0,0,0,0,0,0,0,+,0,0,0,0,0,0,0,0,0,0,+,+,0,0,0,0,+,0,0,0,0,0,0,1,0,0,0,0,0
Cladonia coccifera s. lat.,Cladonia coccifera s. lat. (L.) Willd.,Cladonia coccifera s.l.,0,0,+,0,0,0,+,+,0,0,0,+,0,0,0,+,+,+,0,+,+,0,0,0,0,+,+,0,+,+,0,+,+,0,+,0,+,0,0,0,0,0,+,0,+,0,0,+,0,+,0,1,0,0,0,0,0,0,0,0,0,0,0,0,0,0,0,0,0,0,0,0,0,0,+,0,0,0,0,0,0,0,+,0,0,0,0,0,0,0,0,0,+,0,0,0,0,0,0,0,0,0,+,+,0,0,0,0,+,0,0,0,0,0,0,0,0,0,0,0,0
Cladonia cornuta,Cladonia cornuta (L.) Hoffm.,Cladonia cornuta,0,0,0,0,0,0,0,0,0,0,0,0,0,0,0,0,0,0,0,0,0,0,0,0,+,0,0,0,0,0,0,+,0,0,0,0,0,+,0,0,0,0,0,0,0,0,0,0,0,0,0,+,0,0,0,0,0,0,0,0,0,0,+,0,0,0,0,0,0,0,0,0,0,+,0,0,0,0,0,0,+,0,+,0,0,0,0,0,0,0,+,+,+,0,0,0,0,0,0,0,0,0,0,0,0,0,0,0,0,0,0,0,0,0,0,0,0,0,0,0,0
Cladonia crispata s. lat.,Cladonia crispata s. lat. (Ach.) Flot.,Cladonia crispata,0,0,0,0,0,0,0,0,0,0,0,0,0,0,0,0,0,0,0,0,0,0,0,0,0,0,0,0,0,0,0,0,0,0,0,0,0,0,0,0,0,0,0,0,0,0,0,0,0,0,0,+,0,0,0,0,0,0,0,0,0,0,0,0,0,0,0,0,0,0,0,0,0,0,0,0,0,0,0,0,0,0,0,0,0,0,0,0,0,0,0,0,0,0,0,0,0,0,0,0,0,0,0,0,0,0,0,0,0,0,0,0,0,0,0,0,0,0,0,0,0
Cladonia cyanipes,Cladonia cyanipes (Sommerf.) Nyl.,Cladonia cyanipes,0,0,0,+,0,0,0,0,0,0,0,0,0,0,0,0,0,0,0,0,0,0,0,0,0,0,0,0,0,0,0,0,0,0,0,0,0,0,0,0,0,0,0,0,0,0,0,0,0,0,0,0,0,0,0,0,0,0,0,0,0,0,0,0,0,0,0,0,0,0,0,0,0,0,0,0,0,0,0,0,+,0,+,0,0,0,0,0,0,0,0,0,0,0,0,0,0,0,0,0,0,0,0,0,0,0,0,0,0,0,0,0,0,0,0,0,0,0,0,0,0
Cladonia gracilis s. lat.,Cladonia gracilis s. lat. (L.) Willd.,Cladonia gracilis s.l.,0,0,+,+,+,+,0,0,0,+,+,0,+,+,1,0,0,+,0,0,0,0,0,0,1,+,0,0,+,0,0,+,0,+,+,0,0,0,+,+,+,+,+,+,+,+,0,0,0,+,0,2,0,0,0,0,0,1,0,+,0,+,1,0,0,0,0,0,0,0,+,1,+,+,+,0,+,0,+,+,+,0,1,0,0,0,0,0,0,0,+,+,+,+,0,+,0,0,+,0,+,+,+,+,0,0,0,0,0,0,0,0,0,0,0,0,+,0,0,0,+
Cladonia macrophylla,Cladonia macrophylla (Schaerer) Stenh.,Cladonia macrophylla,0,0,0,0,0,0,0,0,0,0,0,0,0,0,0,0,+,0,0,0,0,0,0,0,0,0,0,0,0,0,0,0,0,0,0,0,0,0,0,0,0,0,0,0,0,0,0,0,0,0,0,0,0,0,0,0,0,0,0,0,0,0,0,0,0,0,0,0,0,0,0,0,0,0,0,0,0,0,0,0,0,0,0,0,0,0,0,0,0,0,0,0,0,0,0,0,0,0,0,0,0,0,0,0,0,0,0,0,0,0,0,0,0,0,0,0,0,0,0,0,0
Cladonia pleurota,Cladonia pleurota (Fl?rke) Schaer.,Cladonia pleurota,0,0,0,0,0,+,0,0,0,+,+,0,0,0,0,0,0,0,+,0,0,0,0,0,0,0,0,0,+,0,0,0,0,0,0,0,+,0,+,0,+,+,0,0,+,0,0,+,0,0,0,1,0,0,+,0,0,+,+,0,0,+,0,0,0,0,0,0,0,0,0,+,0,0,0,0,+,0,0,0,0,0,0,0,0,0,0,0,0,0,0,+,0,0,0,0,0,0,0,0,0,0,0,0,0,0,+,0,0,+,0,0,0,0,0,0,0,0,0,0,0
Cladonia rangiferina,Cladonia rangiferina (L.) Nyl.,Cladonia rangiferina,0,0,0,0,0,0,0,0,0,0,0,0,0,0,0,0,0,0,0,0,0,0,0,0,0,+,+,0,0,0,0,0,0,+,0,0,0,+,0,0,0,+,+,0,0,0,+,0,+,0,0,0,0,0,0,0,0,0,0,0,0,+,0,0,0,0,0,0,0,0,0,+,0,+,0,0,+,+,0,0,0,0,0,0,0,0,0,0,0,0,0,0,0,0,0,0,0,0,0,0,0,0,0,+,0,0,0,0,0,0,0,0,0,0,0,0,0,0,0,0,0
Cladonia stellaris,Cladonia stellaris (Opiz) Pouzar & Vezda,Cladonia stellaris,0,0,0,+,0,0,0,3,0,+,+,0,0,0,0,0,0,0,0,0,+,0,0,0,0,0,0,0,0,0,0,0,0,0,0,0,0,0,0,0,0,0,0,0,0,0,0,0,0,0,0,0,0,0,0,0,0,0,0,+,0,+,0,0,0,0,0,0,0,0,0,0,0,0,0,0,0,0,0,0,0,0,0,0,0,0,0,0,0,0,0,0,0,0,0,0,0,0,0,0,0,0,0,+,0,0,0,0,0,0,0,0,0,0,0,0,0,0,0,0,0
Cladonia stygia,Cladonia stygia (Fr.) Ruoss,Cladonia stygia,0,0,0,1,1,1,0,2,+,+,2,2,+,+,0,0,+,1,1,+,2,0,0,0,0,0,0,0,+,+,0,+,0,0,0,0,+,+,1,+,+,0,0,1,1,0,0,1,0,+,0,+,0,0,2,0,0,0,+,1,0,0,0,0,0,0,0,0,0,0,0,0,0,0,+,+,2,0,0,0,1,0,+,0,0,0,0,0,0,0,0,1,1,0,0,1,0,0,1,0,1,+,+,+,0,0,+,0,0,0,0,0,0,0,0,0,+,0,0,0,+
Cladonia subfurcata,Cladonia subfurcata (Nyl.) Arn.,Cladonia subfurcata,0,0,0,0,0,1,+,+,+,+,+,+,+,0,1,1,0,+,+,+,+,0,0,0,0,0,0,0,+,0,0,+,+,0,+,0,+,0,0,0,0,0,0,0,0,0,0,+,0,0,0,0,0,0,+,0,0,+,+,0,0,+,0,0,0,0,0,0,0,0,0,0,0,0,+,0,0,0,0,0,+,0,+,0,0,0,0,0,0,0,0,+,+,0,0,+,+,0,0,0,+,+,+,+,0,0,0,0,0,0,0,0,0,0,0,0,0,0,0,0,0
Cladonia sulphurina,Cladonia sulphurina (Michx.) Fr.,Cladonia sulfurina,0,0,0,0,0,0,0,0,0,0,0,0,0,0,0,0,+,0,0,0,0,0,0,0,0,0,0,0,0,0,0,0,0,0,0,0,0,0,0,0,0,+,0,0,+,0,0,0,0,+,0,1,0,0,+,0,0,0,0,0,0,0,0,0,0,0,0,0,0,0,0,0,0,0,0,0,0,0,0,0,0,0,0,0,0,0,0,0,0,0,+,+,+,0,0,0,0,0,0,0,0,0,0,0,0,0,0,0,0,0,0,0,0,0,0,0,0,0,0,0,0
Cladonia uncialis,Cladonia uncialis (L.) Wigg.,Cladonia uncialis,0,0,0,2,0,2,0,1,0,1,+,+,0,0,0,+,+,0,0,0,+,0,0,0,1,0,+,0,+,0,0,2,+,+,0,0,+,+,+,0,+,+,+,+,+,0,0,+,0,+,0,+,0,0,0,0,0,0,+,1,0,0,0,0,0,0,0,0,0,0,0,0,0,0,0,0,0,0,0,0,0,0,+,0,0,0,0,0,0,0,0,0,0,0,0,0,0,0,0,0,0,0,+,+,0,0,0,0,0,0,0,0,0,0,0,0,0,0,0,0,0
Cladonia verticillata s. lat.,Cladonia verticillata s. lat. (Ach.) Flot.,Cladonia verticillata,0,0,0,0,0,0,0,0,0,0,+,0,0,0,0,0,0,0,0,0,0,0,0,0,0,0,0,0,0,0,0,+,0,0,0,0,+,+,0,0,0,0,0,0,0,0,0,0,0,0,0,0,0,0,0,0,0,0,0,0,0,0,0,0,0,0,0,0,0,0,0,0,0,0,0,0,0,0,0,0,0,0,0,0,0,0,0,0,0,0,0,0,0,0,0,0,0,0,0,0,0,0,0,+,0,0,0,0,0,0,0,0,0,0,0,0,0,0,0,0,0
Climacium dendroides,Climacium dendroides (Hedw.) Web. & D. Mohr,Climacium dendroides (Hedw.)F. Weber & D.Mohr,0,+,1,0,0,0,0,0,0,0,0,0,0,0,0,0,0,0,0,0,0,0,0,0,0,0,0,0,0,0,0,0,0,0,0,0,0,0,0,0,0,0,0,0,0,0,0,0,0,0,0,0,0,0,0,0,0,0,0,0,0,0,0,0,0,0,0,0,0,0,0,0,0,0,0,0,0,0,0,0,0,0,0,0,0,0,0,0,0,0,0,0,0,0,0,0,0,0,0,0,0,0,0,0,0,0,0,0,0,0,0,0,0,0,0,0,0,0,0,0,0
Comarum angustifolium,Comarum palustre L.,Comarum palustre L.,0,10,0,0,0,0,0,0,0,0,0,0,0,0,0,0,0,0,0,0,0,0,0,0,0,0,0,0,0,0,0,0,0,0,0,0,0,0,0,0,0,0,0,0,0,0,0,0,0,0,0,0,0,0,0,0,2,0,0,0,0,0,0,0,0,0,0,0,0,0,0,0,0,0,0,0,0,0,0,0,0,0,0,0,0,0,0,0,0,0,0,0,0,0,0,0,0,0,0,0,0,0,0,0,2,0,0,0,0,0,0,0.1,0,0.1,0,0,0,0,0,0,0
Conostomum aequinoctiale,Conostomum tetragonum (Hedw.) Lindb.,Conostomum tetragonum (Hedw.) Lindb.,0,0,3,0,0,0,0,0,0,0,0,0,0,0,0,0,1,0,0,0,2,0,0,0,+,0,0,0,0,0,0,0,0,0,0,0,0,0,0,0,0,3,0,0,0,0,0,0,0,0,0,0,0,0,0,0,0,0,0,0,0,0,0,0,0,0,0,0,0,0,0,0,0,0,0,0,0,0,0,0,0,0,0,0,0,0,0,0,0,0,0,0,0,0,0,0,0,0,0,0,0,0,0,0,0,0,0,0,0,0,0,0,0,0,0,0,0,0,0,0,0
Corallorhiza trifida,Corallorhiza trifida Ch?tel.,Corallorhiza trifida,0,0,0,0,0,0,0,0,0,0,0,0,0,0,0,0,0,0,0,0,0,0,0,0,0,0,0,0,0,0,0,0,0,0,0,0,0,0,0,0,0,0,0,0,0,0,0,0,0,0,0,0,0,0,0,0,0,0,0,0,0,0,0,0,0,0,0,0,0,0,0,0,0,0,0,0,0,0,0,0,0,0,0,0,0,0,0,0,0,0,0,0,0,0,0,0,0,0,0,0,0,0,0,0,0,0,0,0,+,0,0,0,0,0,0,0,0,0,0,0,0
Dactylina arctica,Dactylina arctica (Richardson) Nyl.,Dactylina arctica,0,0,0,+,+,+,+,+,0,0,+,0,0,0,0,0,+,1,+,0,+,0,0,0,+,+,+,0,1,1,0,+,+,1,0,0,0,+,+,0,+,+,+,+,+,0,0,+,0,+,0,+,0,0,+,0,0,0,+,+,0,0,0,0,0,0,0,0,0,0,0,0,0,+,+,+,+,0,0,0,1,0,+,0,0,0,0,0,0,0,+,+,+,0,0,+,0,0,+,0,+,+,+,+,0,0,0,0,0,0,0,0,0,0,0,0,0,0,0,0,0
Deschampsia anadyrensis,Deschampsia anadyrensis V.N. Vassil.,Deschampsia anadyrensis V.Vassil.,0,0,0,0,0,0,0,0,0,0,0,0,0,0,0,0,0,0,0,0,0,0,0,0,0,0,0,0,0,0,0,0,0,0,0,0,0,0,0,0,0,0,0,0,0,0,0,0,0,0,0,0,0,0,0,0,0,0,0,0,0,0,0,0,0,0,0,0,0,0,0,0,0,0,0,0,0,0,0,0,0,0,0,0,0,0,0,0,0,0,0,0,0,0,0,0,0,0,0,0,0,0,0,0,0,0,0,+,0,0,0,0,0,0,0,0,0,0,0,0,0
Deschampsia borealis,Deschampsia sukatschewii s. borealis (Trautv.) Tzvelev,Deschampsia borealis (Trautv.) Roshev.,0,0,0,0,0,0,0,0,0,0,0,0,0,0,0,0,0,0,0,0,0,0,0,0,0,0,0,0,0,0,0,0,0,0,0,0,0,0,0,0,0,0,0,0,0,0,0,0,0,0,0,0,0,0,0,0,0,0,0,0,0,0,0,0,0,0,0,0,0,0,0,0,0,0,0,0,0,0,0,0,0,0,0,0,0,0,0,0,0,0,0,0,0,0,0,0,0,0,0,0,0,0,0,0,0,0,+,10,0,+,0,0,0,0,0,+,0,0,0,0,0
Dicranum acutifolium,Dicranum acutifolium (Lindb. & H. Arn.) C. Jens.,Dicranum acutifolium,0,0,0,0,0,0,0,0,0,10,0,0,0,0,0,0,0,0,0,0,0,0,0,0,0,0,10,0,0,10,0,0,0,0,0,0,0,0,0,0,0,0,0,0,0,0,0,0,0,0,0,0,0,0,0,0,0,0,0,0,0,0,0,0,0,0,0,0,0,0,0,0,0,0,0,0,0,0,0,0,0,0,0,0,0,0,0,0,0,0,0,0,0,0,0,0,0,0,0,0,0,0,5,5,0,0,0,0,0,0,0,0,0,0,0,0,0,0,0,0,0
Dicranum bonjeanii,Dicranum bonjeanii De Not.,Dicranum bonjanii,0,0,0,0,0,0,0,0,0,0,0,0,0,0,0,0,0,0,0,0,0,0,0,0,0,5,0,0,0,0,0,0,0,0,0,0,0,0,0,0,0,0,0,0,0,0,0,0,0,0,0,0,0,0,0,0,0,0,0,0,0,0,0,0,0,0,0,0,0,0,30,10,0,0,0,0,0,0,0,0,0,0,0,0,0,0,0,0,0,0,0,0,0,0,0,0,0,0,0,0,0,0,0,0,0,0,0,0,0,0,0,0,0,0,0,0,0,0,0,0,0
Dicranum elongatum,Dicranum elongatum Schleich. ex Schwaegr.,Dicranum elongatum,0,15,0,25,5,30,+,0,3,10,20,0,0,10,10,0,10,40,20,0,15,0,0,30,10,0,0,0,10,+,10,20,20,20,10,0,30,10,20,5,10,40,30,30,40,0,10,30,20,10,0,30,0,5,15,+,0,0,20,30,0,10,0,0,0,0,0,0,0,0,10,20,10,30,30,20,+,0,0,0,20,20,0,0,0,0,0,0,0,0,0,0,0,2,0,10,0,0,0,0,10,0,0,15,0,0,0,0,0,0,0,0,0,0,0,0,5,0,0,0,40
Dicranum fergussonii,Dicranum fuscescens Turner,Dicranum fuscescens Turner,0,0,0,0,0,0,0,0,0,0,0,0,0,0,0,0,15,0,0,0,0,0,0,0,0,0,0,0,0,0,0,0,0,0,0,0,10,10,0,0,0,0,0,0,0,0,0,0,0,0,0,0,0,0,0,0,0,0,0,0,0,0,0,0,0,0,0,0,0,0,0,0,0,0,0,0,0,0,0,0,0,0,0,0,0,0,0,0,0,0,0,0,0,0,0,0,0,0,0,0,0,0,0,0,0,0,0,0,0,0,0,0,0,0,0,0,0,0,0,0,0
Dicranum elongatum spp. groenlandicum,Dicranum groenlandicum Brid.,Dicranum groenlandicum Brid.,0,0,0,0,0,10,0,0,0,0,0,0,0,0,0,0,0,0,0,0,0,0,0,0,0,0,0,0,0,0,0,0,0,0,0,0,0,0,0,0,0,0,0,0,0,0,0,0,0,0,0,0,0,0,0,0,0,0,0,0,0,0,0,0,0,0,0,0,0,0,0,0,0,0,0,0,0,0,0,0,0,+,0,0,0,0,0,0,0,0,0,0,0,0,0,0,0,0,0,0,0,0,0,0,0,0,0,0,0,0,0,0,0,0,0,0,0,0,0,0,0
Dicranum laevidens,Dicranum spadiceum J. E. Zetterst.,Dicranum laevidens R.S.Williams,0,0,0,0,25,0,0,0,0,0,0,0,40,0,0,0,0,0,0,10,0,0,0,10,0,0,0,0,0,0,0,0,0,10,40,0,0,0,0,0,0,0,0,0,0,0,10,10,20,30,0,10,0,0,5,0,0,0,20,10,0,30,10,0,0,0,0,0,0,0,0,30,0,0,10,+,20,20,5,+,10,+,0,0,0,0,2,10,+,0,10,10,40,8,0,30,5,30,40,5,30,0,0,0,0,0,0,0,0,+,+,0,0,0,0,0,0,5,0,0,0
Dicranum majus,Dicranum majus Turner,Dicranum majus Turner,0,5,0,0,0,0,0,0,0,0,0,0,0,0,+,0,0,0,0,0,0,0,0,0,0,0,0,0,0,0,0,0,0,0,0,5,0,0,0,0,0,0,0,0,+,10,0,0,0,0,0,0,0,0,0,0,0,30,0,0,0,0,0,0,0,0,0,0,0,0,0,0,0,0,0,0,0,0,10,0,0,0,0,0,0,0,0,0,0,0,0,0,0,0,0,0,0,0,0,0,0,0,0,0,0,0,0,0,+,0,0,0,0,0,0,0,0,0,0,0,0
Dicranum spadiceum,Dicranum spadiceum J. E. Zetterst.,Dicranum spadiceum,0,0,5,5,0,0,0,5,0,0,0,0,0,0,0,+,0,0,0,0,0,0,0,0,0,0,0,0,0,0,0,0,0,0,0,0,0,0,0,0,0,0,0,0,0,0,0,0,0,0,0,0,0,0,0,0,0,0,0,0,0,0,0,0,0,0,0,0,0,0,0,0,0,0,0,0,0,0,0,0,0,0,0,0,0,0,0,0,0,0,0,0,0,0,0,0,0,0,0,0,0,0,0,0,0,0,0,0,0,0,0,0,0,0,0,0,0,0,0,0,0
Distichium capillaceum,Distichium capillaceum (Hedw.) Bruch & Schimp.,Distichium capillaceum,0,0,0,0,0,0,0,0,0,0,0,0,0,0,0,0,0,0,0,0,0,0,0,+,+,0,0,0,0,0,0,0,+,0,0,0,0,0,0,0,0,0,0,0,0,0,0,0,0,0,0,0,0,0,0,0,0,0,0,0,0,0,0,0,0,0,0,0,0,0,0,0,0,0,0,0,0,0,0,0,0,0,0,0,0,0,0,0,0,0,0,0,0,0,0,0,0,0,0,0,0,0,0,+,0,0,0,0,0,0,0,0,0,0,0,0,0,0,0,0,0
Ditrichum flexicaule,Ditrichum flexicaule (Schwaegr.) Hampe,Ditrichum flexicaule,0,0,0,0,+,0,0,+,0,0,0,0,0,0,0,0,0,0,0,0,0,0,0,+,0,0,0,0,+,0,0,0,0,0,0,0,0,0,0,0,0,0,0,0,0,0,0,0,+,0,0,0,0,0,0,0,0,0,0,0,0,0,0,0,0,0,0,0,0,0,0,0,0,0,0,0,0,0,0,0,0,0,0,0,0,0,0,0,0,0,0,0,0,0,0,0,0,0,0,0,0,0,0,0,0,0,0,0,0,0,0,0,0,0,0,0,0,0,0,0,0
Draba hirta ?,Draba glabella Pursh,Draba hirta L. s.l.,0,0,0,0,0,0,0,0,0,0,0,0,0,0,0,0,0,0,0,0,0,0,0,0,0,0,0,0,0,0,0,0,0,0,0,0,0,0,0,0,0,+,0,0,0,0,0,0,0,0,0,0,0,0,0,0,0,0,0,0,0,0,0,0,0,0,0,0,0,0,0,0,0,0,0,0,0,0,0,0,0,0,0,0,0,0,0,0,0,0,0,0,0,0,0,0,0,0,0,0,0,0,0,0,0,0,0,0,0,0,0,0,0,0,0,0,0,0,0,0,0
Drepanocladus aduncus,Drepanocladus aduncus (Hedw.) Warnst.,Drepanocladus aduncus,0,0,0,0,0,0,0,0,0,0,0,0,0,0,0,0,0,0,0,0,0,0,0,0,0,0,0,0,0,0,0,0,0,0,0,0,0,0,0,0,0,0,0,0,0,0,0,0,0,0,0,0,0,0,0,0,0,0,0,0,0,0,0,0,0,0,0,0,0,0,0,0,0,0,0,0,0,0,0,0,0,0,0,0,0,0,0,0,0,0,0,0,0,0,+,0,0,0,0,5,0,0,0,0,0,0,0,0,0,0,0,0,0,0,0,0,0,0,0,0,0
Drepanocladus revolvens,Limprichtia revolvens (Swartz) Loeske,Drepanocladus revolvens (=Scorpidium revolvens=Limprichtia revolvens)),0,0,0,0,0,30,0,0,0,0,0,0,0,0,0,0,0,0,0,0,0,0,0,0,0,0,0,0,0,0,0,0,0,0,0,0,0,0,0,0,0,0,0,0,0,0,0,0,0,0,0,0,0,0,0,0,+,0,0,0,0,0,0,0,0,0,0,0,0,0,0,0,0,0,0,0,0,0,0,0,0,0,0,0,0,0,0,0,0,0,0,0,0,0,0,0,0,0,0,0,0,0,0,0,0,0,0,0,0,0,0,0,0,0,0,0,0,0,2,0,0
Dryas octopetala s. subincisa,Dryas octopetala L.,Dryas octopetala/subincisa Jurtz.,0,0,2,0,0,0,0,0,0,0,0,0,0,0,0,0,0,0,0,0,0,0,0,0,0,0,0,0,0,0,0,0,0,0,0,0,0,0,0,0,0,0,0,0,0,0,0,0,0,0,0,0,0,0,0,0,0,0,0,0,0,0,0,0,0,0,0,0,0,0,0,0,0,0,0,0,0,0,0,0,0,0,0,0,0,0,0,0,0,0,0,0,0,0,0,0,0,0,0,0,0,0,0,1,0,0,5,0,0,0,0,0,0,0,0,25,0,0,0,0,0
Dupontia fisheri,Dupontia fisheri R. Br.,Dupontia fisheri R.Br.,0,0,0,0,0,0,0,0,0,0,0,0,0,0,0,0,0,0,0,0,0,0,0,0,0,0,0,0.01,0,0,0,0,0,0,0,0,0,0,0,0,0,0,0,0,0,+,0,0,0,0,0,0,0,0,0,0,2,0,0,0,2,0,0,0,0,0,3,+,3,0,0,0,0,0,0,0,0,0,0,0,0,0,0,0,+,0,0,0,0,0,0,0,0,0,0,0,0,0,0,0,0,0,0,0,0,0,0,0,0,0,0,0,0,0,0,0,0,0,0,0,0
Empetrum subholarcticum,Empetrum nigrum L.,Empetrum subholarcticum,0,0.1,5,1,0,0,1,0.1,0,0.5,0,0,0.5,0,1,0.5,0.5,0.1,0,1,0.1,0,0,+,0.5,0,1,0,0,1,1,3,5,1,0,0,+,+,0,0,0,0.1,0.1,0,0.1,0,0,1,0,0.1,0,0,0,0,0.1,0,0,0,0,+,0,0,+,0,0,0,0,0,0,0,0,0,0,+,0,+,0,0,0,0,0,0,0,0,0,0,0,0,0,0,0,0,+,0,0,0,0,0,0,0,0,0,1,1,0,+,+,0,0,2,0,0,0,0,0,+,+,+,0,0,1
Epilobium palustre,Epilobium palustre L.,Epilobium palustre,0,0,0,0,0,0,0,0,0,0,0,0,0,0,0,0,0,0,0,0,0,0,0,0,0,0,0,0,0,0,0,0,0,0,0,0,0,0,0,0,0,0,0,0,0,0,0,0,0,0,0,0,0,0,0,0,+,0,0,0,0,0,0,0,0,+,+,0,+,0,0,0,0,0,0,0,0,0,0,0,0,0,0,0,0,0,0,0,0,0,0,0,0,0,0,0,0,0,0,0,0,0,0,0,0,0,0,0,0,0,0,0,0,0,0,0,0,0,0,0,0
Equisetum arvense s. boreale,Equisetum arvense s. alpestre (Wahlenb.) Sch?nswetter & Elven,Equisetum arvense/boreale (Bong.) Tolm.,0.1,0.1,0.1,0,0,0,0,0,0,0,0,0,0,0,0,0,0,0,0,0,0,0,0,0,0,15,10,0,0,20,0,0,0,15,10,0,10,15,0,0,0,1,0,0,3,5,3,0,0,0,0,0,0,0,0,0,0,+,10,0,0,0,0,30,0,0,0,0,+,0,+,+,+,0,0,0,0,+,15,0,0,0,0,0,0,0,0,0,0,0,0,0,0,0,0,0,0,0,0,0,0,0,0,3,0,0,0,0,10,2,0,0,0,0,0,0,0,0,0,0,0
Equisetum pratense,Equisetum pratense Ehrh.,Equisetum pratense Ehrh.,0,0,0,0,0,0,0,0,0,0,0,0,0,0,0,0,0,0,0,0,0,0,0,0,0,0,0,0,0,0,0,0,0,0,0,0,0,0,0,0,0,0,0,0,0,0,0,0,0,0,0,0,0,0,0,0,0,0,0,0,0,0,0,0,0,0,0,0,0,0,0,0,0,0,0,0,0,0,0,0,0,0,0,0,0,0,0,0,0,0,0,0,0,0,0,0,0,0,0,0,0,0,0,+,0,0,0,0,0,0,0,0,0,0,0,0,0,0,0,0,0
Eriophorum brachyantherum,Eriophorum brachyantherum Trautv. & C.A. Mey.,Eriophorum brachyantherum Trautv. et C.A.Mey.,0,0,0,0,0,0,0,0,0,0,0,0,0,0,0,0,0,0,0,0,0,0,0,0,0,0,0,0,0,0,0,0,0,0,0,0,0,0,0,0,0,0,0,0,0,0,0,0,0,0,0,0,0,0,0,0,0,0,0,0,0,0,0,0,0,0,0,0,0,0,0,0,0,0,0,0,0,0,0,0,0,0,0,0,0,0,0,0,0,0,0,0,0,0,0,0,0,0,0,0,0,0,0,0,0,0,0,0,0,0,0,0,0,0,0,0,0,0,0,0,+
Eriophorum medium,Eriophorum tolmatchevii M.S. Novos.,Eriophorum medium Anderss.,0,0,0,0,0,0,0,0,0,3,1,0,0,0,0,0,0,0,0.2,10,0,0,0,0,0,0,0,5,0,0,0,0,0,0,0,3,0,0,0,0,+,0,0,0,0,0,0,0,0,0,0,0,10,0,0,0,0,+,0,0,0,5,0,0,0,0,0,0,0,0,0,0,0,0,0,0,0,0,0,0,0,0,0,2,0,0,0,0,+,0,0,0,0,0,0,0,10,0,3,30,+,0,0,0,5,0,0,0,0,0,0,0,0,0,0,0,0,0,0,+,0
Eriophorum polystachion,Eriophorum angustifolium Honck.,Eriophorum polystachion L.,0,0,0,0,0.1,1,0,0,0,2,0,2,0,1,0,0,0,0,0,5,3,2,0,0,1,0,0,0,0,0,0,0,0,0,0,0,0,0,5,0,2,0,0,0,0,1,0,0,50,3,10,0,0,5,0,0,5,0,0,0,5,30,5,0,80,40,70,40,50,3,0,0,0,0,1,5,3,0,+,20,5,0,0,0,0,0,5,0,+,0,1,10,+,+,50,0,20,40,0,0,0,0,0,0,0,0,0,0,+,0,0,0,20,5,50,0,0,0,5,0,0
Eriophorum russeolum,Eriophorum russeolum Fr. ex Hartm.,Eriophorum russeolum Fries,0,0,0,0,0,1,0,0,0,0,0,0,0,0,0,0,0,0,0.5,0,0,0,0,0,0,0,0,5,0,0,0,0,0,0,0,0,0,0,0,5,3,0,0,0,0,3,0,0,0,0,1,0,0,40,2,0,0,0,0,0,0,0,0,0,0,0,0,0,0,+,0,0,0,0,0,0,0,0,0,0,0,0,1,0,0,0,0,0,0,+,0,0,0,0,0,0,0,0,0,0,+,0,0,0,0,0,0,0,0,0,1,0,+,0,0,0,0,0,0,0,0
Eriophorum scheuchzeri,Eriophorum scheuchzeri Hoppe,Eriophorum scheuchzeri Hoppe (s.l.),0,0.5,0,0,0,0,0,0,0,0,0,0,0,0,0,0,0,0,0,0,0,0,0,0,0,0,0,0,0,0,0,0,0,0,0,0,0,0,0,0,0,0,0,0,0,0,0,0,0,0,0,0,0,0,0,0,0,0,+,0,0,0,0,1,0,0,0,0,0,0,0,0,0,0,0,0,0,0,+,0,0,0,0,0,0,0,0,0,0,0,0,0,0,0,0,0,0,0,0,0,0,0,0,0,0,0,0,0,0,0,0,0,0,0,0,0,0,0,0,0,+
Eriophorum vaginatum,Eriophorum vaginatum L.,Eriophorum vaginatum L.,0,0,0,0,70,0,0,0,0,3,1,10,0,10,0,0,0,50,45,5,1,70,10,70,2,0,0,0,0,0,0,0,0,0,0,0,0,0,45,0,5,0,0,0,0,0,0,0,0,70,1,0,0,+,40,3,0,0,0,2,0,1,1,0,0,0,0,0,0,0,0,0,0,0,10,+,50,0,0,0,0,1,12,0,0,0,0,0,0,0,1,3,80,+,0,80,5,5,10,0,60,70,0,0,0,0,0,0,0,0,2,0,+,0,1,0,70,1,0,+,0
Eutrema edwardsii,Eutrema edwardsii R. Br.,Eutrema edwardsii,0,0,0,0,0,0,0,0,0,0,0,0,0,0,0,0,0,0,0,0,0,0,0,0,0,0,0,0,0,0,0,0,0,0,0,0,0,0,0,0,0,0,0,0,0,0,0,0,0,0,0,0,0,0,0,0,0,0,0,0,0,0,0,0,0,0,0,0,0,0,0,0,0,0,0,0,0,0,0,0,0,0,0,0,0,0,0,0,0,0,0,0,0,0,0,0,0,0,0,0,0,0,0,0,0,+,0,0,0,0,0,0,0,0,0,0,0,0,0,0,0
Festuca ovina [s. ovina],Festuca ovina [s. ovina] L.,Festuca ovina L.,0,0.1,0.5,0,0,0,0,0,0,0,0,0,0,0,0,1,0.1,0,0,0,0,0,0,0,0,+,+,0,0,+,+,0,0,0.1,0.1,0,0,+,0,0,0,0.5,0,0,0,0,0,0,0,0,0,0,0,0,0,0,0,0,0,0,0,0,0,0,0,0,0,0,0,0,0,0,0,+,0,0,0,0,0,0,0,0,0,0,0,0,0,0,0,0,0,0,0,0,0,0,0,0,0,0,0,0,+,+,0,+,0,0,0,+,0,0,0,0,0,0,0,0,0,0,+
Festuca rubra s. arctica ?,Festuca rubra s. richardsonii (Hook.) Hult?n,Festuca rubra/arctica (Hack.) Govor.,3,0.1,1,0,0,0,0,0,0,0,0,0,0,0,0,0.1,0,0,0,0,0,0,0,0,0,0,1,0,+,0,0,0,0,0,0,0,0,0,0,0,0,0,0,0,+,0,0,0,0,0,0,0,0,0,0,0,0,0,0,0,0,0,0,0,0,0,0,0,0,0,0,0,0,0,0,0,0,0,0,0,0,0,0,0,0,0,0,0,0,0,0,0,0,0,0,0,0,0,0,0,0,0,0,0,0,0,2,0,+,5,0,0,0,0,0,0,0,0,0,0,0
Flavocetraria cucullata,Flavocetraria cucullata (Bell.) K?rnefelt & Thell,Flavocetraria cuccullata,0,0,+,1,1,+,3,2,3,1,0,+,+,+,0,0,+,1,+,+,1,0,0,+,1,+,1,0,1,1,0,1,1,+,+,0,0,+,+,0,1,+,+,+,+,+,0,1,0,1,0,+,0,0,+,0,0,0,+,1,0,0,+,0,0,0,0,0,0,0,0,0,+,0,1,+,+,0,0,+,+,0,0,0,0,0,0,0,0,0,+,+,1,0,0,1,+,0,1,0,1,+,1,+,0,+,1,0,0,0,1,0,0,0,0,+,+,0,0,0,2
Flavocetraria nivalis,Flavocetraria nivalis (L.) K?rnefelt & Thell,Flavocetraria nivalis,0,0,0,1,+,+,3,2,3,1,3,0,+,0,0,0,+,0,0,0,2,0,0,0,+,+,1,0,1,1,0,1,1,1,+,0,0,1,0,0,0,+,0,0,2,0,0,0,0,0,0,0,0,0,0,0,0,0,+,0,0,0,0,0,0,0,0,0,0,0,0,0,0,0,0,0,0,0,0,0,0,0,0,0,0,0,0,0,0,0,+,0,0,0,0,0,0,0,0,0,0,0,+,1,0,0,0,0,0,0,0,0,0,0,0,0,0,0,0,0,1
Gastrolychnis involucrata,Silene involucrata (Cham. & Schltdl.) Bocquet,Gastrolychnis involucrata (=G.affinis),0,0,0,0,0,0,0,0,0,0,0,0,0,0,0,0,0,0,0,0,0,0,0,0,0,0,0,0,0,0,0,0,0,0,0,0,0,0,0,0,0,+,0,0,0,0,0,0,0,0,0,0,0,0,0,0,0,0,0,0,0,0,0,0,0,0,0,0,0,0,0,0,0,0,0,0,0,0,0,0,0,0,0,0,0,0,0,0,0,0,0,0,0,0,0,0,0,0,0,0,0,0,0,0,0,0,0,0,0,0,0,0,0,0,0,0,0,0,0,0,0
Gowardia nigricans,"Gowardia nigricans (Ach.) P.Halonen, L.Myllys, S. Velmala & H.Hyvarinen",Gowardia nigricans,0,0,0,+,0,0,1,0,2,0,0,0,0,0,0,0,+,0,0,0,+,0,0,0,0,0,0,0,0,+,0,+,+,0,0,0,0,0,+,+,0,0,+,0,0,0,+,+,0,+,0,0,0,0,0,0,0,0,0,+,0,0,0,0,0,0,0,0,0,0,0,0,0,0,+,0,0,0,0,0,0,0,0,0,0,0,0,0,0,0,0,0,0,0,0,0,0,0,0,0,+,0,+,0,0,0,0,0,0,0,0,0,0,0,0,0,0,0,0,0,0
Gymnomitrion corallioides,Gymnomitrion corallioides Nees,Gymnomitrion coralloides,0,0,0,0,0,0,?,1,2,0,0,0,0,0,0,0,+,0,0,0,5,0,0,0,+,0,0,0,0,0,0,5,5,0,0,0,0,0,0,0,0,0,+,0,0,0,0,+,0,0,0,0,0,0,0,0,0,0,0,0,0,0,0,0,0,0,0,0,0,0,0,0,0,0,0,0,0,0,0,0,0,0,0,0,0,0,0,0,0,0,0,0,0,0,0,0,0,0,0,0,0,0,+,0,0,0,0,0,0,0,0,0,0,0,0,0,0,0,0,0,0
Hedysarum hedysaroides s. arcticum,Hedysarum hedysaroides s. arcticum (B. Fedtsch.) P.W. Ball,Hedysarum hedysaroides/arcticum (B.Fedtsch.) P.W.Ball,0,0,0,0,0,0,0,0,0,0,0,0,0,0,0,0,0,0,0,0,0,0,0,0,0,0,0,0,0,0,0,0,0,0,0,0,0,0,0,0,0,0,0,0,0,0,0,0,0,0,0,0,0,0,0,0,0,0,0,0,0,0,0,0,0,0,0,0,0,0,0,0,0,0,0,0,0,0,0,0,0,0,0,0,0,0,0,0,0,0,0,0,0,0,0,0,0,0,0,0,0,0,0,0,0,0,0,0,+,2,0,0,0,0,0,0,0,0,0,0,0
Unknown liverwort,Unknown liverwort,Hepaticae,0,0,0,0,+,0,10,0,0,0,+,0,0,0,0,0,+,0,0,0,+,0,0,5,10 crust,0,0,0,0,0,+,+,0,0,0,+,0,0,0,0,0,+,0,0,+,0,+,+,+,0,0,0,+,0,0,0,0,0,0,0,0,0,0,0,0,0,0,0,0,0,0,0,0,0,0,0,0,0,10,0,0,0,+,0,0,0,0,+,+,0,0,0,0,0,+,0,0,0,0,0,0,+,0,+,0,0,0,0,0,0,0,0,0,0,0,+,0,0,0,0,0
Hierochlo? alpina,Hierochlo? alpina (Sw.) Roem. & Schult.,Hierochloe alpina (Sw.) Roem. et Schult.,0,0,1,0.1,0,0,5,2,3,0,0.1,0,0,0,0,0,5,0,0,0,0,0,0,0,1,0,1,0,+,1,2,1,1,3,0,0,1,1,0,0,0,4,1,0,2,0,1,0,0,0,0,0,0,0,0,0,0,0,0,1,0,0,0,0,0,0,0,0,0,0,0,0,0,0,0,0,0,0,0,0,0,0,0,0,0,0,0,0,0,0,0,0,0,0,0,0,0,0,0,0,0,0,1,1,0,1,0,0,0,0,0,0,0,0,0,0,0,0,0,0,1
Hierochlo? pauciflora,Hierochlo? pauciflora R. Br.,Hierochloe pauciflora,0,0,0,0,0,0,0,0,0,0.5,0,0,0,0,0,0,0,0,0,0,0,0,0,0,0,0,0,0,0,0,0,0,0,0,0,0,0,0,0,0,0,0,0,0,0,0,0,0,0,0,0,0,+,0,0,0,0,0,0,0,0,0,0,0,0,0,0,0,0,0,0,0,0,0,0,0,0,0,0,0,0,0,0,0,0,0,0,0,0,0,0,0,0,0,0,0,0,0,0,0,0,0,0,0,0,0,0,0,0,0,0,0,0,0,0,0,0,0,0,0,0
Hylocomium splendens,Hylocomium splendens (Hedw.) Schimp.,Hylocomium splendes,0,5,15,2,0,+,0,0,0,0,0,0,0,1,0,0,1,+,0,0,0,0,0,0,0,20,0,0,+,5,0,2,0,15,0,0,20,10,10,0,0,+,20,20,+,+,20,+,30,0,0,0,0,0,0,+,0,0,5,10,0,0,0,0,0,0,0,0,0,0,10,10,80,60,+,50,+,10,5,+,0,0,0,0,0,0,0,0,0,0,5,0,0,20,0,+,0,0,0,0,0,0,+,+,0,50,+,0,+,10,10,0,0,0,0,15,0,0,0,0,10
Hypnum cupressiforme,Hypnum cupressiforme Hedw.,Hypnum cupressifolium,0,0,0,0,0,0,0,0,0,0,0,0,0,0,0,0,0,0,0,0,0,0,0,0,0,0,0,0,0,0,0,0,0,0,0,0,0,0,0,0,0,0,0,0,0,0,0,0,0,0,0,0,0,0,0,0,0,0,0,0,0,0,0,0,0,0,0,0,0,0,0,0,0,0,0,0,0,0,0,0,0,0,0,0,0,0,0,0,0,0,0,0,0,0,0,0,0,0,0,0,0,0,0,0,0,0,0,0,0,0,0,0,0,0,0,+,0,0,0,0,0
Hypogymnia bitteri,Hypogymnia bitteri (Lynge) Ahti,Hypogymnia bitteri,0,0,0,0,0,0,0,0,0,0,0,0,0,0,0,0,0,0,0,0,0,0,0,0,0,0,0,0,0,0,0,0,0,0,0,0,0,0,0,0,0,0,0,0,0,0,0,0,0,0,0,0,0,0,0,0,0,0,0,0,0,0,0,0,0,0,0,0,0,0,0,0,0,0,0,0,0,0,0,0,0,0,0,0,0,0,0,0,0,0,0,0,0,0,0,0,0,0,0,0,0,0,+,0,0,0,0,0,0,0,0,0,0,0,0,0,0,0,0,0,0
Hypogymnia species,Hypogymnia species,Hypogymnia sp. ,0,0,0,0,0,0,0,0,0,0,0,0,0,0,0,0,0,0,0,0,0,0,0,0,0,0,0,0,0,0,0,0,0,0,0,0,0,+,0,0,0,0,0,0,0,0,0,0,0,0,0,0,0,0,0,0,0,0,0,0,0,0,0,0,0,0,0,0,0,0,0,0,0,0,0,0,0,0,0,0,0,0,0,0,0,0,0,0,0,0,0,0,0,0,0,0,0,0,0,0,0,0,0,0,0,0,0,0,0,0,0,0,0,0,0,0,0,0,0,0,0
Juncus biglumis,Juncus biglumis L.,Juncus biglumis L.,0,0,0,0,0,0,0,0,0,0,0,0,0,0,0,0.01,0,0,0,0,0,0,0,0,0,0,0,0,0,0,0,0,0,0,0,0,0,0,0,0,0,0,0,0,0,0,0,0,0,0,0,0,0,0,0,0,0,0,0,0,0,0,0,0,0,0,0,0,0,0,0,0,0,0,0,0,0,0,0,0,0,0,0,0,0,0,0,0,0,0,0,0,0,0,0,0,0,0,0,0,0,0,0,0,0,0,0,0,0,0,0,0,0,0,0,0.01,0,0,0,0,+
Kiaeria glacialis,Kiaeria glacialis (Berggren) I. Hagen,Kiaeria glacialis,0,0,0,0,0,0,0,0,0,0,0,0,0,0,40,20,0,0,0,0,0,0,0,0,0,0,0,0,5,?,0,0,0,0,0,0,0,0,0,0,0,0,0,0,0,0,0,0,0,0,0,0,0,0,0,0,0,0,0,0,0,0,0,0,0,0,0,0,0,0,0,0,0,0,0,0,0,0,0,0,0,0,0,0,0,0,0,0,0,0,0,0,0,0,0,0,0,0,0,0,0,0,0,0,0,0,0,0,0,0,0,0,0,0,0,0,0,0,0,0,0
Lagotis minor,Lagotis glauca s. minor (Willd.) Hult?n,Lagotis minor (Willd.) Standl.,0,0,0.5,0,0,0,0,0,0,0,0,0,0,0,0,0,0,0,0,0,0,0,0,0,0,0,0,0,0,0,0,0,0,0,0,0,0,0,0,0,0,0,0,0,0,0,0,0,0,0,0,0,0,0,0,0,0,0,0,0,0,0,0,0,0,0,0,0,0,0,0,0,0,0,0,0,0,0,0,0,0,0,0,0,0,0,0,0,0,0,0,0,0,0,0,0,0,0,0,0,0,0,0,0,0,0,0,0,+,0,0,0,0,0,0,0,0,0,0,0,0
Ledum palustre s. decumbens,Rhododendron tomentosum s. decumbens (Aiton) Elven & D.F. Murray,Ledum palustre/decumbens (Ait.) Hult.,0,0,1,3,5,1,0,10,7,1,15,3,8,0,0.5,0.5,1,10,1,12,10,8,10,5,15,0,1,0,0,10,10,20,5,10,1,0,0,8,10,15,0,1,1,0.1,1,0,5,1,0,2,0,0.5,0,10,25,0.2,0,0,2,0,0,+,2,0,0,0,0,0,0,0,1,1,0,1,50,+,30,0,0,0,15,0,0,0,0,0,0,0,0,0,1,1,15,0,0,+,+,0,20,0,15,15,10,5,0,+,5,0,+,0,3,0,0,0,1,+,22,10,0,0,15
Lichenomphalia hudsoniana,Lichenomphalia hudsoniana (H.S. Jenn.) Redhead et al.,Lichenomphalia  hudsoniana,0,0,0,0,0,0,0,0,0,0,0,0,0,0,0,0,0,0,0,0,0,0,0,0,0,0,0,0,0,0,0,0,0,0,0,0,0,0,0,0,0,0,0,0,0,0,0,0,0,0,0,+,0,0,+,0,0,0,0,0,0,0,0,0,0,0,0,0,0,0,0,0,0,0,0,0,0,0,0,0,0,0,0,0,0,0,0,0,0,0,0,0,0,0,0,0,0,0,0,0,0,0,0,0,0,0,0,0,0,0,0,0,0,0,0,0,0,0,0,0,0
Lobaria linita,Lobaria linita (Ach.) Rabenh.,Lobaria linita,0,0,+,0,0,0,0,0,0,0,0,0,0,0,0,0,0,0,0,0,0,0,0,0,0,0,0,0,0,0,0,0,0,0,0,0,0,0,0,0,0,0,0,0,0,0,0,0,0,0,0,0,0,0,0,0,0,0,0,0,0,0,0,0,0,0,0,0,0,0,0,0,0,0,0,0,0,0,0,0,0,0,0,0,0,0,0,0,0,0,0,0,0,0,0,0,0,0,0,0,0,0,0,0,0,0,0,0,0,0,0,0,0,0,0,0,0,0,0,0,0
Loeskypnum badium,Loeskypnum badium (C.J. Hart.) Paul,Loescypnum badium,0,0,0,0,0,2,0,0,0,0,0,0,0,0,0,0,0,0,0,0,0,0,0,0,0,0,0,0,0,0,0,0,0,0,0,0,0,0,0,0,0,0,0,0,0,0,0,0,0,0,0,0,0,0,0,0,0,0,3,0,0,0,0,0,0,0,0,0,0,0,0,0,0,0,0,0,0,0,0,0,0,0,0,0,0,0,0,0,0,0,0,0,0,0,0,0,0,0,0,0,0,0,0,0,0,0,0,0,0,0,0,0,0,0,0,0,+,0,0,0,0
Luzula confusa,Luzula confusa Lindeb.,Luzula confusa Lindb.,0,0.01,0.01,0.01,0,0,0.01,0,0,0,0,0,0,0,0,0.5,0.1,0,0,0,0,0,0,0,0.1,0.2,+,0,0,+,0,0,+,+,0,0,+,+,0,0,0,3,0.1,0.1,+,0,+,0,0,0,0,0,0,0,0,0,0,0,0,0,0,0,0,0,0,0,0,0,0,0,0,0,0,0,0,0,0,0,0,0,0,0,0,0,0,0,0,0,0,0,0,0,0,0,0,0,0,0,0,0,0,0,+,+,+,+,0,0,+,0,0,0,0,0,0,+,0,0,0,0,+
Luzula multiflora s. frigida,Luzula multiflora s. frigida (Buchenau) V.I. Krecz.,Luzula multiflora/frigida (Buch.) V. Krecz.,0,0,0,0,0,0,0,0,0,0,0,0,0,0,+,0,0,0,0,0,0,0,0,0,0,0,0,0,0,0,0,0,0,0,0,0,0,0,0,0,0,0,0,0,0,0,0,0,0,0,0,0,0,0,0,0,0,+,+,0,0,0,0,0,0,0,0,0,0,0,0,0,0,0,0,0,0,0,0,0,0,0,0,0,0,0,0,0,0,0,0,0,0,0,0,0,0,0,0,0,0,0,0,0,0,0,0,0,0,0,0,0,0,0,0,0,0,0,0,0,0
Luzula nivalis,Luzula nivalis (Laest.) Spreng.,Luzula nivalis,0,0,0,0,0,0,0,0,0,0,0.01,0,0,0,0,0,0,0,0,0,0,0,0,0,0,0,0,0,0,0,0,0,0,0,0,0,0,0,0,0,0,0,0,0,0,0,0,0,0,0,0,0,0,0,0,0,0,0,0,0,0,0,0,0,0,0,0,0,0,0,0,0,0,0,0,0,0,0,0,0,0,0,0,0,0,0,0,0,0,0,0,0,0,0,0,0,0,0,0,0,0,0,+,0,0,0,0,0,0,0,0,0,0,0,0,0,0,0,0,0,0
Luzula wahlenbergii,Luzula wahlenbergii Rupr.,Luzula wahlenbergii Rupr.,0,0,0,0,0.1,0.1,0,0,0,0.1,0,0,0.5,0,0,0,0,0,0.01,0.5,0,0,0,0,0,0,0,0,0,0,0,0,0,0,0,0,0,0,0,0,0,0,0,0,0,+,0,0,0,0,0,0,0,0,0,0,0,+,0,0,0,0,0,0,0,0,0,0,0,0,0,0,0,0,0,0,0,0,0,0,0,+,0,+,0,0,+,+,+,0,0,0,0,0,0,0,+,0,0,+,0,0,0,0,0,0,0,0,0,0,+,+,+,1,0,0,0,0,0,0,0
Lycopodium clavatum s. monostachyon,Lycopodium clavatum s. monostachyon (Grev. & Hook.) Selander,Lycopodium clavatum/monostachyon (Grev. et Hook.) Selander,0,0,0,0,0,0,0,0,0,0,0,0,0,0,+,0.1,0,0,0,0,0,0,0,0,0,0,0,0,0,0,0,0,0,0,0,0,0,0,0,0,0,0,0,0,0,0,0,0,0,0,0,0,0,0,0,0,0,0,0,0,0,0,0,0,0,0,0,0,0,0,0,0,0,0,0,0,0,0,0,0,0,0,0,0,0,0,0,0,0,0,0,0,0,0,0,0,0,0,0,0,0,0,0,0,0,0,0,0,0,0,0,0,0,0,0,0,0,0,0,0,0
Lycopodium selago s. arcticum,Huperzia arctica (Grossh. ex Tolm.) Sipliv.,Lycopodium selago/arcticum Tolm.,0,0,0,0,0,0,0.01,0,0,0,0.01,0,0,0,+,0.1,0,0,0,0,0,0,0,0,0,+,0,0,0,0,0,0,0,0,0,0,+,0,0,0,0,0,0,0,+,0,0,0,0,0,0,0,0,0,0,0,0,0,0,0,0,0,0,0,0,0,0,0,0,0,0,0,0,0,0,0,0,0,0,0,0,0,0,0,0,0,0,0,0,0,0,0,0,0,0,0,0,0,0,0,0,0,0,+,0,0,0,0,0,0,0,0,0,0,0,0,0,0,0,0,0
Minuartia macrocarpa,Minuartia macrocarpa (Pursh) Ostenf.,Minuartia macrocarpa (Pursh) Ostenf.,0,0,0,0,0,0,0,0,0,0,0,0,0,0,0,0,0,0,0,0,0,0,0,0,0,0,0,0,0,0,+,0,0,0,0,0,0,0,0,0,0,0,0,0,0,0,0,0,0,0,0,0,0,0,0,0,0,0,0,0,0,0,0,0,0,0,0,0,0,0,0,0,0,0,0,0,0,0,0,0,0,0,0,0,0,0,0,0,0,0,0,0,0,0,0,0,0,0,0,0,0,0,+,+,0,0,0,0,0,0,0,0,0,0,0,+,0,0,0,0,0
Myosotis asiatica,Myosotis alpestris s. asiatica Vestergr.,Myosotis asiatica,0,0,0,0,0,0,0,0,0,0,0,0,0,0,0,0,0,0,0,0,0,0,0,0,0,0,0,0,0,0,0,0,0,0,0,0,0,0,0,0,0,0,0,0,0,0,0,0,0,0,0,0,0,0,0,0,0,0,0,0,0,0,0,0,0,0,0,0,0,0,0,0,0,0,0,0,0,0,0,0,0,0,0,0,0,0,0,0,0,0,0,0,0,0,0,0,0,0,0,0,0,0,0,0,0,+,0,0,+,0,0,0,0,0,0,0,0,0,0,0,0
Myosotis palustris,Myosotis scorpioides L.,Myosotis palustris (L.) L.,0,0.1,0,0,0,0,0,0,0,0,0,0,0,0,0,0,0,0,0,0,0,0,0,0,0,0,0,0,0,0,0,0,0,0,0,0,0,0,0,0,0,0,0,0,0,0,0,0,0,0,0,0,0,0,0,0,0,0,0,0,0,0,0,+,0,0,0,0,0,0,0,0,0,0,0,0,0,0,0,0,0,0,0,0,0,0,0,0,0,0,0,0,0,0,0,0,0,0,0,0,0,0,0,0,0,0,0,0,0,0,0,0,0,0,0,0,0,0,0,0,0
Nardosmia frigida,Petasites frigidus (L.) Fr.,Nardosmia frigida (L.) Hook.,0,0.1,0,0,0,0,0,0,0,0,0,0,0,0,0,0,0,0,0,0,0,0,0,0,0,0.1,0,0,0,0,0,0,0,0,0,0,0,0,0,0,0,0,0,0,0,0.1,0,0,+,0,0,0,0,0,0,0,0,0,0,0,0,0,0,+,0,+,0,0,0,0,0,0,0,1,0,0,0,+,5,0,0,0,0,0,0,0,0,0,0,0,+,0,0,0,0,0,0,0,0,0,0,0,0,0,0,0,0,0,+,0,0,0,0,0,0,0,0,0,0,0,0
Nephroma arcticum,Nephroma arcticum (L.) Torss.,Nephroma arctica,0,0,0,0,0,0,0,0,0,0,0,0,0,0,0,0,0,0,0,0,0,0,0,0,0,0,0,0,0,0,0,0,0,0,0,0,0,0,0,0,0,0,0,0,0,0,0,0,0,0,0,0,0,0,0,0,0,0,1,0,0,0,+,0,0,0,0,0,0,0,0,0,0,0,0,0,0,+,0,0,0,0,0,0,0,0,0,0,0,0,0,0,0,0,0,0,0,0,0,0,0,0,0,0,0,0,0,0,0,0,0,0,0,0,0,0,0,0,0,0,0
Nephroma expallidum,Nephroma expallidum (Nyl.) Nyl.,Nephroma expallidum,0,0,0,0,0,0,0,0,0,0,0,0,0,0,0,0,0,0,0,0,0,0,0,0,0,+,0,0,0,0,0,0,0,0,0,0,0,0,0,0,0,0,0,0,0,0,0,0,0,0,0,0,0,0,0,0,0,0,0,0,0,0,0,0,0,0,0,0,0,0,0,0,0,0,0,0,0,0,0,0,0,0,0,0,0,0,0,0,0,0,0,0,0,0,0,0,0,0,0,0,0,0,0,0,0,0,0,0,0,0,0,0,0,0,0,0,0,0,0,0,0
Ochrolechia frigida,Ochrolechia frigida (Sw.) Lynge,Ochrolechia frigida,0,0,+,0,0,0,+,0,+,0,+,0,0,0,0,0,+,+,0,0,+,0,0,+,1,+,+,0,0,0,0,0,+,0,0,0,+,0,0,0,0,0,+,0,+,0,0,+,0,0,0,0,0,0,0,0,0,0,+,0,0,0,0,0,0,0,0,0,0,0,0,0,0,0,+,0,0,0,0,0,+,0,0,0,0,0,0,0,0,0,0,0,0,0,0,0,0,0,0,0,0,0,+,+,0,0,0,0,0,0,0,0,0,0,0,+,0,0,0,0,+
Oncophorus wahlenbergii,Oncophorus wahlenbergii Brid.,Oncophorus wahlenbergii,0,0,0,0,0,5,0,0,0,1,0,0,0,0,0,0,0,0,0,0,+,0,1,0,0,0,0,0,+,0,0,0,0,0,0,0,0,0,0,0,0,0,0,0,0,+,0,0,0,0,0,0,0,0,0,0,0,0,+,0,0,0,0,0,0,0,0,0,0,0,0,0,0,0,0,0,0,0,0,0,0,0,0,0,0,0,0,0,0,0,0,0,0,0,0,0,0,0,0,0,0,0,0,0,0,0,0,0,0,+,0,0,0,0,0,0,0,0,0,0,0
Oxyria digyna,Oxyria digyna (L.) Hill,Oxyria digyna (L.) Hill.,0,0,0,0,0,0,0,0,0,0,0,0,0,0,0,0,0,0,0,0,0,0,0,0,0,0.5,+,0,0.4,0,0,0,0,0,0,0,0,0,0,0,0,0,0,0,0,0,0,0,0,0,0,0,0,0,0,0,0,0,0,0,0,0,0,0,0,0,0,0,0,0,0,0,0,0,0,0,0,0,0,0,0,0,0,0,0,0,0,0,0,0,0,0,0,0,0,0,0,0,0,0,0,0,0,0,0,0,0,0,+,0,0,0,0,0,0,0,0,0,0,0,0
Oxytropis sordida s. sordida,Oxytropis sordida s. sordida (Willd.) Pers.,Oxytropis sordida/sordida,0,0,0,0,0,0,0,0,0,0,0,0,0,0,0,0,0,0,0,0,0,0,0,0,0,0,0,0,0,0,0,0,0,0,0,0,0,0,0,0,0,0,0,0,0,0,0,0,0,0,0,0,0,0,0,0,0,0,0,0,0,0,0,0,0,0,0,0,0,0,0,0,0,0,0,0,0,0,0,0,0,0,0,0,0,0,0,0,0,0,0,0,0,0,0,0,0,0,0,0,0,0,0,0,0,0,0,0,0,+,0,0,0,0,0,0,0,0,0,0,0
Pachypleurum alpinum,Pachypleurum alpinum Ledeb.,Pachypleurum alpinum Ledeb.,0,0,0.01,0,0,0,0,0,0,0,0,0,0,0,0,0.1,0,0,0,0,0,0,0,0,0,0,0.01,0,0,0,0,0,0,0,0,0,0,0,0,0,0,0,0,0,0,0,0,0,0,0,0,0,0,0,0,0,0,0,0,0,0,0,0,0,0,0,0,0,0,0,0,0,0,0,0,0,0,0,0,0,0,0,0,0,0,0,0,0,0,0,0,0,0,0,0,0,0,0,0,0,0,0,0,0,0,0,0,0,1,0,0,0,0,0,0,0,0,0,0,0,0
Paludella squarrosa,Paludella squarrosa (Hedw.) Brid.,Paludella squarrosa,0,0,0,0,0,0,0,0,0,0,0,0,0,0,0,0,0,0,0,0,0,0,0,0,0,2,0,10,0,0,0,0,0,0,0,30,0,0,0,0,0,0,0,0,+,10,0,0,+,0,0,0,0,0,0,0,0,+,0,0,0,0,0,0,0,0,0,0,0,0,0,0,0,0,0,0,0,0,0,0,0,0,0,0,0,0,0,0,0,0,0,0,0,0,0,0,0,0,0,0,0,0,0,0,10,0,0,0,0,0,0,0,0,0,0,0,0,0,0,0,0
Parmelia omphalodes s. lat.,Parmelia omphalodes s. lat. (L.) Ach.,Parmelia omphalodes,0,0,0,0,0,0,0,0,0,0,0,0,0,0,0,0,0,0,0,0,0,0,0,0,0,0,0,0,0,0,0,0,0,0,0,0,0,0,0,0,0,0,0,0,0,0,0,0,0,0,0,0,0,0,0,0,0,0,0,0,0,0,0,0,0,0,0,0,0,0,0,0,0,0,0,0,0,0,0,0,0,0,0,0,0,0,0,0,0,0,0,0,0,0,0,0,0,0,0,0,0,0,+,0,0,0,0,0,0,0,0,0,0,0,0,0,0,0,0,0,0
Parnassia palustris v. neogaea,Parnassia palustris s. neogaea (Fernald) Hult?n,Parnassia palustris/neogaea (Fern.) Hult.,0,0,0,0,0,0,0,0,0,0,0,0,0,0,0,0,0,0,0,0,0,0,0,0,0,0,0,0,0,0,0,0,0,0,0,0,0,0,0,0,0,0,0,0,0,0,0,0,0,0,0,0,0,0,0,0,0,0,0,0,0,0,0,0,0,0,0,0,0,0,0,0,0,0,0,0,0,0,0,0,0,0,0,0,0,0,0,0,0,0,0,0,0,0,0,0,0,0,0,0,0,0,0,0,0,0,0,0,+,0,0,0,0,0,0,0,0,0,0,0,0
Pedicularis compacta,Pedicularis compacta Stephan ex Willd.,Pedicularis compacta,0,0,0,0,0,0,0,0,0,0,0,0,0,0,0,0,0,0,0,0,0,0,0,0,0,0,0,0,0,0,0,0,0,0,0,0,0,0,0,0,0,0,0,0,0,0,0,0,0,0,0,0,0,0,0,0,0,0,0,0,0,0,0,0,0,0,0,0,0,0,0,0,0,0,0,0,0,0,0,0,0,0,0,0,0,0,0,0,0,0,0,0,0,0,0,0,0,0,0,0,0,0,0,0,0,0,0,0,+,0,0,0,0,0,0,0,0,0,0,0,0
Pedicularis hirsuta,Pedicularis hirsuta L.,Pedicularis hirsuta L.,0,0,0.01,0,0,0,0,0,0,0,0,0,0,0,0,0,0,0,0,0,0,0,0,0,0,0,0,0,0,+,0,0,0,0,0,0,0,0,0,0,0,+,0,0,0,0,0,0,0,0,0,0,0,0,0,0,0,0,0,0,0,0,0,0,0,0,0,0,0,0,0,0,0,0,0,0,0,0,0,0,0,0,0,0,0,0,0,0,0,0,0,0,0,0,0,0,0,0,0,0,0,0,+,0,0,+,0,0,0,0,0,0,0,0,0,+,0,0,0,0,0
Pedicularis hyperborea,Pedicularis hyperborea Vved.,Pedicularis hyperborea Vved.,0,0,0,0,0,0,0,0,0,0,0,0,0,0,0,0,0,0,0,0,0,0,0,0,0,0,0,0,0,0,0,0,0,0,0,0,0,0,0,0,0,0,0,0,0,0,0,0,0,0,0,0,0,0,0,0,0,0,0,0,0,0,0,0,0,0,0,0,+,0,0,0,0,0,0,0,0,0,0,0,0,0,0,0,0,0,0,0,0,+,0,0,0,0,0,0,0,0,0,0,0,0,0,0,0,0,0,0,0,0,0,0,0,0,0,0,0,0,0,0,0
Pedicularis labradorica,Pedicularis labradorica Wirsing,Pedicularis labradorica,0,0,0,0,0.1,0,0,0,0,0,0,0,0,0,0,0,0.1,0,0,0,+,0,0,0,0,0,0,0,0,0,0,+,0,0,0,0,0,0,0,0,0,0,0,0,0,0,0,0,0,0,0,0,0,0,0,0,0,0,0,0,0,0,0,0,0,0,0,0,0,0,0,0,0,0,0,0,0,0,0,0,0,0,0,0,0,0,0,0,0,0,0,0,0,0,0,0,0,0,0,0,0,0,0,0,0,0,0,0,0,0,0,0,0,+,0,0,0,0,0,0,0
Pedicularis lapponica,Pedicularis lapponica L.,Pedicularis lapponica L.,0,0,0,0,0,0,0,0,0,0,0,0,0,0,0,0,0.01,0,0,0,0,0,0,0,0,0,0,0,0,0,0,0,0,0,0,0,0,0,0,0,0,0,0,0,0,0,0,0,+,0,0,0,0,0,0,0,0,0,0,0.1,0,0,+,0,0,0,0,0,0,0,0,0.1,0,0,0,0,0,0,0,0,0,0,+,0,0,0,0,0,0,0,0,0,0,0,0,0,0,0,0,0,0,0,0,0,0,0,0,0,0,0,0,0.1,+,0,0,0,0,0,0,0,0
Pedicularis sceptrum-carolinum,Pedicularis sceptrum-carolinum L.,Pedicularis sceptum carolinum,0,0,0,0,0,0,0,0,0,0,0,0,0,0,0,0,0,0,0,0,0,0,0,0,0,0,0,0,0,0,0,0,0,0,0,0,0,0,0,0,0,0,0,0,0,0,0,0,0,0,0,0,0,0,0,0,0,0,0,0,0,0,0,0,0,0,0,0,0,0,0,0,0,0,0,0,0,0,0,0,0,0,0,0,0,0,0,0,0,0,0,0,0,0,0,0,0,0,0,0,0,0,0,0,0,0,0,0,0,2,0,0,0,0,0,0,0,0,0,0,0
Pedicularis sudetica s. interioroides,Pedicularis interior (Hult?n) Molau & D.F. Murray,Pedicularis sudetica/interioroides Hult.,0,0,0,0,0,0,0,0,0,0,0,0,0,0,0,0,0,0,0,0,0,0,0,0,0,+,0,0,0,0,0,0,0,0,0,0,0,0,0,0,0,0,0,0,0,+,0,0,0,0,0,0,0,0,0,0,0,+,0,0,0,0,0,0,0,0,0,0,0,+,0,0.1,0,0,0,0,0,0,+,0,0,+,0,0,0,0,0,0,+,0,0,0,0,0,0,0,0,0,0,0,0,0,0,0,0,0,0,0,0,0,+,0,0,0,0,0,0,0,0,0,0
Peltigera aphthosa,Peltigera aphthosa (L.) Willd.,Peltigera aphtosa,0,0,0,0,0,0,0,0,0,0,0,0,0,0,0,0,0,0,0,0,0,0,0,0,0,0,0,0,0,0,0,0,0,+,0,0,0,0,0,0,0,0,0,0,0,0,0,0,0,0,0,0,0,0,0,0,0,0,0,+,0,0,0,0,0,0,0,0,0,0,0,0,+,0,0,0,0,0,0,0,0,0,0,0,0,0,0,0,0,0,0,0,0,0,0,0,0,0,0,0,0,0,+,0,0,0,0,0,0,0,0,0,0,0,0,0,0,0,0,0,0
Peltigera didactyla s.lat.,Peltigera didactyla s.lat. (With.) Laundon,Peltigera didactyla,0,0,0,0,0,0,0,0,0,0,0,0,0,0,0,0,0,0,0,0,0,0,0,0,0,0,0,0,0,0,0,0,0,0,0,0,0,0,0,0,0,0,0,0,0,0,0,0,0,0,0,0,0,0,0,0,0,0,0,0,0,0,0,1,0,0,0,0,0,+,0,0,0,0,0,0,0,0,0,0,0,0,0,0,0,0,0,0,0,0,0,0,0,0,0,0,0,0,0,0,0,0,0,0,0,0,0,0,0,0,0,0,0,0,0,0,0,0,0,0,0
Peltigera leucophlebia,Peltigera leucophlebia (Nyl.) Gyeln.,Peltigera leucophlebia,0,0,+,0,0,0,0,0,0,0,0,0,0,+,0,0,0,0,0,0,0,0,0,0,0,1,0,0,0,0,0,0,0,0,0,0,0,+,0,0,0,0,0,0,0,0,0,0,+,0,0,0,0,0,0,0,0,0,+,0,0,0,0,0,0,0,0,0,0,0,0,0,0,0,0,0,0,0,0,0,0,0,0,0,0,0,0,0,0,0,0,0,0,+,0,0,0,0,0,0,0,0,0,0,0,+,0,0,+,+,0,0,0,0,0,0,0,0,0,0,0
Peltigera malacea,Peltigera malacea (Ach.) Funck,Peltigera malacea,0,0,0,0,0,0,0,0,0,0,0,0,0,0,0,0,0,0,0,0,0,0,0,0,0,0,0,0,0,0,0,0,0,+,0,0,0,+,0,0,0,0,0,0,+,0,0,0,0,0,0,0,0,0,0,0,0,0,0,0,0,0,0,0,0,0,0,0,0,0,0,0,0,0,0,0,0,0,0,0,0,0,0,0,0,0,0,0,0,0,0,0,0,0,0,0,0,0,0,0,0,0,0,2,0,0,0,0,0,0,0,0,0,0,0,0,0,0,0,0,0
Peltigera polydactylon,Peltigera polydactylon (Neck.) Hoffm.,Peltigera polydactylon,0,0,0,0,0,0,0,0,0,0,0,0,0,0,0,0,+,0,0,0,0,0,0,0,0,0,0,0,0,0,0,0,0,0,0,0,0,0,0,0,0,0,0,0,0,0,+,0,0,0,0,0,0,0,0,0,0,0,0,0,0,0,0,0,0,0,0,0,0,0,+,0,0,0,0,+,+,0,0,0,0,0,+,0,0,0,0,0,0,0,0,0,0,+,+,+,0,0,+,0,0,0,0,0,0,0,0,0,0,0,0,0,0,0,0,0,0,0,0,0,0
Peltigera ponojensis,Peltigera ponojensis Gyelnik,Peltigera ponojensis,0,0,0,0,0,0,0,0,0,0,0,0,0,0,0,0,0,0,0,0,0,0,0,0,0,0,0,0,0,0,0,0,0,0,0,0,0,0,0,0,0,0,0,0,0,0,0,0,0,0,0,0,0,0,0,0,0,0,0,0,0,0,0,0,0,0,0,0,0,0,0,0,0,0,0,0,0,0,0,0,0,0,0,0,0,0,0,0,0,0,0,0,0,0,+,0,0,0,0,0,0,0,0,0,0,0,0,0,0,+,0,0,0,0,0,0,0,0,0,0,0
Peltigera rufescens,Peltigera rufescens (Weis) Humb.,Peltigera rufescens,0,0,+,0,0,0,0,0,0,0,0,0,0,0,0,0,0,0,0,0,0,0,0,0,0,0,0,0,0,0,0,0,0,+,0,0,0,0,0,0,0,0,0,0,0,0,0,0,0,0,0,0,0,0,0,0,0,0,0,0,0,0,0,0,0,0,0,0,0,0,0,0,0,0,0,0,0,0,0,0,0,0,0,0,0,0,0,0,0,0,0,0,0,0,0,0,0,0,0,0,0,0,0,0,0,0,0,0,0,0,0,0,0,0,0,0,0,0,0,0,0
Peltigera scabrosa,Peltigera scabrosa Th. Fr.,Peltigera scabrosa,0,0,0,0,+,0,0,0,0,0,0,0,0,0,0,0,0,0,0,0,0,0,0,0,0,0,0,0,0,0,0,0,0,0,0,0,+,0,0,+,0,0,0,0,+,+,0,0,0,0,0,0,0,0,0,0,0,+,+,0,0,0,+,0,0,0,0,0,0,0,0,0,1,+,0,+,0,1,+,0,0,0,1,0,0,0,0,0,0,0,0,+,+,1,1,0,+,0,0,0,0,0,0,0,0,0,0,0,0,0,0,0,0,0,0,0,0,0,0,0,0
Peltigera species,Peltigera species,Peltigera sp.,0,0,0,0,0,0,0,0,0,0,0,0,0,0,1,0,0,0,0,0,0,0,0,0,0,0,0,0,0,0,0,0,0,0,0,0,0,0,0,0,0,0,0,0,0,0,0,0,0,0,0,0,0,0,0,0,0,0,0,0,0,0,0,0,0,0,0,0,0,+,0,0,0,0,0,0,0,0,0,0,0,0,0,0,0,0,0,0,0,0,0,0,0,0,0,0,0,0,0,0,0,0,0,0,0,0,0,0,0,0,0,+,0,0,0,0,0,0,0,0,0
Pertusaria dactylina,Pertusaria dactylina (Ach.) Nyl.,Pertusaria dactylina,0,0,0,0,0,0,+,0,+,0,0,0,0,0,0,0,+,0,0,0,+,0,0,0,0,0,0,0,0,+,0,0,0,0,0,0,0,+,+,0,0,0,+,0,0,0,0,0,0,0,0,0,0,0,0,0,0,0,0,0,0,0,0,0,0,0,0,0,0,0,0,0,0,0,0,0,0,0,0,0,0,0,0,0,0,0,0,0,0,0,0,0,0,0,0,0,0,0,0,0,0,0,+,0,0,0,0,0,0,0,0,0,0,0,0,0,0,0,0,0,0
Pertusaria oculata,Pertusaria oculata (Dicks.) Th. Fr.,Pertusaria oculata,0,0,0,0,0,0,0,0,0,0,0,0,0,0,0,0,0,0,0,0,0,0,0,0,0,0,0,0,0,+,0,0,0,0,0,0,0,0,0,0,0,0,0,0,0,0,0,0,0,0,0,0,0,0,0,0,0,0,+,0,0,0,0,0,0,0,0,0,0,0,0,0,0,0,0,0,0,0,0,0,0,0,0,0,0,0,0,0,0,0,0,0,0,0,0,0,0,0,0,0,0,0,+,+,0,0,0,0,0,0,0,0,0,0,0,0,0,0,0,0,0
Pertusaria panyrga,Pertusaria panyrga (Ach.) A. Massal.,Pertusaria panyrga,0,0,0,0,0,0,+,0,+,0,0,0,0,0,0,0,0,0,0,0,0,0,0,0,0,0,0,0,0,0,0,0,+,0,0,0,0,0,0,0,0,0,+,0,0,0,0,0,0,0,0,0,0,0,0,0,0,0,0,0,0,0,0,0,0,0,0,0,0,0,0,0,0,0,0,0,0,0,0,0,0,0,0,0,0,0,0,0,0,0,0,0,0,0,0,0,0,0,0,0,0,0,+,0,0,0,0,0,0,0,0,0,0,0,0,0,0,0,0,0,0
Plagiomnium cuspidatum,Plagiomnium cuspidatum (Hedw.) T. Kop.,Plagiomnium cuspidatum,0,0,0,0,0,0,0,0,0,0,0,0,0,0,0,0,0,0,0,0,0,0,0,0,0,0,0,0,0,0,0,0,0,0,0,0,0,0,0,0,0,0,0,0,0,0,0,0,0,0,0,0,0,0,0,0,0,0,0,0,0,0,0,0,0,0,0,0,0,0,0,0,0,0,0,0,0,0,+,0,0,0,0,0,0,0,0,0,0,0,0,0,0,0,0,0,0,0,0,0,0,0,0,0,0,0,0,0,+,0,0,0,0,0,0,0,0,0,0,0,0
Plagiomnium ellipticum,Plagiomnium ellipticum (Brid.) T. Kop.,Plagiomnium ellipticum,0,+,0,0,0,0,0,0,0,0,0,0,0,0,0,0,0,0,0,0,0,0,0,0,0,0,0,0,0,0,0,0,0,0,0,0,0,0,0,0,0,0,0,0,0,0,0,0,0,0,0,0,0,0,0,0,0,0,0,0,0,0,0,+,+,+,0,0,0,2,0,0,0,0,0,0,0,0,0,0,0,0,0,0,0,0,0,0,0,0,0,0,0,0,0,0,0,0,0,0,0,0,0,0,0,0,0,0,0,0,0,0,0,0,0,0,0,0,0,0,0
Plagiothecium berggrenianum,Plagiothecium berggrenianum Frisvoll,Plagiothecium berggrenianum,0,0,0,0,0,0,0,0,0,0,0,0,0,0,0,0,0,0,0,0,0,0,0,0,0,0,0,0,0,0,0,0,0,0,+,0,0,0,0,0,0,0,0,0,0,0,0,0,0,0,0,0,0,0,0,0,0,0,0,0,0,0,0,0,0,0,0,0,0,0,0,0,0,0,0,0,0,0,0,0,0,0,0,0,0,0,0,0,0,0,0,0,0,0,0,0,0,0,0,0,0,0,0,0,0,0,0,0,0,0,0,0,0,0,0,0,0,0,0,0,0
Plagiothecium denticulatum,Plagiothecium denticulatum (Hedw.) Schimp.,Plagiothecium denticulatum,0,0,0,0,0,0,0,0,0,0,0,0,0,0,0,0,0,0,0,0,0,0,0,0,0,0,0,0,0,0,0,0,0,0,0,0,0,0,0,0,0,0,0,0,0,0,0,0,0,0,0,0,0,0,0,0,0,0,0,0,0,0,0,0,0,0,0,0,0,+,0,0,0,0,0,0,0,0,0,0,0,0,0,0,0,0,0,0,0,0,0,0,0,0,+,0,0,0,0,0,0,0,0,0,0,0,0,0,0,0,0,0,0,0,0,0,0,0,0,0,0
Pleurozium schreberi,Pleurozium schreberi (Willdenow ex Brid.) Mitt.,Pleurozium schreberi,0,+,0,0,5,2,0,0,0,0,0,0,+,0,0,0,1,1,0,+,+,0,0,0,0,0,+,0,+,0,0,+,0,0,10,0,5,5,5,0,+,+,+,10,+,0,5,+,0,+,0,0,0,0,5,+,0,5,+,+,0,0,+,0,0,0,0,0,0,0,2,0,0,+,+,+,0,10,0,0,5,0,0,0,0,0,0,0,0,0,+,+,10,0,0,10,0,0,0,0,0,0,0,10,0,+,0,0,+,0,0,0,0,0,0,0,0,0,0,0,0
Poa alpigena,Poa pratensis s. alpigena (Lindm.) Hiitonen,Poa alpigena/alpigena,0,0.5,+,0.1,0,0,0,0,0.01,0,0,0,0,0,+,0.1,1,0,0,0,0,0,0,0,0,1,0.1,0,0,0.1,0,0,0,1,0,0,+,+,0,0,0,2,0.01,0,1,0.1,+,0,0.1,0,0,+,0,0,0,0,0,+,+,0,0,0,0,10,5,2,0,0,+,+,0,0.1,0,0,0,+,0,+,0,0,0,0,0,0,0,0,0,0,0,0,0,0,0,0,0,0,0,0,0,0,0,0,0,0,0,5,+,0,+,+,0,0,0,0,0,0,0,0,0,0,0
Poa alpigena s. colpodea,Poa pratensis s. colpodea (Th. Fr.) Tzvelev,Poa alpigena/colpodea (Th.Fries) Jurtz. et Petrovsky,1,0,0,0,0,0,0,0,0,0,0,0,0,0,0,0,0,0,0,0,0,0,0,0,0,0,0,0,0,0,0,0,0,0,0,0,0,0,0,0,0,0,0,0,0,0,0,0,0,0,0,0,0,0,0,0,+,0,0,0,0,0,0,0,0,0,0,0,0,0,0,0,0,0,0,0,0,0,0,0,0,0,0,0,0,0,0,0,0,0,0,0,0,0,0,0,0,0,0,0,0,0,0,0,0,0,0,0,0,+,0,0,0,0,0,0,0,0,0,0,0
Poa arctica s. arctica,Poa arctica s. arctica R. Br.,Poa arctica/arctica,0,0.1,0,0,0,0,0,0,0,0,0,0,0,0.5,0,0,0,0,0,0,0,0,0,0,0,0.5,0,0,0,0,0,0,0,+,+,0,0,0,0,1,0,0,0.01,0.1,0,0,0,0,0,0,0,0,0,0,0,0,0,0,+,0,+,0,+,0,0,0,0,0,0,0,0,0,0,+,0,0,0,+,3,0,0,0,0,0,0,0,0,0,0,0,1,0,0,0,0,0,0,0,0,0,0,0,+,0,0,+,+,0,0,0,0,+,+,1,0,0,0,0,0,0,1
Pogonatum dentatum,Pogonatum dentatum (Menzies ex Brid.) Brid.,Pogonatum dentatum,0,0,2,0,0,0,0,+,+,0,0,0,0,0,0,0,+,0,0,0,0,0,0,0,0,0,+,0,0,+,0,0,0,0,0,0,+,0,0,0,0,+,0,0,0,0,0,0,0,0,0,0,0,0,0,0,0,0,0,0,0,0,0,0,0,0,0,0,0,0,0,0,0,0,0,0,0,0,0,0,0,0,0,0,0,0,0,0,0,0,0,0,0,0,0,0,0,0,0,0,0,0,0,0,0,0,0,0,0,0,0,0,0,0,0,0,0,0,0,0,15
Pohlia cruda,Pohlia cruda (Hedw.) Lindb.,Pohlia cruda,0,0,0,0,0,0,0,0,0,0,0,0,0,0,0,0,0,0,0,0,0,0,0,0,0,0,0,0,0,0,0,0,0,0,0,0,0,0,0,0,0,0,0,0,+,0,0,0,0,0,0,0,0,0,0,0,0,0,0,0,0,0,0,0,0,0,0,0,0,0,0,0,0,0,0,0,0,0,0,0,0,0,0,0,0,0,0,0,0,0,0,0,0,0,0,0,0,0,0,0,0,0,0,0,0,0,0,0,0,0,0,0,0,0,0,0,0,0,0,0,0
Pohlia drummondii,Pohlia drummondii (C. M?ll.) Andrews,Pohlia drummondii,0,0,0,0,0,0,0,0,0,0,0,0,0,0,0,0,0,0,0,0,0,0,0,0,0,0,0,0,0,0,0,0,0,0,0,0,0,0,0,0,0,0,0,0,0,0,0,0,0,0,0,0,0,0,0,0,0,0,0,0,0,0,0,0,0,0,0,0,0,0,0,0,0,0,0,0,0,0,0,0,0,0,0,0,0,0,0,0,0,0,0,0,0,0,0,0,0,0,0,0,0,0,0,0,0,0,0,0,+,+,0,0,0,0,0,0,0,0,0,0,0
Pohlia nutans,Pohlia nutans (Hedw.) Lindb.,Pohlia nutans,0,+,0,0,+,0,0,0,0,0,0,0,0,0,0,+,+,0,0,0,0,0,0,0,0,0,0,0,0,0,0,0,0,0,0,0,0,0,0,0,0,0,0,0,+,+,0,0,0,0,0,0,0,0,0,0,0,0,+,0,0,0,0,+,0,0,0,0,0,0,0,0,0,0,0,0,0,0,0,0,0,0,0,0,0,0,0,0,0,0,0,0,0,0,0,0,0,0,0,0,0,0,0,0,0,0,0,0,0,0,0,0,0,0,0,0,0,0,0,0,0
Pohlia proligera,Pohlia proligera (Kindb.) Broth.,Pohlia proligera,0,0,0,0,0,0,0,0,0,0,0,0,0,0,0,0,0,0,0,0,0,0,0,0,0,0,0,0,0,0,0,0,0,0,0,0,0,0,0,0,0,+,0,0,0,0,0,0,0,0,0,0,0,0,0,0,0,0,0,0,0,0,0,0,0,0,0,0,0,0,0,0,0,0,0,0,0,0,0,0,0,0,0,0,0,0,0,0,0,0,0,0,0,0,0,0,0,0,0,0,0,0,0,0,0,0,0,0,0,0,0,0,0,0,0,0,0,0,0,0,0
Pohlia species,Pohlia species,Pohlia sp.,0,0,0,0,0,0,+,+,0,0,0,0,0,0,0,0,0,0,0,0,0,0,0,0,0,0,+,0,0,0,+,0,0,0,0,0,0,0,0,0,0,0,0,0,0,0,0,0,0,0,0,0,0,0,0,0,0,0,0,0,0,0,0,0,0,0,0,0,0,0,0,0,0,0,0,0,0,0,0,0,0,0,0,0,0,0,0,0,0,0,0,0,0,0,0,0,0,0,0,0,0,0,0,0,0,0,0,0,0,0,0,0,0,0,0,0,0,0,0,0,0
Polemonium acutiflorum,Polemonium acutiflorum Willd.,Polemonium acutiflorum Willd. ex Roem. et Schult.,0,0.2,0,0,0,0,0,0,0,0,0,0,0,0,0.5,0.5,0,0,0,0,0,0,0,0,0,1,0,0,0,0,0,0,0,0,0,0,0,0,0,0,0,0,0,0,0,1,0,0,0,0,0,0,0,0,0,0,0,0,0,0,0,0,0,1,1,+,0,0,0,+,0,0,0,0,0,0,0,0,0.1,0,0,0,0,0,0,0,0,0,0,0,0,0,0,0,0,0,0,0,0,0,0,0,0,0,+,+,0,0,1,0,0,0,0,0,0,0,0,0,0,0,0
Polygonum bistorta s. ellipticum,"Bistorta elliptica (Willd. ex Spreng.) Kom. ex V.V. Petrovsky, D.F. Murray & Elven",Polygonum bistorta/elliptica =  Bistorta elliptica,0,0.1,0.1,0,0,0,0,0,0,0,0,0,0,0,0,0,0,0,0,0,0,0,0,0,0,0,0,0,0,0,0,0,0,0,0,0,0,0,0,0,0,0,0,0,0,0,0,0,0,0,0,0,0,0,0,0,0,0,0,0,0,0,0,0,0,0,0,0,0,0,0,0,0,0,0,0,0,0,0,0,0,0,0,0,0,0,0,0,0,0,0,0,0,0,0,0,0,0,0,0,0,0,0,0,0,0,0,0,0,+,0,0,0,0,0,0,0,0,0,0,0
Polygonum ocreatum,Aconogonon ochreatum (L.) H. Hara,Polygonum ocreatum L. =Aconogonon ocreatum ,0,0.1,0.1,0,0,0,0,0,0,0,0,0,0,0,0,0.5,0,0,0,0,0,0,0,0,0,0,0,0,0,0,0,0,0,0,0,0,0,0,0,0,0,0,0,0,0,0,0,0,0,0,0,0,0,0,0,0,0,0,0,0,0,0,0,0,0,0,0,0,0,0,0,0,0,0,0,0,0,0,0,0,0,0,0,0,0,0,0,0,0,0,0,0,0,0,0,0,0,0,0,0,0,0,0,0,0,0,0,0,0,+,0,0,0,0,0,0,0,0,0,0,0
Polygonum viviparum,Bistorta vivipara (L.) Delarbre,Polygonum viviparum L.= Bistorta vivipara,0,3,0.1,0,0,0,0,0,0,0,0,0,0,0,0.5,1,0.1,0,0,0,0,0,0,0,0,2,1,0,0.1,0,0,0,0,0,3,0,1,0,0,0,0,0,0,0,1,0.1,+,0,0.1,0,0,0,0,0,0,0,0,1,+,0,0,0,0,0,0,0,0,0,0,1,0,0,0,0,0,0,0,0,7,0,0,0,0,0,0,0,0,0,0,0,0,0,0,0,0,0,0,0,0,0,0,0,+,0,+,10,+,0,3,2,0,0,0,0,0,+,0,0,0,0,0
Polytrichum alpinum,Polytrichastrum alpinum (Hedw.) G. L. Sm.,Polytrichum alpinum,0,0,0,0,0,0,0,+,0,0,0,0,0,0,0,0,0,0,0,0,0,0,0,0,0,0,0,0,0,0,0,0,0,0,0,0,0,0,0,0,0,0,0,0,0,0,0,0,0,0,0,0,0,0,0,0,0,0,0,0,0,0,0,0,0,0,0,0,0,0,0,0,0,0,0,0,0,0,0,0,0,0,0,0,0,0,0,0,0,0,0,0,0,0,0,0,0,0,0,0,0,0,0,0,0,0,0,0,0,0,0,0,0,0,0,0,0,0,0,0,0
Polytrichum assimile,Polytrichum commune Hedw.,Polytrichum commune Hedw.,0,0,0,0,0,0,0,0,0,0,0,0,0,0,0,0,0,0,0,0,0,0,0,0,0,0,0,0,0,0,0,0,0,0,0,0,0,0,0,0,0,0,0,0,0,0,0,0,0,0,0,0,0,0,0,0,0,10,0,0,0,0,0,0,0,0,0,0,0,0,0,0,0,0,0,0,0,0,0,0,0,0,0,0,0,0,0,0,0,0,0,0,0,0,0,0,0,0,0,0,0,0,0,0,0,0,0,0,0,0,0,0,0,0,0,0,0,0,0,0,0
Polytrichum hyperboreum,Polytrichum hyperboreum R. Br.,Polytrichum hyperboreum R.Br.,0,0,5,0,5,10,15,+,5,0,0,0,0,0,40,+,0,0,0,0,0,0,0,0,5,0,10,0,30,5,5,0,0,0,0,0,15,15,15,0,0,10,10,0,10,0,1,10,10,0,0,20,0,0,0,0,0,0,0,0,0,0,0,0,0,0,0,0,0,0,0,0,0,5,5,0,0,0,0,0,0,0,0,0,0,0,0,0,0,0,0,0,0,0,0,0,0,0,0,0,0,0,+,0,0,0,25,0,+,0,0,0,0,0,0,0,0,0,0,0,0
Polytrichum jensenii,Polytrichum jensenii I. Hagen,Polytrichum jensenii I.Hagen,0,0,0,0,0,0,0,0,0,20,0,0,0,+,0,0,0,0,10,2,0,5,5,0,0,0,0,0,0,0,0,0,0,0,0,0,0,0,0,0,0,0,0,0,0,0,0,0,0,0,5,0,1,0,0,0,0,0,0,0,20,0,5,0,0,0,0,0,0,0,0,0,0,0,0,0,0,0,0,0,0,5,5,5,0,0,3,0,0,0,3,+,0,0,+,0,10,0,0,+,0,0,0,0,+,0,0,0,0,0,10,0,0,0,+,0,0,0,10,0,0
Polytrichum altisetum v. humilisetum,Polytrichum juniperinum Hedw.,Polytrichum juniperinum Hedw.,0,0,0,0,20,0,0,5,15,0,10,40,0,0,10,0,0,5,0,0,5,0,0,5,5,15,0,0,10,0,5,10,10,10,+,0,7,+,0,0,+,0,0,10,0,0,0,0,0,0,0,40,0,10,10,2,0,40,30,10,+,+,20,0,0,0,0,0,0,0,10,0,0,0,0,5,10,5,+,0,0,0,0,0,0,0,0,1,0,0,0,0,5,0,10,+,0,0,0,0,20,30,5,30,0,+,+,0,0,0,0,0,10,0,0,0,10,20,0,0,0
Polytrichum longisetum,Polytrichum longisetum Swartz ex Brid.,Polytrichum longisetum,0,0,0,0,0,0,0,0,0,0,0,0,0,0,0,0,0,0,0,0,0,0,0,0,0,0,0,0,0,0,0,0,0,0,0,0,0,0,0,0,0,0,0,0,0,0,0,0,0,0,0,0,0,0,0,0,0,0,0,0,0,0,0,+,0,0,0,0,0,+,0,0,0,0,0,0,0,0,0,0,0,0,0,0,0,0,0,0,0,0,0,0,0,0,0,0,0,0,0,0,0,0,0,0,0,0,0,0,0,0,0,0,0,0,0,0,0,0,0,0,0
Polytrichum antarcticum,Polytrichum piliferum Hedw.,Polytrichum piliferum Hedw.,0,2,0,10,0,0,5,0,0,0,0,0,0,0,0,5,3,0,0,0,0,0,0,0,0,0,0,0,0,0,+,0,0,+,0,0,0,0,0,0,0,0,0,0,0,0,0,0,0,0,0,0,0,0,0,0,0,0,10,0,0,0,0,0,0,0,0,0,0,0,0,0,0,0,0,0,0,0,0,0,0,0,0,0,0,0,0,0,0,0,0,0,0,0,0,0,0,0,0,0,0,0,0,0,0,0,0,0,0,0,0,0,0,0,0,+,0,0,0,0,0
Polytrichum strictum,Polytrichum strictum Menzies ex Brid.,Polytrichum strictum Brid.,0,0,0,0,0,0,0,0,0,0,0,0,10,0,0,0,0,0,0,0,0,0,0,0,0,0,0,0,0,0,0,0,0,0,20,0,0,0,0,0,0,0,0,0,0,0,0,0,0,0,0,0,0,0,0,0,0,0,0,0,0,0,0,0,0,0,0,0,0,0,0,0,0,0,0,0,0,0,0,0,0,0,0,0,0,0,0,0,0,0,0,0,0,0,+,0,0,0,0,0,0,0,20,+,0,10,0,0,0,0,0,0,0,0,0,0,0,0,0,0,0
Protopannaria pezizoides,Protopannaria pezizoides (Web.) P.M.Jorg. & S.Ekman,Protopannaria pezizoides,0,0,+,0,0,0,0,0,0,0,0,0,0,0,0,0,0,0,0,0,0,0,0,0,0,0,0,0,0,0,0,0,0,0,0,0,0,0,0,0,0,0,0,0,0,0,0,0,0,0,0,0,0,0,0,0,0,0,0,0,0,0,0,0,0,0,0,0,0,0,0,0,0,0,0,0,0,0,0,0,0,0,0,0,0,0,0,0,0,0,0,0,0,0,0,0,0,0,0,0,0,0,0,+,0,0,0,0,0,0,0,0,0,0,0,0,0,0,0,0,0
Psilopilum cavifolium,Psilopilum cavifolium (Wils.) I. Hagen,Psilopilum cavifolium,0,0,0,0,0,0,0,0,0,0,0,0,0,0,0,0,0,0,0,0,0,0,0,0,0,0,0,0,0,0,0,0,0,0,0,0,0,0,0,0,0,5,0,0,0,0,0,0,0,0,0,0,0,0,0,0,0,0,0,0,0,0,0,0,0,0,0,0,0,0,0,0,0,0,0,0,0,0,0,0,0,0,0,0,0,0,0,0,0,0,0,0,0,0,0,0,0,0,0,0,0,0,0,0,0,0,0,0,0,0,0,0,0,0,0,0,0,0,0,0,0
Psoroma hypnorum,Psoroma hypnorum (Vahl) S.F.Gray,Psoroma hypnorum,0,0,0,0,0,0,0,0,0,0,0,0,0,0,0,0,0,0,0,0,0,0,0,0,0,+,0,0,0,0,0,0,+,0,0,0,+,+,0,0,0,0,+,0,0,0,0,0,0,0,0,0,0,0,0,0,0,0,+,0,0,0,0,0,0,0,0,0,0,0,0,0,0,0,0,0,0,0,0,0,0,0,0,0,0,0,0,0,0,0,0,0,0,0,0,0,0,0,0,0,0,0,0,0,0,0,0,0,0,0,0,0,0,0,0,0,0,0,0,0,0
Ptilidium ciliare,Ptilidium ciliare (L.) Hampe,Ptilidium ciliare,0,0,+,5,5,+,+,0,0,0,+,0,0,0,0,0,3,1,0,0,+,0,0,5,+,0,10,0,0,+,0,0,0,10,0,0,2,5,+,0,0,+,+,5,0,0,5,1,0,+,0,0,0,0,+,+,0,0,+,+,0,10,5,0,0,0,0,0,0,0,+,10,5,+,+,10,0,5,+,0,5,0,0,0,0,0,+,1,0,0,+,+,+,0,0,+,0,0,+,0,0,0,1,10,0,0,+,0,+,+,+,0,0,0,0,0,+,+,0,0,5
Pyrola grandiflora,Pyrola grandiflora Radius,Pyrola grandiflora Radius,0,0,0,0,0,0,0,0,0,0,0,0,0,0,0,0.5,0.1,0,0,0,0,0,0,0,0,0,0,0,0,0,0,0,0,0,0,0,0,+,0,0,0,0,0,0,0,0,+,0,1,0,0,0,0,0,0,0,0,0,0,0,0,0,0,0,0,0,0,0,0,0,0,0,0,0,0,0,0,0,0,0,0,0,0,0,0,0,0,0,0,0,0,0,0,0,0,0,0,0,0,0,0,0,0,0,0,0,0,0,0,0,0,0,0,0,0,0,0,0,0,0,0
Pyrola minor,Pyrola minor L.,Pyrola minor,0,0,0,0,0,0,0,0,0,0,0,0,0,0,0,0,0,0,0,0,0,0,0,0,0,0,0,0,0,0,0,0,0,0,0,0,0,0,0,0,0,0,0,0,0,0,0,0,0,0,0,0,0,0,0,0,0,0,0,0,0,0,0,0,0,0,0,0,0,0,0,0,0,0,0,0,0,0,0,0,0,0,0,0,0,0,0,0,0,0,0,0,0,0,0,0,0,0,0,0,0,0,0,0,0,0,0,0,+,0,0,0,0,0,0,0,0,0,0,0,0
Racomitrium lanuginosum,Racomitrium lanuginosum (Hedw.) Brid.,Racomitrium lanuginosum,0,0,2,0,0,0,+,1,2,0,0,0,0,0,0,0,0,0,0,0,5,0,0,0,5,0,0,0,0,1,2,+,0,0,0,0,0,+,0,0,0,0,2,0,0,0,0,0,0,0,0,0,0,0,0,0,0,0,0,0,0,0,0,0,0,0,0,0,0,0,0,0,0,0,0,0,0,0,0,0,0,0,0,0,0,0,0,0,0,0,0,0,0,0,0,0,0,0,0,0,0,0,5,0,0,0,10,0,0,0,0,0,0,0,0,10,0,0,0,0,0
Ranunculus borealis,Ranunculus subborealis s. subborealis Tzvelev,Ranunculus borealis Trautv. =Ranunculus subborealis Tzvel.subsp. subborealis,0,0,0,0,0,0,0,0,0,0,0,0,0,0,0,0,0,0,0,0,0,0,0,0,0,+,0,0,0,0,0,0,0,5,+,0,0,0,0,0,0,0,0,0,0,1,0,0,0,0,0,0,0,0,0,0,0,0,0,0,0,0,0,0.1,0,0,0,0,0,0,0,0,0,0,0,0,0,0,2,0,0,0,0,0,0,0,0,0,0,0,0,0,0,0,0,0,0,0,0,0,0,0,0,0,0,+,0,0,+,0,0,0,0,0,0,0,0,0,0,0,0
Ranunculus lapponicus,Coptidium lapponicum (L.) Tzvelev,Ranunculus lapponicus L.,0,0,0,0,0,0,0,0,0,0,0,0,0,0,0,0,0,0,0,0,0,0,0,0,0,0,0,0,0,0,0,0,0,0,0,0,0,0,0,0,0,0,0,0,0,0,0,0,0,0,0,0,0,0,0,0,0,0,0,0,0,0,0,0,0,0,0,0,0,0,0,0,0,0,0,0,0,0,0,+,0,0,0,0,0,0,0,0,0,0,+,0,0,0,0,0,0,0,0,0,0,0,0,0,0,0,0,0,0,0,0,0,0,0,0,0,0,0,0,0,0
Ranunculus nivalis,Ranunculus nivalis L.,Ranunculus nivalis L.,0,0,0,0,0,0,0,0,0,0,0,0,0,0,0,0,0,0,0,0,0,0,0,0,0,0.1,0,0,0,0,0,0,0,+,+,0,+,0,0,0,0,0,0,0,0,+,0,0,0,0,0,0,0,0,0,0,0,+,0,0,0,0,0,0,0,0,0,0,0,0,0,0,0,0,0,0,0,0,+,0,0,0,0,0,0,0,0,0,0,0,0,0,0,0,0,0,0,0,0,0,0,0,0,0,0,0,0,0,+,0,0,0,0,0,0,0,0,0,0,0,0
Ranunculus pygmaeus,Ranunculus pygmaeus Wahlenb.,Ranunculus pygmaeus,0,0,0,0,0,0,0,0,0,0,0,0,0,0,0,0,0,0,0,0,0,0,0,0,0,0,0,0,0,0,0,0,0,0,0,0,+,0,0,0,0,0,0,0,0,0,0,0,0,0,0,0,0,0,0,0,0,0,0,0,0,0,0,0,0,0,0,0,0,0,0,0,0,0,0,0,0,0,0,0,0,0,0,0,0,0,0,0,0,0,0,0,0,0,0,0,0,0,0,0,0,0,0,0,0,0,0,0,+,0,0,0,0,0,0,0,0,0,0,0,0
Rhizomnium pseudopunctatum,Rhizomnium pseudopunctatum (Bruch & Schimp.) T. Kop.,Rhizomnium pseudopunctatum,0,0,0,0,0,0,0,0,0,0,0,0,0,0,0,0,0,0,0,0,0,0,0,0,0,0,0,2,0,0,0,0,0,0,0,0,0,0,0,0,0,0,0,0,0,0,0,0,0,0,0,0,0,0,0,0,0,0,0,0,0,0,0,0,0,0,0,0,0,0,0,0,0,0,0,0,0,0,0,0,0,0,0,0,0,0,0,0,0,0,0,0,0,0,0,0,0,0,0,0,0,0,+,0,0,0,0,0,0,0,+,0,0,0,0,0,0,0,0,0,0
Rhytidium rugosum,Rhytidium rugosum (Ehrh. ex Hedw.) Kindb.,Rhytidium rugosum,0,0,0,0,0,0,0,0,0,0,0,0,0,0,0,0,0,0,0,0,0,0,0,0,0,0,0,0,0,0,0,0,0,0,0,0,0,0,0,0,0,0,0,0,0,0,0,0,0,0,0,0,0,0,0,0,0,0,0,0,0,0,0,0,0,0,0,0,0,0,0,0,0,0,0,0,0,0,0,0,0,0,0,0,0,0,0,0,0,0,0,0,0,0,0,0,0,0,0,0,0,0,0,0,0,0,0,0,0,0,0,0,0,0,0,1,0,0,0,0,0
Rinodina turfacea,Rinodina turfacea (Wahlenb.) K?rb.,Rinodina turfacea,0,0,0,0,0,0,0,0,0,0,0,0,0,0,0,0,0,0,0,0,0,0,0,0,0,0,0,0,0,0,0,0,0,0,0,0,0,+,0,0,0,0,+,0,0,0,0,0,0,0,0,0,0,0,0,0,0,0,0,0,0,0,0,0,0,0,0,0,0,0,0,0,0,0,0,0,0,0,0,0,0,0,0,0,0,0,0,0,0,0,0,0,0,0,0,0,0,0,0,0,0,0,0,0,0,0,0,0,0,0,0,0,0,0,0,0,0,0,0,0,0
Rubus arcticus,Rubus arcticus L.,Rubus arcticus L.,0,0,0,0,0,0,0,0,0,0,0,0,0,0,0,0,0,0,0,0,0,0,0,0,0,5,0,0,0,0,0,0,0,0,0,0,0,0,0,0,0,0,0,0,0,0,0,0,0,0,0,0,0,0,0,0,0,0,0,0,0,0,0,0,0,0,0,0,0,0,0,0,0,0,0,0,0,0,0,0,0,0,0,0,0,0,0,0,0,0,0,0,0,0,0,0,0,0,0,0,0,0,0,0,0,0,0,0,0,0,0,0,0,0,0,0,0,0,0,0,0
Rubus chamaemorus,Rubus chamaemorus L.,Rubus chamaemorus L.,0,0.1,0,0,10,0,0,0,0,0,0,0,3,20,1,0,0,5,1,0,0,3,20,0,0,0,0,0,0,0,0,0,0,0,2,0,0,0,5,70,1,0,0,0,0,25,0,0,0,1,+,1,0,3,0,4,0,15,0,0,0,0,20,0,0,0,0,0,0,0,10,0,2,0,20,0,3,5,0,15,5,0,10,0,0,0,1,1,0,0,20,2,+,10,+,0,3,3,0,0,3,0,0,0,0,0,0,0,0,0,0,0,5,2,5,0,3,1,0,0,0
Rumex graminifolius,Rumex graminifolius Rudolph ex Lamb.,Rumex graminifolius/graminifolius,5,0,0,0,0,0,0,0,0,0,0,0,0,0,0,0,0,0,0,0,0,0,0,0,0,0,0,0,0,0,0,0,0,0,0,0,0,0,0,0,0,0,0,0,0,0,0,0,0,0,0,0,0,0,0,0,0,0,0,0,0,0,0,0,0,0,0,0,0,0,0,0,0,0,0,0,0,0,0,0,0,0,0,0,0,0,0,0,0,0,0,0,0,0,0,0,0,0,0,0,0,0,0,0,0,0,0,0,0,0,0,0,0,0,0,0,0,0,0,0,0
Salix arctica,Salix arctica Pall.,Salix arctica,0,0,0,0,0,0,0,0,0,0,0,0,0,0,2,0,0,0,0,0,0,0,0,0,0,0,0,0,0,0,0,0,0,0,0,0,0,0,0,0,0,0,0,0,0,0,0,0,0,0,0,0,0,0,0,0,0,1,0,0,0,0,0,0,0,0,0,0,0,0,0,0,0,0,0,0,0,0,+,0,0,0,0,0,0,0,0,0,0,0,0,0,0,0,0,0,0,0,0,0,0,0,0,0,0,0,0,0,0,0,0,0,0,0,0,0,0,0,0,0,0
Salix glauca s. glauca,Salix glauca s. glauca L.,Salix glauca/glauca,0.1,2,0.1,8,0.5,0,0.1,0,0,0,0,0,0,2,1,0,1,0,1,2,1,0.5,0,0,0,2,0.5,0,1,0.1,0.5,1,0,2,10,0,1,0,1,0,0,0.1,0.1,0,0.5,0,3,1,15,0,0,0,0,0,0,1,0,5,0,+,1,10,3,0,0,10,0,0,1,20,1,10,0,10,0,10,+,10,20,5,0,0,0,0,0,0,0,1,0,0,3,7,1,1,+,0,0,1,0,0,0,+,0,1,5,17,1,+,5,0,0,1,5,0,0,1,1,0,0,0,2
Salix hastata,Salix hastata L.,Salix hastata L.,0,0,0,0,0,0,0,0,0,0,0,0,0,0,0,0,0,0,0,0,0,0,0,0,0,0,0,0,0,0,0,0,0,0,0,0,0,0,0,0,0,0,0,0,0,0,0,0,0,0,0,0,0,0,0,0,0,1,0,0,0,0,0,0,0,0,0,0,0,0,0,0,0,0,0,0,0,0,0,0,0,0,0,0,0,0,0,0,0,0,0,0,0,0,0,0,0,0,0,0,0,0,0,0,0,0,0,0,0,0,0,0,0,0,0,0,0,0,0,0,0
Salix lanata v. lanata,Salix lanata v. lanata L.,Salix lanata/lanata,3,35,0,0,0,0,0,0,0,0,0,0,0,0,0,0,0,0,0,0,0,0,0,0,0,40,0.1,0,2,0,0,0,0,0,0,0,0,0,0,0,0,0,0,0,0.5,50,0,0,5,1,0,0,0,0,0,0,+,5,1,0,0,0,0,90,0,50,0,0,+,30,0,0,0,0,0,0,0,0,30,0,0,0,0,0,0,0,0,0,0,0,0,0,0,0,0,0,0,0,0,0,0,0,0,1,10,0,0,0,55,5,0,0,0,0,0,0,0,0,0,0,0
Salix myrtilloides,Salix myrtilloides L.,Salix myrtilloides L.,0,0,0,0,0,0,0,0,0,0,0,0,0,0,0,0,0,0,0,0,0,0,0,0,0,0,0,0,0,0,0,0,0,0,0,0,0,0,0,0,0,0,0,0,0,0,0,0,0,0,0,0,0,0,0,0,0,0,0,0,0,0,0,0,0,0,0,0,0,0,0,0,0,0,0,0,0,0,0,0,0,0,0,0,0,0,+,0,0,0,0,0,0,0,0,0,0,0,0,0,0,0,0,0,0,0,0,0,0,0,1,2,2,0,0,0,0,3,+,0,0
Salix nummularia,Salix nummularia Andersson,Salix nummularia Anderss.,0,0,3,2,0,0,1,0.1,3,0,0,0,0,0,0,0,1,0,0,0,0,0,0,0,10,0,10,0,0,0,1,0,10,0,0,0,0,0.1,0,0,0,0,10,0,0,0,0,5,0,0,0,0,0,0,0,0,0,0,0,0,0,0,0,0,0,0,0,0,0,0,0,0,0,0,0,0,0,0,0,0,0,0,0,0,0,0,0,0,0,0,0,0,0,0,0,0,0,0,0,0,0,0,15,1,0,10,25,+,0,0,0,0,0,0,0,30,0,0,0,0,0
Salix phylicifolia,Salix phylicifolia L.,Salix phylicifolia L.,0,+,0,0,0.1,1,0,0,0,0,1,0,0,0,1,0,0,0,0,1,+,+,0,0.1,0,0,0,0,0,0,0,0,0,0,0,0,0,0,0,0,0,0,0,0,0,0,0,0,0,+,0,0,0,0,0,0,0,0,0,0,0,0,0,0,0,0,0,0,+,0,0,0,0,0,0,0,0,0,0,0,0,0,0,0,0,0,0,0,0,0,0,0,0,0,0,0,0,0,0,0,0,0,0,0,0,0,0,0,0,0,0,0,0,+,0,0,0,0,0,0,0
Salix polaris,Salix polaris Wahlenb.,Salix polaris/polaris,0,0,0,0,0,0,0,0,0,0,0,0,0,0,8,2,0,0,0,0,0,0,0,0,0,20,+,0,15,0,0,0,0,0,25,0,40,0,0,0,0,0,0,0,10,1,1,0,1,0,0,0,0,0,0,0,0,20,20,0,0,0,0,0,0,0,0,0,0,0,0,0,0,0,0,0,0,0,10,0,0,0,0,0,0,0,0,0,0,0,0,0,0,0,0,0,0,0,0,0,0,0,0,0,0,0,0,0,10,0,0,0,0,0,0,0,0,0,0,0,0
Salix planifolia s. pulchra,Salix pulchra Cham.,Salix pulchra Cham.,0,1,0,0,0,0,0,0,0,0,0,0,1,1,+,0,0,+,0,0,+,+,0,0,0,0,2,0,2,0,0,0,0,0,0,0,0,0,0,0,0,0,0,0,0,0,0,0,0,1,0,0,0,0,0,0,0,0,0,0,0,+,1,0,0,0,0,0,1,1,1,0,0,1,0,1,3,+,0,0,0,0,0,0,0,0,+,0,0,0,0,3,+,+,+,0,0,0,0,0,0,0,0,0,0,0,0,0,+,0,0,0,0,0,0,0,0,0,0,0,1
Salix reptans,Salix reptans Rupr.,Salix reptans Rupr.,0,1,0,0,1,2,0,0,0,0,0,0,0,0,+,0,0,0,0,0,0,0,0,0,0,0,0,0,0,0,0,0,0,0,0,0,0,0,0,0,0,0,0,0,0,0,0,0,0,0,0,0,0,0,0,0,+,0,0,+,0,0,+,0,0,0,0,0,+,0,0,0,0,0,0,0,0,0,0,0,0,0,0,0,0,0,0,0,0,0,2,0,0,0,0,0,0,0,0,0,0,0,0,0,0,0,0,0,+,0,0,0,0,0,0,0,0,0,0,0,0
Sanionia uncinata,Sanionia uncinata (Hedw.) Loeske,Sanionia uncinata,0,10,0,0,+,0,0,0,0,0,0,0,0,0,0,0,0,0,0,0,0,0,0,0,0,10,+,0,5,+,0,0,0,+,+,+,10,+,0,0,0,0,0,0,0,50,0,0,+,0,0,0,0,0,0,0,0,5,15,0,10,0,0,8,+,10,0,0,15,50,0,0,+,0,0,+,0,0,30,0,+,0,0,0,0,0,0,0,+,+,0,0,0,0,+,0,+,+,0,15,0,0,0,0,10,+,+,0,30,10,0,0,0,0,0,3,0,0,0,0,0
Saxifraga cernua,Saxifraga cernua L.,Saxifraga cernua L.,0,0,0,0,0,0,0,0,0,0,0,0,0,0,0,0,0,0,0,0,0,0,0,0,0,0,0,0,0,0,0,0,0,0,0,0,0,0,0,0,0,+,0,0,0,0,0,0,0,0,0,0,0,0,0,0,0,+,0,0,0,0,0,0,+,0,0,0,0,0,0,0,0,0,0,0,0,0,0,0,0,0,0,0,0,0,0,0,0,0,0,0,0,0,0,0,0,0,0,0,0,0,0,0,0,0,0,0,+,0,0,0,0,0,0,0,0,0,0,0,0
Saxifraga foliolosa,Micranthes foliolosa (R. Br.) Gornall,Saxifraga foliolosa L.,0,0,0,0,0,0,0,0,0,0,0,0,0,0,0,0,0,0,0,0,0,0,0,0,0,0,0,0,0,0,0,0,0,0,0,0,0,0,0,0,0,0,0,0,0,0,0,0,0,0,0,0,0,0,0,0,0,+,0,0,0,0,0,0,0,0,0,0,0,0,0,0,0,0,0,0,0,0,0,0,0,0,0,0,0,0,+,0,0,0,0,0,0,0,0,0,0,0,0,0,0,0,0,0,+,0,0,0,0,0,0,0,0,0,0,0,0,0,0,0,0
Saxifraga hieraciifolia,Micranthes hieraciifolia (Waldst. & Kit. ex Willd.) Haw.,Saxifraga hieracifolia,0,0,0,0,0,0,0,0,0,0,0,0,0,0,0,0,0,0,0,0,0,0,0,0,0,0,0,0,0,0,0,0,0,0,0,0,0,0,0,0,0,0,0,0,0,0,0,0,0,0,0,0,0,0,0,0,0,0,0,0,0,0,0,0,0,0,0,0,0,0,0,0,0,0,0,0,0,0,+,0,0,0,0,0,0,0,0,0,0,0,0,0,0,0,0,0,0,0,0,0,0,0,0,0,0,0,0,0,0,0,0,0,0,0,0,0,0,0,0,0,0
Saxifraga nelsoniana,Micranthes nelsoniana (D. Don) Small,Saxifraga nelsoniana,0,0,0,0,0,0,0,0,0,0,0,0,0,0,0,0,0,0,0,0,+,0,0,0,0,+,0,0,0,0,0,0,0,0,0,0,+,0,0,0,0,0,0,0,+,0,0,0,0,0,0,0,0,0,0,0,0,+,0,0,0,0,0,+,0,0,0,0,0,0,0,0,0,0,0,0,0,0,0,0,0,0,0,0,0,0,0,0,0,0,0,0,0,0,0,0,0,0,0,0,0,0,0,0,0,0,0,0,+,0,0,0,0,0,0,0,0,0,0,0,0
Senecio atropurpureus,Tephroseris atropurpurea (Ledeb.) Holub,Senecio atropurpureus,0,0,0,0,0,0,0,0,0,0.1,0,0,0,0,0,0,0,+,0,0,0,0,0,0,0,0,0,0,0,0,0,0,0,0,0,0,0,0,0,0,0,0,0.01,0,0,0,0,0,0,0,0,0,0,0,0,0,0,0,0,0,0,0,0,0,0,0,0,0,0,0,0,0,0,0,0,0,0,0,0,0,0,0,0,0,0,0,0,0,0,0,0,0,0,0,+,0,0,0,0,0,0,0,0,0,0,+,0,0,0,0,0,0,0,+,0,0,0,0,0,0,0
Sibbaldia procumbens,Sibbaldia procumbens L.,Sibbaldia procumbens L.,0,0,0,0,0,0,0,0,0,0,0,0,0,0,0.5,0,0,0,0,0,0,0,0,0,0,0,0,0,0,0,0,0,0,0,0,0,0.1,0,0,0,0,0,0,0,0,0,0,0,0,0,0,0,0,0,0,0,0,0,0,0,0,0,0,0,0,0,0,0,0,0,0,0,0,0,0,0,0,0,0,0,0,0,0,0,0,0,0,0,0,0,0,0,0,0,0,0,0,0,0,0,0,0,0,0,0,0,0,0,0,0,0,0,0,0,0,0,0,0,0,0,0
Solorina crocea,Solorina crocea (L.) Ach.,Solorina crocea,0,0,0,0,0,0,0,0,0,0,0,0,0,0,0,0,+,0,0,0,0,0,0,0,0,0,0,0,+,0,0,0,0,0,0,0,+,0,0,0,0,0,0,0,0,0,0,0,0,0,0,0,0,0,0,0,0,0,+,0,0,0,0,0,0,0,0,0,0,0,0,0,0,0,0,0,0,0,0,0,0,0,0,0,0,0,0,0,0,0,0,0,0,0,0,0,0,0,0,0,0,0,+,0,0,0,0,0,0,0,0,0,0,0,0,0,0,0,0,0,0
Sphaerophorus globosus,Sphaerophorus globosus (Huds.) Vain.,Sphaerophorus globosus,0,0,0,1,0,0,1,1,0,+,0,0,0,0,0,0,0,0,0,0,2,0,0,0,1,+,1,0,+,1,0,0,3,0,0,0,0,2,0,0,0,0,+,0,+,0,0,1,0,0,0,0,0,0,0,0,0,0,0,+,0,0,0,0,0,0,0,0,0,0,0,0,0,0,0,0,0,0,0,0,+,0,0,0,0,0,0,0,0,0,0,+,0,0,0,0,0,0,0,0,0,0,2,+,0,+,1,0,0,0,0,0,0,0,0,0,0,0,0,0,1
Sphagnum aongstroemii,Sphagnum aongstroemii C. Hart.,Sphagnum aongstroemii Hartm.,0,0,0,0,0,0,0,0,0,0,0,0,0,0,0,0,0,0,5,5,0,20,5,0,0,0,0,0,0,0,0,0,0,0,0,0,0,0,5,15,5,0,0,0,0,0,0,0,0,0,0,0,0,0,+,10,0,0,0,0,0,0,0,0,0,0,0,0,0,0,0,0,0,0,0,0,0,0,0,20,+,10,0,0,0,5,30,50,0,10,0,0,0,0,0,0,30,0,0,0,0,0,0,0,0,0,0,0,0,0,0,0,0,0,0,0,10,0,0,0,0
Sphagnum balticum,Sphagnum balticum (Russ.) C. Jens.,Sphagnum balticum (Russow) C.E.O. Jensen,0,0,0,0,0,0,0,0,0,0,0,0,20,60,0,0,0,0,10,25,0,30,60,0,0,0,0,0,0,0,0,0,0,0,0,0,0,0,20,40,20,0,0,0,0,0,0,0,0,10,50,0,10,10,50,40,0,0,0,0,0,0,15,0,0,0,0,0,0,0,20,0,0,0,20,0,0,0,0,0,0,0,70,50,+,0,0,0,0,0,0,10,2,5,0,20,50,10,0,25,0,0,0,0,0,0,0,0,0,0,20,0,0,0,0,0,5,0,0,40,0
Sphagnum ambiguum,Sphagnum compactum Lam. & DC.,Sphagnum compactum Lam. &  DC.,0,0,0,0,30,20,0,0,0,0,0,0,0,0,0,0,0,0,40,15,0,0,20,0,0,0,0,0,0,0,0,0,0,0,0,0,0,0,0,0,0,0,0,0,0,0,0,0,0,0,0,0,0,0,0,0,0,0,0,0,0,0,0,0,0,0,0,0,0,0,0,0,0,0,0,+,0,0,0,0,0,0,5,5,10,10,0,0,0,0,0,0,+,0,0,0,0,5,0,15,0,0,0,0,0,0,0,0,0,0,30,0,0,0,0,0,0,50,20,30,0
Sphagnum contortum,Sphagnum contortum Schultz,Sphagnum contortum Schultz,0,0,0,0,0,0,0,0,0,0,0,0,0,0,0,0,0,0,0,0,0,0,0,30,0,0,0,0,0,0,0,0,0,0,0,0,0,0,0,0,0,0,0,0,0,0,0,0,0,0,0,0,0,0,0,0,0,0,0,0,0,0,0,0,0,0,0,0,0,0,0,0,0,0,0,0,0,0,0,0,0,0,0,0,0,0,0,0,0,0,0,0,0,0,0,0,0,0,0,0,0,0,0,0,0,0,0,0,0,0,0,0,0,0,0,0,0,0,0,0,0
Sphagnum fallax,Sphagnum fallax Klinggr.,Sphagnum fallax,0,0,0,0,0,0,0,0,0,0,0,0,0,0,0,0,0,0,0,0,0,0,0,0,0,0,0,0,0,0,0,0,0,0,0,0,0,0,0,0,0,0,0,0,0,0,0,0,0,0,0,0,0,0,0,0,0,0,0,0,0,0,0,0,0,0,0,0,0,0,0,0,0,0,0,0,0,0,0,0,0,50,0,0,0,+,10,+,0,0,0,0,0,0,0,0,0,0,0,0,0,0,0,0,0,0,0,0,0,0,0,0,0,0,0,0,0,0,0,0,0
Sphagnum fimbriatum,Sphagnum fimbriatum Wils.,Sphagnum fimbriatum Wilson,0,0,0,0,0,0,0,0,0,0,0,0,0,0,0,0,0,0,0,0,0,0,0,0,0,0,0,0,0,0,0,0,0,0,0,0,0,0,0,0,0,0,0,0,0,0,0,0,0,0,0,0,0,0,0,0,0,0,0,0,0,0,0,0,0,0,0,0,0,0,0,0,0,0,0,0,0,0,0,0,0,0,0,0,0,0,0,0,0,0,0,0,0,0,0,0,0,0,0,0,0,0,0,0,0,0,0,0,0,0,0,0,60,70,35,0,0,0,0,0,0
Sphagnum flexuosum,Sphagnum flexuosum Dozy & Molk.,Sphagnum flexuosum,0,0,0,0,0,0,0,0,0,0,0,0,0,0,0,0,0,0,0,0,0,0,0,0,0,0,0,0,0,0,0,0,0,0,0,0,0,0,0,0,0,0,0,0,0,0,0,0,0,0,0,0,0,0,0,0,0,0,0,0,0,0,0,0,0,0,0,0,0,0,0,0,0,0,0,0,0,0,0,0,0,0,0,0,0,0,0,0,0,0,0,0,0,0,0,0,0,0,0,0,0,0,0,0,0,0,0,0,0,0,0,0,0,20,10,0,0,0,0,0,0
Sphagnum girgensohnii,Sphagnum girgensohnii Russ.,Sphagnum girgensohnii Russow,0,5,0,0,0,0,0,0,0,0,0,0,0,0,0,0,0,0,0,0,0,0,0,0,0,0,0,0,0,0,0,0,0,0,5,0,0,0,0,0,0,0,0,0,2,5,0,0,5,+,10,0,0,10,0,+,0,0,0,0,0,0,15,0,0,0,0,0,0,0,0,0,0,0,10,+,35,40,0,60,+,0,0,0,0,0,0,0,0,0,40,40,5,30,5,0,0,0,0,0,0,0,0,0,0,0,0,0,0,0,0,0,0,0,0,0,0,0,0,0,0
Sphagnum lenense,Sphagnum lenense H. Lindb. ex L.I. Savicz,Sphagnum lenense,0,0,0,0,0,0,0,0,0,0,0,0,0,0,0,0,0,0,0,30,0,0,0,5,0,0,0,0,0,0,0,0,0,0,0,0,0,0,10,10,10,0,0,0,0,0,0,0,0,0,5,0,0,5,0,10,0,0,0,0,0,0,0,0,0,0,0,0,0,0,0,0,0,0,10,0,25,0,0,0,0,+,20,15,0,0,0,0,0,0,0,0,0,0,0,0,0,0,10,0,40,50,0,0,0,0,0,0,0,0,20,30,0,0,5,0,50,0,0,0,0
Sphagnum obtusum,Sphagnum obtusum Warnst.,Sphagnum obtusum Warnst.,0,0,0,0,0,0,0,0,0,0,0,0,0,0,0,0,0,0,0,0,0,0,0,0,0,0,0,0,0,0,0,0,0,0,0,0,0,0,0,0,0,0,0,0,0,0,0,0,0,0,0,0,0,0,0,0,0,0,0,0,0,0,0,0,0,0,0,0,0,0,0,0,0,0,0,0,0,0,0,0,0,0,0,5,5,0,0,10,0,10,0,0,0,0,0,0,0,0,0,0,0,0,0,0,0,0,0,0,0,0,0,0,0,0,0,0,0,0,0,0,0
Sphagnum rubellum,Sphagnum rubellum Wils.,Sphagnum rubellum Wilson,0,0,0,0,0,0,0,0,0,0,0,0,0,0,0,0,0,0,0,5,0,20,0,0,0,0,0,0,0,0,0,0,0,0,5,0,0,0,5,20,5,0,0,0,0,0,0,0,0,0,0,0,0,0,+,+,0,5,0,0,0,0,10,0,0,0,0,0,0,0,10,0,0,0,0,0,0,0,0,0,+,0,0,0,0,0,20,0,0,0,20,30,+,30,5,0,0,0,0,0,0,0,0,0,20,0,0,0,0,0,0,0,25,0,0,0,0,0,20,5,0
Sphagnum acutiforme v. robustum,Sphagnum russowii Warnst.,Sphagnum russowii Warnst.,0,0,0,0,0,0,0,0,0,0,0,0,0,0,0,0,0,0,0,0,0,0,+,0,0,0,0,0,0,0,0,0,0,0,0,0,0,0,0,0,0,0,0,0,3,5,0,0,+,0,5,0,0,5,0,+,0,0,0,0,0,0,0,0,0,0,0,0,0,0,0,20,0,0,+,0,0,0,0,0,0,+,0,0,0,0,0,0,0,0,0,0,0,0,0,0,0,0,0,0,0,0,0,0,0,0,0,0,0,0,0,0,0,0,0,0,0,0,0,0,0
Sphagnum crassisetum,Sphagnum squarrosum Crome,Sphagnum squarrosum Crome,0,2,0,0,0,0,0,0,0,0,0,0,0,0,0,0,0,0,0,0,0,0,0,0,0,0,0,0,0,0,0,0,0,0,0,0,0,0,0,0,0,0,0,0,0,0,0,0,0,0,0,0,0,0,0,+,10,0,0,0,0,0,0,0,0,0,0,0,0,0,0,0,0,0,0,0,0,0,0,0,0,0,0,0,0,+,0,10,0,0,0,0,0,0,0,0,0,0,0,0,0,0,0,0,0,0,0,0,0,0,0,50,0,0,0,0,0,0,0,0,0
Sphagnum imbricatum,Sphagnum imbricatum Hornsch. ex Russ.,Sphagnum steerei R.E. Andrus (S.imbricatum var arcticum Flatberg),0,0,0,0,0,0,0,0,0,0,0,0,0,0,0,0,0,0,0,0,0,0,0,0,0,0,0,0,0,0,0,0,0,0,0,0,0,0,0,0,0,0,0,0,0,0,0,0,0,0,0,0,0,0,0,0,0,0,0,0,0,0,0,0,0,0,0,0,0,0,0,0,0,0,0,0,0,0,0,0,0,0,0,0,0,0,0,0,0,0,0,0,0,0,0,0,0,0,0,0,0,0,0,0,0,0,0,0,0,0,0,0,0,0,0,0,0,20,40,0,0
Sphagnum teres,Sphagnum teres (Schimp.) Aongstr.,Sphagnum teres,0,0,0,0,0,0,0,0,0,0,0,0,0,0,0,0,0,0,0,0,0,0,0,0,0,0,0,0,0,0,0,0,0,0,0,0,0,0,0,0,0,0,0,0,0,0,0,0,0,0,0,0,0,0,0,0,0,0,0,0,0,0,0,0,0,0,0,0,0,0,2,0,0,0,0,0,0,0,0,0,0,0,0,0,0,0,0,0,0,0,0,0,0,0,0,0,0,0,0,0,0,0,0,0,0,0,0,0,0,0,0,0,0,0,0,0,0,0,0,0,0
Sphagnum species,Sphagnum species,Sphagnum tundrae,0,0,0,0,0,0,0,0,0,0,0,0,0,0,0,0,0,0,0,0,0,0,0,0,0,0,0,10,0,0,0,0,0,0,0,0,0,0,0,0,0,0,0,0,0,0,0,0,0,0,0,0,0,0,0,0,0,0,0,0,0,0,0,0,0,0,0,0,0,0,0,0,0,0,0,0,0,0,0,0,0,0,0,0,0,0,0,0,0,0,0,0,0,0,0,0,0,0,0,0,0,0,0,0,0,0,0,0,0,0,0,0,0,0,0,0,0,0,0,0,0
Sphagnum warnstorfii,Sphagnum warnstorfii Russ.,Sphagnum warnstorfii Russow,0,+,0,0,0,0,0,0,0,0,0,0,0,0,0,0,0,0,0,0,0,0,0,0,0,0,0,0,0,0,0,0,0,0,0,0,0,0,0,0,0,0,0,0,0,0,0,0,0,0,0,0,0,0,0,0,0,0,0,0,0,0,0,0,0,0,0,0,0,0,0,0,0,0,0,0,0,0,0,0,0,0,0,0,0,0,0,0,0,0,0,0,0,0,0,0,0,0,0,0,0,0,0,0,0,0,0,0,0,0,0,0,0,0,0,0,0,0,0,0,0
Stellaria crassifolia,Stellaria crassifolia Ehrh.,Stellaria crassifolia Ehrh.,0,0,0,0,0,0,0,0,0,0,0,0,0,0,0,0,0,0,0,0,0,0,0,0,0,0,0,0,0,0,0,0,0,0,0,0,0,0,0,0,0,0,0,0,0,0,0,0,0,0,0,0,0,0,0,0,0,0,0,0,0,0,0,0,+,+,0,0,+,0,0,0,0,0,0,0,0,0,0,0,0,0,0,0,0,0,0,0,0,0,0,0,0,0,0,0,0,0,0,0,0,0,0,0,0,0,0,0,0,0,0,0,0,0,0,0,0,0,0,0,0
Stellaria peduncularis,Stellaria longipes taxon peduncularis,Stellaria peduncularis Bunge,0,0.1,0,0,0,0,0,0,0,0,0,0,0,0,0,0,0,0,0,0,0,0,0,0,0,+,+,0,0,+,0,0,0,+,0,0,+,+,0,0,0,0.1,0,0,+,+,+,0,0,0,0,0,0,0,0,0,0,0,0,0,0,0,0,0,0,0,0,0,0,0,0,0,0,0,0,0,0,0,+,0,0,0,0,0,0,0,0,0,0,0,0,0,0,0,0,0,0,0,0,0,0,0,0,+,0,+,+,0,+,0,0,0,0,0,0,0,0,0,0,0,+
Stereocaulon alpinum,Stereocaulon alpinum Laur.,Stereocaulon alpinum,0,0,+,0,0,0,0,0,0,0,0,0,0,0,1,+,+,0,0,0,0,0,0,0,0,0,+,0,0,0,0,0,0,1,0,0,+,0,0,0,0,0,0,0,0,0,0,0,0,0,0,0,0,0,0,0,0,0,0,0,0,0,0,0,0,0,0,0,0,0,0,0,0,0,0,0,0,0,0,0,0,0,0,0,0,0,0,0,0,0,0,0,0,0,0,0,0,0,0,0,0,0,0,+,0,0,0,0,+,+,0,0,0,0,0,0,0,0,0,0,0
Stereocaulon paschale,Stereocaulon paschale (L.) Hoffm.,Stereocaulon pascale,0,0,0,0,0,0,0,0,0,0,0,0,0,0,1,1,0,0,0,0,0,0,0,0,0,0,0,0,0,0,0,0,0,0,0,0,0,0,0,0,0,0,0,0,0,0,0,0,0,0,0,0,0,0,0,0,0,0,0,0,0,0,0,0,0,0,0,0,0,0,0,0,0,0,0,0,0,0,0,0,0,0,0,0,0,0,0,0,0,0,0,0,0,0,0,0,0,0,0,0,0,0,0,0,0,0,0,0,0,0,0,0,0,0,0,0,0,0,0,0,0
Hypnum plicatile,Hypnum revolutum (Mitt.) Lindb.,Stereodon plicatum =Hypnum plicatum,0,0,0,0,0,0,0,0,0,0,0,0,0,0,0,0,0,0,0,0,0,0,0,0,0,0,0,0,0,0,0,0,0,0,0,0,0,0,0,0,0,0,0,0,0,0,0,0,0,0,0,0,0,0,0,0,0,0,0,0,0,0,+,0,0,0,0,0,0,0,0,0,0,0,0,0,0,0,0,0,0,0,0,0,0,0,0,0,0,0,0,0,0,0,0,0,0,0,0,0,0,0,0,0,0,0,0,0,0,0,0,0,0,0,0,0,0,0,0,0,0
Straminergon stramineum,Calliergon stramineum (Dicks. ex Brid.) Kindb.,Straminergon stramineum =Calliergon stramineum,0,+,0,0,0,0,0,0,0,0,0,0,0,0,0,0,0,0,0,0,0,0,0,0,0,5,0,5,0,0,0,0,0,0,0,+,0,0,0,0,0,0,0,0,5,5,0,0,5,0,0,0,+,0,0,0,+,0,0,0,10,0,5,0,0,0,+,5,0,0,0,0,0,0,0,0,0,0,0,0,0,0,0,0,10,10,2,0,+,+,0,+,0,0,0,0,+,+,0,+,0,0,0,0,+,0,0,0,0,0,0,0,0,0,0,0,0,0,0,0,0
Tanacetum bipinnatum,Tanacetum bipinnatum (L.) Sch.Bip.,Tanacetum bipinnatum (L.) Sch.Bip.,4,0.1,0.1,0,0,0,0,0,0,0,0,0,0,0,0.5,2,0.5,0,0,0,0,0,0,0,0,0.5,0.1,0,1,1,0,0,0,0,0,0,+,0.5,0,0,0,0,0,0,1,0,0,0,0,0,0,0,0,0,0,0,0,0,"0.,5",0,0,0,0,0.5,0,0,0,0,0,0,0,0,0,0,0,0,0,0,1,0,0,0,0,0,0,0,0,0,0,0,0,0,0,0,0,0,0,0,0,0,0,0,0,1,0,0,0,0,1,1,0,0,0,0,0,0,0,0,0,0,0
Taraxacum nivale,"Taraxacum glabrum aggregate, Sec. Glabra Dahlst.",Taraxacum nivale,0,0,0,0,0,0,0,0,0,0,0,0,0,0,0,0,0,0,0,0,0,0,0,0,0,+,0,0,0,0,0,0,0,0,0,0,0,0,0,0,0,0,0,0,0,0,0,0,0,0,0,0,0,0,0,0,0,0,0,0,0,0,0,0,0,0,0,0,0,0,0,0,0,0,0,0,0,0,0,0,0,0,0,0,0,0,0,0,0,0,0,0,0,0,0,0,0,0,0,0,0,0,0,0,0,0,0,0,0,0,0,0,0,0,0,0,0,0,0,0,0
Tetraplodon paradoxus,Tetraplodon paradoxus (R. Br.) I. Hagen,Tetraplodon paradoxus,0,0,0,0,0,0,0,0,0,0,0,0,0,0,0,0,0,0,0,0,0,0,0,0,0,0,0,0,0,0,0,0,0,0,0,0,0,0,0,0,0,0,0,0,0,0,0,0,0,0,0,0,0,0,0,0,0,0,0,0,0,0,0,0,0,0,0,0,0,0,0,0,0,0,0,0,0,0,0,0,0,0,0,0,0,0,0,0,0,0,0,+,0,0,0,0,0,0,0,0,0,0,0,0,0,0,0,0,0,0,0,0,0,0,0,0,0,0,0,0,0
Thamnolia vermicularis s. vermicularis,Thamnolia vermicularis s. vermicularis (Sw.) Schaer.,Thamnolia vermicularis,0,0,+,1,1,0,1,2,1,+,0,+,0,0,+,0,0,1,+,0,2,0,0,0,1,0,+,0,0,1,0,1,2,+,0,0,0,1,+,0,+,+,+,+,0,0,0,1,0,+,0,1,0,0,1,0,0,0,0,1,0,0,0,0,0,0,0,0,0,0,0,0,0,+,1,0,+,0,0,0,+,0,0,0,0,0,0,0,0,0,0,0,1,0,0,+,+,0,1,0,0,+,2,0,0,+,2,0,0,+,0,0,0,0,0,1,0,0,0,0,+
Timmia bavarica,Timmia megapolitana v. bavarica ((Hessler) Brid.) Hedw.,Timmia bavarica,0,0,0,0,0,0,0,0,0,0,0,0,0,0,0,0,0,0,0,0,0,0,0,0,0,0,0,0,0,0,0,0,0,0,0,0,0,0,0,0,0,0,0,0,0,0,0,0,0,0,0,0,0,0,0,0,0,0,0,0,0,0,0,0,0,0,0,0,0,0,0,0,0,0,0,0,0,0,0,0,0,0,0,0,0,0,0,0,0,0,0,0,0,0,0,0,0,0,0,0,0,0,0,0,0,0,0,0,0,0,0,0,0,0,0,+,0,0,0,0,0
Tofieldia coccinea,Tofieldia coccinea Richardson,Tofieldia coccinea Richards.,0,0,0,0,0,0,0,0,0,0,0,0,0,0,0,0,0,0,0,0,0,0,0,0,0,0,0.1,0,0,0,0,0,0,0,0,0,0,0,0,0,0,+,0,0,0,0,0,0,0,0,0,0,0,0,0,0,0,0,0,0,0,0,0,0,0,0,0,0,0,0,0,0,0,0,0,0,0,0,0,0,0,0,0,0,0,0,0,0,0,0,0,0,0,0,0,0,0,0,0,0,0,0,+,+,0,0,0,0,0,+,0,0,0,0,0,0,0,0,0,0,0
Tomentypnum nitens,Tomentypnum nitens (Hedw.) Loeske,Tomentypnum nitens (Hedw.) Loeske,0,+,0,0,0,0,0,0,0,0,0,0,0,0,0,0,0,0,0,0,0,0,0,0,0,0,0,0,0,0,0,0,0,0,+,0,0,0,0,0,0,0,0,0,0,0,0,0,0,0,0,0,0,0,0,0,0,0,0,0,0,0,0,0,0,0,0,0,0,0,0,0,0,0,0,0,0,0,0,0,0,0,0,0,0,0,0,0,0,0,0,0,0,0,0,0,0,0,0,0,0,0,0,0,0,0,0,0,0,0,0,0,0,0,0,0,0,0,0,0,0
Trisetum sibiricum s. litorale,Trisetum sibiricum s. litorale Rupr. ex Roshev.,Trisetum sibiricum subsp. litorale,0,0,0,0,0,0,0,0,0,0,0,0,0,0,0,0,0,0,0,0,0,0,0,0,0,+,0,0,0,0,0,0,0,+,0,0,0,0,0,0,0,0,0,0,0,0,0,0,0,0,0,0,0,0,0,0,0,0,0,0,0,0,0,0,0,0,0,0,0,0,0,0,0,0,0,0,0,0,0,0,0,0,0,0,0,0,0,0,0,0,0,0,0,0,0,0,0,0,0,0,0,0,0,0,0,0,0,0,+,0,0,0,0,0,0,0,0,0,0,0,0
Trisetum spicatum,Trisetum spicatum (L.) K. Richt.,Trisetum spicatum (L.) K.Richt.,0,0,+,0,0,0,0,0,0,0,0,0,0,0,0,0,0,0,0,0,0,0,0,0,0,0,+,0,0.1,+,0,0,0,0,0,0,0,0,0,0,0,0.5,0,0,0,0,0,0,0,0,0,0,0,0,0,0,0,0,0,0,0,0,0,0,0,0,0,0,0,0,0,0,0,0,0,0,0,0,0,0,0,0,0,0,0,0,0,0,0,0,0,0,0,0,0,0,0,0,0,0,0,0,+,+,0,0,0,0,0,+,0,0,0,0,0,0,0,0,0,0,0
Trollius asiaticus,Trollius x apertus Perfil. ex Igoschina,Trollius asiaticus L.,0,0,0,0,0,0,0,0,0,0,0,0,0,0,0,0,0,0,0,0,0,0,0,0,0,0,0,0,0,0,0,0,0,0,0,0,0,0,0,0,0,0,0,0,0,0,0,0,0,0,0,0,0,0,0,0,0,0,0,0,0,0,0,0,0,0,0,0,0,0,0,0,0,0,0,0,0,0,0,0,0,0,0,0,0,0,0,0,0,0,0,0,0,0,0,0,0,0,0,0,0,0,0,0,0,0,0,0,1,0,0,0,0,0,0,0,0,0,0,0,0
Vaccinium uliginosum s. microphyllum,Vaccinium uliginosum s. microphyllum (Lange) Tolm.,Vaccinium uliginosum/microphyllum Lange,0,0,10,2,0.1,0.1,0,0.1,1,0.5,1,0.5,0,1,0,1,0.5,0.1,0.5,0.1,0.1,0.1,1,0.1,0.1,0,0,0,0,0.5,0.1,0.1,1,5,0,0,0,3,5,0.1,0.5,0.5,0.1,0.1,0.1,0,15,0,0.5,0.1,0,0,0,0,1,2,0,0,1,0,0,+,0,0,0,0,0,0,0,0,1,10,+,1,0,+,0,0,0,0.5,1,0,0,0,0,0,0,0,0,0,0,0,+,0,0,+,0,0,0,0,0,0,0,7,0,0,1,0,1,0,0,0,0,0,0,0,+,1,0,0,0
Vaccinium vitis-idaea s. minus,Vaccinium vitis-idaea s. minus (Lodd.) Hult?n,Vaccinium vitis-idaea/minus (Lodd.) Hult.,0,0,3,30,5,3,10,20,3,3,3,8,1,1,1,1,1,0,0.5,0.5,1,1,2,10,10,2,3,0,1,5,2,5,3,15,1,0,+,1,5,1,0.2,25,20,20,5,0,5,5,5,5,0,3,0,10,3,0,0,0,5,10,0,0,5,0,0,0,0,0,0,0,5,10,3,10,10,5,3,0,0,2,5,0,0,0,0,0,0,0,0,0,1,5,10,3,0,10,5,0,2,0,3,5,5,3,0,20,20,0,+,5,0,0,0,+,5,10,3,2,0,0,10
Valeriana capitata,Valeriana capitata Pall. ex Link,Valeriana capitata Pall. ex Link,0,0.1,0.01,0,0,0,0,0,0,0,0,0,0,0,0,0,0,0,0,0,0,0,0,0,0,0,0,0,0,0,0,0,0,0,0,0,0,0,0,0,0,0,0,0,0,0,0,0,0,0,0,0,0,0,0,0,0,0,0,0,0,0,0,0,0,0,0,0,0,0,0,0,0,0,0,0,0,0,0,0,0,0,0,0,0,0,0,0,0,0,0,0,0,0,0,0,0,0,0,0,0,0,0,0,0,+,0,0,0,+,0,0,0,0,0,+,0,0,0,0,0
Veratrum lobelianum v. misae,Veratrum album s. misae (Sirj.) Tzvelev,Veratrum lobelianum/misae Sirjaev,0,0.2,0,0,0,0,0,0,0,0,0,0,0,0,0,0,0,0,0,0,0,0,0,0,0,1,0,0,0.1,0,0,0,0,0,0,0,0,0,0,0,0,0,0,0,0,0,0,0,0,0,0,0,0,0,0,0,0,0,0,0,0,0,0,0,0,0,0,0,0,0,0,0,0,0,0,0,0,0,1,0,0,0,0,0,0,0,0,0,0,0,0,0,0,0,0,0,0,0,0,0,0,0,0,0,0,0,0,0,1,0,0,0,0,0,0,0,0,0,0,0,0
Viola epipsiloides,Viola epipsila s. repens (Turcz. ex Trautv. & C.A. Mey.) W. Becker,Viola epipsiloides Love et D. Love,0,0,0,0,0,0,0,0,0,0,0,0,0,0,0,0,0,0,0,0,0,0,0,0,0,0,0,0,0,0,0,0,0,0,0,0,0,0,0,0,0,0,0,0,0,0,0,0,0,0,0,0,0,0,0,0,0,0,0,0,0,0,0,0,0,0,0,0,0,0,0,0,0,0,0,0,0,0,0,0,0,0,0,0,0,0,0,0,0,0,0,0,0,0,0,0,0,0,0,0,0,0,0,0,0,0,0,0,+,0,0,0,0,0,0,0,0,0,0,0,0
Warnstorfia exannulata,Warnstorfia exannulata (Schimp.) Loeske,Warnstorfia exannulata,0,0,0,0,0,0,0,0,0,10,0,0,0,0,0,0,0,0,0,0,0,0,0,+,0,0,0,20,0,0,0,0,0,0,0,30,0,0,0,0,0,0,0,0,0,0,0,0,0,0,0,0,30,0,0,0,30,0,0,0,20,0,0,0,0,0,2,20,5,0,0,0,0,0,0,0,0,0,0,0,0,0,0,10,50,70,20,0,90,70,0,0,0,0,0,0,0,+,0,20,0,0,0,0,30,0,0,0,0,0,10,0,0,0,0,0,0,10,+,0,0
Warnstorfia fluitans,Warnstorfia fluitans (Hedw.) Loeske,Warnstorfia fluitans,0,+,0,0,0,0,0,0,0,0,0,0,0,0,0,0,0,0,0,0,0,0,0,0,0,0,0,0,0,0,0,0,0,0,0,0,0,0,0,0,0,0,0,0,0,0,0,0,0,0,0,0,0,0,0,0,0,0,0,0,0,0,0,0,0,0,0,0,0,0,0,0,0,0,0,0,0,0,0,0,0,0,0,0,0,0,0,0,0,0,0,0,0,0,0,0,0,0,0,0,0,0,0,0,0,0,0,0,0,0,0,0,0,0,0,0,0,0,0,0,0
Warnstorfia pseudostraminea,Warnstorfia pseudostraminea (C. M?ll.) Tuom. & T. Kop.,Warnstorfia pseudostraminea,0,0,0,0,0,0,0,0,0,0,0,0,0,0,0,0,0,0,0,0,0,0,0,0,0,0,0,0,0,0,0,0,0,0,0,0,0,0,0,0,0,0,0,0,0,0,0,0,0,0,0,0,0,0,0,0,0,0,0,0,0,0,0,0,0,0,0,0,0,0,0,0,0,0,0,0,0,0,0,0,0,0,0,0,0,0,0,0,0,0,0,0,0,0,0,0,0,0,0,0,0,0,0,0,0,0,0,0,0,0,0,10,0,0,0,0,0,0,0,0,0
Warnstorfia sarmentosa,Warnstorfia sarmentosa (Wahlenb.) Hedenas,Warnstorfia sarmentosa =Calliergon sarmentosum (old name),0,0,0,0,0,0,0,0,0,0,0,0,0,0,0,0,0,0,0,0,0,0,0,0,0,0,0,10,0,0,0,0,0,0,0,10,0,0,0,0,0,0,0,0,0,0,0,0,0,0,0,0,0,0,0,0,20,0,0,0,0,0,0,0,0,0,0,5,0,0,0,0,0,0,0,0,0,0,0,0,0,5,0,0,+,0,0,0,0,0,0,0,0,0,0,0,0,0,0,0,0,0,0,0,+,0,0,0,0,0,0,0,0,0,0,0,0,0,0,0,0
