AVARU_Polar_Ural_4_mtelyatnikov_2018_species_data,,,,,,,,,,,,,,,,,,,,,,,,,,,,,,,,,,,,,,,,,,,,,,,,,,,,,,,,,,,,,,,,
Dataset Title: Russian Arctic Vegetation Archive: Polar Ural 4 Vegetation Plots,,,,,,,,,,,,,,,,,,,,,,,,,,,,,,,,,,,,,,,,,,,,,,,,,,,,,,,,,,,,,,,,
Dataset Author: Mikhail Telyatnikov and Ekaterina Kudr,,,,,,,,,,,,,,,,,,,,,,,,,,,,,,,,,,,,,,,,,,,,,,,,,,,,,,,,,,,,,,,,
"Dataset Reference: Telyatnikov, M.Yu., Khitun, O.V., Ermokhina, K.A. & Pristyazhnyuk, S.A. (2022). Vegetation of the ultramafic mountain massif Rai-Iz (upper reaches of the Enga-Yu River, the Polar Urals, Russia). Botanica Pacifica: A Journal of Plant Science and Conservation., 11(1), 37–50. https://doi.org/10.17581/bp.2022.11108",,,,,,,,,,,,,,,,,,,,,,,,,,,,,,,,,,,,,,,,,,,,,,,,,,,,,,,,,,,,,,,,
Dataset Table: Modified Species Cover Data for Polar Ural 4,,,,,,,,,,,,,,,,,,,,,,,,,,,,,,,,,,,,,,,,,,,,,,,,,,,,,,,,,,,,,,,,
Dataset Notes: Percentage species cover scale is used. Both the dataset author determinations and the current nomenclature according to the Panarctic Species List (PASL) are listed.,,,,,,,,,,,,,,,,,,,,,,,,,,,,,,,,,,,,,,,,,,,,,,,,,,,,,,,,,,,,,,,,
,,,,,,,,,,,,,,,,,,,,,,,,,,,,,,,,,,,,,,,,,,,,,,,,,,,,,,,,,,,,,,,,
,,AUTHOR PLOT NUMBER,34001a,34001b,34002,34003,34004,34005,34006,34007,34008,34009,34010,34011,34012,34013,34015a,34015b,34016,34018,34019,34020,34022,34023,34024,34026,34027,34028,34029,34030,34031,34033,34034,34035,34036,34037,34038,34039,34041,34042,34043,34044,34045,34046,34049,34050,34051,34052,34053,34054,34055,34056,34057,34058,34059,34060,34061,34062,34063,34065,34066,34067,34069,34070
,,TURBOVEG PLOT NUMBER,21492,21493,21494,21495,21496,21497,21498,21499,21500,21501,21502,21503,21504,21505,21506,21507,21508,21509,21510,21511,21512,21513,21514,21515,21516,21517,21518,21519,21520,21521,21522,21523,21524,21525,21526,21527,21528,21529,21530,21531,21532,21533,21534,21535,21536,21537,21538,21539,21540,21541,21542,21543,21544,21545,21546,21547,21548,21549,21550,21551,21552,21553
PASL TAXON SCIENTIFIC NAME NO AUTHOR(S),PASL TAXON SCIENTIFIC NAME WITH AUTHOR(S),DATASET TAXON,,,,,,,,,,,,,,,,,,,,,,,,,,,,,,,,,,,,,,,,,,,,,,,,,,,,,,,,,,,,,,
Hierochlo? alpina,Hierochlo? alpina (Sw.) Roem. & Schult.,Hierochlo? alpina,2,0,5,0,0,0,0,0,0,0,0.5,0,0,0,1,4,0,0,0,0.5,0,0,0,0.5,4,15,0,0,6,0,0,0,0,1,0,0,2,0,0,0,0,0,0,0,0,0,0,0.5,0,1,0,0,3,0,5,0,0,15,0,15,0,1
Festuca ovina [s. ovina],Festuca ovina [s. ovina] L.,Festuca ovina [s. ovina],3,1,1,0.5,0.5,0,0,0,0,0.5,20,6,0.5,5,0,0,0.5,15,0,15,0,6,10,20,6,5,1,0,3,0,2,0,15,0,20,2,1,0,0,0,12,0,5,15,7,20,6,10,12,15,7,3,5,2,0,10,6,5,5,2,0,0
Salix nummularia,Salix nummularia Andersson,Salix nummularia,2,1,20,0,0.5,0,0,0,0,0,2,0,2,0,2,0,0,0,0,0.5,0,0,0,0,0,5,0,0,2,0,0,0,0,5,0,0,8,0,0,0,0,0,0,0,0,0,0,0,0,0,0,0,0,0,1,0,0,0,0,20,2,30
Dryas octopetala,Dryas octopetala L.,Dryas octopetala,35,1,5,3,0.5,0,0,0,0,0,2,0,0,0,2,10,0,0,0,0.5,0,0,0,5,8,20,0,0,45,0,0,0,0,0,0,0,0,0,0,0,0,0,0,0,0,0,0,0,0,10,0,0,0,0,0,0,0,50,0.5,30,0.5,7
Arctous alpina,Arctous alpina (L.) Nied.,Arctous alpina,4,0,0,0,0,0,0,0,0,0,0,0,0,0,0,0.5,0,0,0,0,0,0,0,0,2,0,0,0,0,0,0,0,0,0,0,0,5,0,1,0,0,0,0,0,0,0,0,0,0,0,0,0,0,0,0,0,0,0,0,0,0,0
Vaccinium uliginosum,Vaccinium uliginosum L.,Vaccinium uliginosum,10,1,15,0,1,0,1,0,0,2,0.5,0,0,2,2,3,5,1,6,0,2,0,0.5,5,2,40,0,0,0,11,1,0,1,6,5,4,7,0.5,5,0,0,0,0,5,0,0,2,0.5,1,2,0,0,0,0,0,0,1,2,5,0.5,0,2
Vaccinium vitis-idaea s. minus,Vaccinium vitis-idaea s. minus (Lodd.) Hult?n,Vaccinium vitis-idaea s. minus,2,1,1,0,1,0,2,0,0,10,1,0.5,0,2,1,2,2,0,1,0,0,0,0,2,0,0.5,0,0,6,2,0.5,1,2,2,1,0,1,0,0,0,0,0,2,2,0,0,0,0,1,5,0,0,3,0,6,0,0,1,2,2,0,3
Abietinella abietina,Abietinella abietina (Hedw.) Fleisch.,Abietinella abietina,2,0,0,0,0,0,0,0,0,0,0,0,0,0,0,0,0,0,0,0,0,0,0,0,0,0,2,0,0,0,0,0,0,0,0,0,0,0,0,0,0,0,0,0,0,0,0,0,0,0,0,0,0,0,0,0,0,0,0,0,0,0
Aulacomnium turgidum,Aulacomnium turgidum (Wahlenb.) Schwaegr.,Aulacomnium turgidum,5,0,5,3,3,10,1,0,1,10,0,0,0,0,0,1,0,0,5,0,0,0,0,1,1,3,0,0,3,5,0,0,20,4,0,0,0,0,0,0.5,0,0,0,0,0,0,0,0,0,5,0,0,6,0,0,0,0,5,2,0,0.5,10
Dicranum brevifolium,Dicranum brevifolium (Lindb.) Lindb.,Dicranum brevifolium,1,0,0,0,0,0,0,0,0,0,0,0,0,0,0,0,0,0,0,0,0,0,0,0,0,0,0,0,0,10,0,0,0,0,0,0,0,0,0,0,0,0,6,0,0,0,0,0,0,0,0,0,0,0,0,0,0,0,0,0,0,0
Hylocomium splendens,Hylocomium splendens (Hedw.) Schimp.,Hylocomium splendens,5,0,5,35,60,1,1,0,1,30,0,0,0,20,0,1,40,60,12,0,0,0,0,20,35,6,4,10,5,18,40,20,80,12,40,20,0,0,0,0,0,0,0,60,2,20,0,0,0,0,20,0,25,0,0,0,0,60,25,0,0.5,0
Pleurozium schreberi,Pleurozium schreberi (Willdenow ex Brid.) Mitt.,Pleurozium schreberi,0.5,0,0,5,1,1,1,0,1,3,0,0,0,0.5,0,1,1,0,1,0,0,0,0,0,0,0,0,1,0,1,20,0,1,3,20,3,0,0,2,0,0,0,0,10,1,0,0,0,0,0,0,0,0,0,0,0,0,0,70,0,0,0
Polytrichum juniperinum,Polytrichum juniperinum Hedw.,Polytrichum juniperinum,3,0,20,0,0,0,0,0,0,0,0,0,0,0,0.5,0.5,0,1,3,0,0,0,0,0,1,0,0,3,0,0,0,0,1,0,10,5,2,0,0,0,0,0,30,0,20,0,25,50,0,0,3,0,0,0,0,0,0,0,0,0,0,0
Polytrichum piliferum,Polytrichum piliferum Hedw.,Polytrichum piliferum,2,0,5,0,0,0,0,0,0,0,1,4,0,5,1,30,0,0,0,1,0,3,0,1,0,0,0,6,0,0,0,0,0,0,0,0,0,0,0,0,5,0,0,0,0,0,0,0,12,0,1,0,0,0.5,3,1,0,0,0,0,0,0
Racomitrium lanuginosum,Racomitrium lanuginosum (Hedw.) Brid.,Racomitrium lanuginosum,5,1,60,0,0,0,0,0,0,0,0,0,0,0,2,30,0,1,0,0,0,0,0,0,4,0,0,0,6,0,0,0,0,0,0,0,2,0,0,0,0,0,0,0,0,0,0,0,0,0,0,0,1,0,12,0,0,0,0,20,0,10
Rhytidium rugosum,Rhytidium rugosum (Ehrh. ex Hedw.) Kindb.,Rhytidium rugosum,6,0,10,0,0,0,0,0,0,0,0,0,0,5,0,3,0,0,0,0,0,0,0,3,15,1,0,0,6,0,0,0,0,0,0,0,0,0,0,0,0,0,0,0,0,0,0,0,0,0,0,0,0,0,0,0,0,0,0,20,0,0
Sanionia uncinata,Sanionia uncinata (Hedw.) Loeske,Sanionia uncinata,1,0,0,0,0,0,0,0,0,0,0,0,20,0,0,1,0,0,1,10,0,11,10,0,0,0,1,22,0,0,1,0,0,0,0,0,0,0,0,0,0,10,0,0.5,0,30,0,0,0,0,10,0,0,0,0,0,0,0,0,0,0,0
Bryum species,Bryum species,Bryum species,1,0,0,0,0,0,0,0,0,0,0,0,0,0,0,0,0,0,0,1,0,1,1,0,0,0,0,0,0,0,0,0,0,0,0,0,0,0,0,0,0,0.5,0,0,0,0,0,0,0,0,0,0,0,0,0,0,0,0,0,0,0,0
Dicranum species,Dicranum species,Dicranum species,1,0,0,0,0,0,0,0,0,0,0,0,0,20,0,1,0,0,1,0,0,0,10,0,0,0,5,0,0,0,1,0,0,0,0,0,0,0,0,1,0,0,0,0,0,0,0,0,0,0,0,20,0,3,0,0,10,0,0,0,0,6
Ptilidium ciliare,Ptilidium ciliare (L.) Hampe,Ptilidium ciliare,0.5,0,3,0,3,0,0,0,0,0,0,0,0,0,2,1,3,1,4,0,0,0,0,1,3,10,1,0,3,5,1,0,0,4,0,0,3,0.5,0,0,0,0,0,0.5,3,0.5,0,0,0,40,0,0,6,0,0,0,0,10,2,5,0,3
Barbilophozia species,Barbilophozia species,Barbilophozia species,1,0,0,0,0,0,0,0,0,0,0,0,0,0,0,1,0,0,0,0,0,0,0,0,0,0,0,0,0,0,0,0,0,0,0,0,0,0,0,0,0,0,0,0,0,0,0,0,0,0,0,0,0,0,0,0,0,0,0,0,0,0
Alectoria ochroleuca,Alectoria ochroleuca (Hoffm.) Massal.,Alectoria ochroleuca,1,0.5,0,0.5,0,0,0,0,0,0,0,0,0,0,1,2,0,0,0,0,0,0,0,0,0,0,0,0,0,0,0,0,0,0,0,0,0,0,0,0,0,0,0,0,0,0,0,0,0,0,0,0,0,0,2,0,0,0,0,0.5,0,0
Asahinea chrysantha,Asahinea chrysantha (Tuck.) Culb & C.Culb.,Asahinea chrysantha,3,2,0.5,0,0,0,0,0,0,0,0,0,0,1,3,2,0,0,0,0,0,0,0,0,2,0,0,1,0,0,0,0,0,0,0,2,0,0,1,0,0,0,0,0,0,0,0,0,0,0,0,0,0,0,4,0,0,0,0,0.5,0,1
Cetraria laevigata,Cetraria laevigata Rass.,Cetraria laevigata,2,0,0,0,0,0,0,0,0,0,0,0,0,0,0,0,0,0,0,0,0,0,0,0,0,0,0,0,0,0,0,0,0,5,0,0,0,0,0,0,0,0,0,0,0,0,0,0,0,0,0,0,0,0,3,0,0,0,0,0,0,0
Cetraria nigricans,Cetraria nigricans Nyl.,Cetraria nigricans,5,0,1,0,0,0,0,0,0,0,0,0,0,0,0,1,0,0,0,0,0,0,0,0,3,0,0,0,0,0,0,0,0,0,0,0,0,0,0,0,0,0,0,0,0,0,0,0,0,0,0,0,0,0,0,0,0,0,0,0,0,0
Cetraria odontella,Cetraria odontella (Ach.) Ach.,Cetraria odontella,1,0,0,0,0,0,0,0,0,0,0,0,0,0,0,0,0,0,0,0,0,0,0,0,0,0,0,0,0,0,0,0,0,0,0,0,0,0,0,0,0,0,0,0,0,0,0,0,0,0,0,0,0,0,0,0,0,0,0,0,0,0
Cladonia arbuscula s. lat.,Cladonia arbuscula s. lat. (Wallr.) Hale & W.Culb.,Cladonia arbuscula s. lat.,1,0,0.5,5,0.5,0,0,0,0,0,10,3,0,3,0,6,0.5,0.5,4,0.5,0.5,2,0.5,3,3,3,0,3,0,4,0.5,1,0,4,3,3,4,0,6,0.5,0,0,4,2,5,0.5,9,0.5,4,2,5,3,6,3,2,0.5,6,0.5,0.5,5,0,5
Cladonia coccifera s. lat.,Cladonia coccifera s. lat. (L.) Willd.,Cladonia coccifera s. lat.,0.5,0.5,0.5,0,0,0,0.5,0,0,0,0.5,0,0,0,0,0.5,0,0.5,0,0.5,0.5,0.5,0.5,0.5,0,0,0,0.5,0.5,0,0,0,0.5,0.5,0.5,0,3,0,0,0,0,0,2,0,0.5,0,0,0.5,0,0,0,0,3,0,0,1,0,0,0,0.5,0,0
Cladonia rangiferina,Cladonia rangiferina (L.) Nyl.,Cladonia rangiferina,1,0,0.5,1,0,0,0,0,0,0,0,0,0,0,0,0,0,0,0,0,1,0,0,1,1,1,0,0,0,3,0.5,0,0.5,2,0,3,0,0,0,0,0,0,1,0.5,0,0,0,0,0,0.5,0,0,0,0,0,0,0,0.5,0,0.5,0,2
Cladonia uncialis,Cladonia uncialis (L.) Wigg.,Cladonia uncialis,2,0,0,0,0.5,2,0,0,0,0,5,1,0,0,0,2,0,0.5,3,0,0.5,0,0,1,0,1,0,2,3,3,0,0,0,6,0.5,3,5,0,5,0,2,0,3,0.5,2,0.5,8,2,5,0.5,0,5,0,0,7,1,4,1,0,0.5,0,3
Flavocetraria cucullata,Flavocetraria cucullata (Bell.) K?rnefelt & Thell,Flavocetraria cucullata,2,1,0.5,3,0.5,0,0,0,0,0.5,1,0,0,0,0,0,0.5,0,0,0,0,2,0,0,3,0.5,0,0,3,2,0,0,0.5,0,0,0,2,0,0,0.5,0,0,0,0,0,0,0,0,0,0.5,0,0,3,0,1,0,0,0.5,0.5,0.5,0.5,0
Flavocetraria nivalis,Flavocetraria nivalis (L.) K?rnefelt & Thell,Flavocetraria nivalis,3,0,0.5,2,0,0,0,0,0,0,0,0,0,0,1,5,0,0,0,0,0,0,0,0,0,0,0,0,0,1,0,0,0.5,2,0,0,3,0,0,0,0,0,0,0,0,0,0,0.5,0,0.5,0,0,0,0,5,0,0,0,0,10,0,0
Nephroma expallidum,Nephroma expallidum (Nyl.) Nyl.,Nephroma expallidum,1,0,0,0,0,0,0,0,0,0,0,0,0,1,0,0,0,0,0,0.5,0,0,0,0,2,0,0,0,1,0,0,0,0,0,1,1,0,0,0,0,0,0,0,0,0,1,1,0,0,0,2,0,3,0,1,0,0,0,0,0,0,0
Ochrolechia frigida,Ochrolechia frigida (Sw.) Lynge,Ochrolechia frigida,1,1,0,0,1,0,0,0,0,0,1,0,0,0,2,0,0,0,0,0,0,0,0,0,0,0,0,0,2,0,0,0,0,0,0,0,0.5,0,0,0,0,0,0,0,0,0,1,1,0,0,0,0,0,0,3,0,0,0,0,1,0,1
Parmelia omphalodes s. lat.,Parmelia omphalodes s. lat. (L.) Ach.,Parmelia omphalodes s. lat.,1,1,1,0,0,0,0,0,0,0,0,0,0,0,1,0,0,0,0,0,0,0,0,0,0,0,0,0,0,0,0,0,0,0,0,0,0,0,0,0,0,0,0,0,0,0,0,0,0,0,0,0,0,0,0,0,0,0,0,1,0,0
Pseudephebe pubescens,Pseudephebe pubescens (L.) Choisy,Pseudephebe pubescens,1,0,1,0,0,0,0,0,0,0,0,0,0,0,0,0,0,0,0,0,0,0,0,0,0,0,0,0,0,0,0,0,0,0,0,0,0,0,0,0,0,0,0,0,0,0,0,0,0,0,0,0,0,0,0,0,0,0,0,0,0,0
Sphaerophorus globosus,Sphaerophorus globosus (Huds.) Vain.,Sphaerophorus globosus,20,1,30,0,0,0,0,0,0,0.5,0,0,0,0,1,17,0,0,0,0,0,0,0,0.5,4,0,0,0,4,2,0,0,0,0,0,0,5,0,1,0,0,0,1,0,0,0,0,0.5,0,0.5,0,0,1,0,5,0,0,0.5,0,20,0,2
Thamnolia vermicularis s. vermicularis,Thamnolia vermicularis s. vermicularis (Sw.) Schaer.,Thamnolia vermicularis s. vermicularis,1,0.5,0.5,1,0.5,0,0.5,0,0,0.5,0,0,0,0,1,2,0,0,3,0,0,0,0,0.5,4,0.5,0,0,1,2,0,0,0,1,0,0,2,0,1,0,0,0,1,0,0,0,3,0,0,1,0,0,0,0,2,0,1,1,0,1,0,2
Cladonia species,Cladonia species,Cladonia species,1,0,0,1,0,2,0,0,0,0,0,5,0,1,2,0,0,0,0,0,0,3,0,0,0,0,0,2,2,2,0,0.5,0,2,0,0,0,0,2,0,1,0,1,0,3,0,3,0,3,0,1,2,1,2,0.5,0,2,0,0,0,0,2
Peltigera species,Peltigera species,Peltigera species,1,0,0,2,0,0,0,0,0,0,0,0,0,0,0,1,0,0,0,0,0,0,0,0,0,0,0,1,0,3,0,0,0,0,0,1,0,0,0,0,0,0,0,0,0,0,0,0,0,0,0,0,0,0,0,0,0,0,0,0,0,0
Luzula confusa,Luzula confusa Lindeb.,Luzula confusa,0,1,0,0,0,0,0,0,0,0,0,0,0,0,1,1,0,0,0,0.5,0,1,0,0.5,0,0,0,0,0,0,0,0,0,0,0,0,0,0,0,0,0,0,1,0,0,0,0,1,0,0,0,1,1,0,2,0.5,0,0.5,0,0.5,0,0
Minuartia macrocarpa,Minuartia macrocarpa (Pursh) Ostenf.,Minuartia macrocarpa,0,1,0.5,0,0,0,0,0,0,0,0,0,0,0,0.5,0,0,0,0,0,0,0,0,0,0,0,0,0,0,0,0,0,0,0,0,0,0,0,0,0,0,0,0,0,0,0,0,0.5,0,0,0,0,1,0,0,0,0.5,0.5,0,0.5,0,0.5
Rhodiola quadrifida,Rhodiola quadrifida (Pall.) Fisch. & C.A. Mey.,Rhodiola quadrifida,0,0.5,0,0,0,0,0,0,0,0,0,0,0,0,0,0,0,0,0,0,0,0,0,0,0,0,0,0,0,0,0,0,0,0,0,0,0,0,0,0,0,0,0,0,0,0,0,0,0,0,0,0,0,0,0,0,0,0,0,0,0,0
Arctoparmelia separata,Arctoparmelia separata (Th. Fr.) Hale,Arctoparmelia separata,0,1,0,0,0,0,0,0,0,0,0,0,0,0,0,0,0,0,0,0,0,0,0,0,0,0,0,0,0,0,0,0,0,0,0,0,0,0,0,0,0,0,0,0,0,0,0,0,0,0,0,0,0,0,0,0,0,0,0,0,0,0
Bryocaulon divergens,Bryocaulon divergens (Ach.) K?rnefelt,Bryocaulon divergens,0,1,1,0,0,0,0,0,0,0,0,0,0,0,1,2,0,0,0,0,0,0,0,0,1,1,0,0,1,0,0,0,0,0,0,0,2,0,0,0,0,0,0,0,0,0,0,0,0,0,0,0,0,0,0,0,0,0,0,1,0,1
Sphaerophorus fragilis,Sphaerophorus fragilis (L.) Pers.,Sphaerophorus fragilis,0,5,0,1,0,0,0,0,0,0,0,0,0,0,2,0,0,0,0,0,0,0,0,0,0,0,0,0,0,0,0,0,0,0,0,0,0,0,0,0,0,0,0,0,0,0,0,0,0,0,0,0,0,0,0,0,0,0,0,0,0,0
Cetraria species,Cetraria species,Cetraria species,0,1,0,0,0,0,0,0,0,0,0,0,0,0,0,0,0,0,0,0,0,0,0,0,0,0,0,0,0,0,0,0,0,0,0,0,0,0,0,0,0,0,0,0,0,0,0,0,0,0,0,0,0,0,0,0,0,0,0,0,0,0
Carex bigelowii s. ensifolia,Carex bigelowii s. ensifolia (Turcz. ex Ledeb.) ined.,Carex bigelowii s. ensifolia,0,0,2,10,10,0,0,0,0,15,0.5,3,0.5,2,0,0,15,0,15,0.5,0,0,0,0.5,0,1,0,7,0,9,0,0,10,0,2,0,2,0,0,0.5,2,10,2,2,2,0,0,5,5,5,0,0,4,3,0,0,2,2,0,0,2,7
Bryoria nitidula,Bryoria nitidula (Th. Fr.) Brodo & Hawksw.,Bryoria nitidula,0,0,0.5,0,0,0,0,0,0,0,0,0,0,0,0,1,0,0,0,0,0,0,0,0,0,0,0,0,0,0,0,0,0,0,0,0,0,0,0,0,0,0,0,0,0,0,0,0,0,0,0,0,0,0,0,0,0,0,0,0.5,0,0
Cetraria islandica,Cetraria islandica (L.) Ach.,Cetraria islandica,0,0,0.5,2,0.5,0,0,0,0,0,2,2,0,6,1,3,0,0.5,1,0.5,1,1,0,0.5,0,0.5,0,4,1,0,0,0,0,4,1,3,6,0,3,0,4,0,2,1,3,0.5,4,1,4,0.5,1,3,5,3,1,1,3,1,0,1,1,4
Gowardia nigricans,"Gowardia nigricans (Ach.) P.Halonen, L.Myllys, S. Velmala & H.Hyvarinen",Gowardia nigricans,0,0,1,0,0,0,0,0,0,0,0,0,0,0,0,0,0,0,0,0,0,0,0,0,0,0,0,0,0,0,0,0,0,0,0,0,0.5,0,0,0,0,0,0,0,0,0,0,0,0,0,0,0,0,0,0,0,0,0,0,0.5,0,0
Lobaria linita,Lobaria linita (Ach.) Rabenh.,Lobaria linita,0,0,0.5,0,0,0,0,0,0,0,0,0,0,0,0,0,0,0,0,0,0,0,0,0,1,0,0,0,1,0,0,0,0.5,0,0.5,0,0,0,0,0,0,0,0,0.5,0.5,0.5,0,0.5,0,0,0,0,0,0,0,0,0,0,0,2,0,0
Nephroma arcticum,Nephroma arcticum (L.) Torss.,Nephroma arcticum,0,0,0.5,3,0,0,0,0,0,0,0.5,0,0,0.5,0,0,0.5,0,0,0.5,0.5,1,0,0.5,0,0,0,0.5,0,0,0.5,0.5,0,1,2,0,0,0,0,0,0,0,1,0,1,0.5,17,2,0,0.5,0,6,1,0,0,0,2,0,0,1,0,3
Stereocaulon glareosum,Stereocaulon glareosum (Sav.) Magn.,Stereocaulon glareosum,0,0,1,0,0,0,0,0,0,0,0,0,0,0,0,0,0,0,0,1,0,0,0,0,0,0,0,1,0,0,0,0,0,0,0,0,0,0,0,0,0,0,0,0,0,0,0,0,0,0,0,3,0,0,0,0,0,0,0,0,0,1
Pertusaria species,Pertusaria species,Pertusaria species,0,0,1,0,0,0,0,0,0,0,0,0,0,0,0,0,0,0,0,0,0,0,0,0,0,0,0,0,0,0,0,0,0,0,0,0,0,0,0,0,0,0,0,0,0,0,0,0,0,0,0,0,0,0,0,0,0,0,0,0,0,0
Eriophorum angustifolium,Eriophorum angustifolium Honck.,Eriophorum angustifolium,0,0,0,0.5,0.5,0,0.5,0,70,0.5,0,0,0,0,0,0,0.5,0,3,0,0,0,0,0,0,0,0,0,0,5,0,0,0,0,0,0,0,0.5,0,0.5,0,0,0,0,0,0,0,0,0,0,0,0,0,0,0,0,0,0,0,0,5,0
Eriophorum vaginatum,Eriophorum vaginatum L.,Eriophorum vaginatum,0,0,0,5,0.5,25,20,0,0,20,0,0,0,0,0,0,2,0,10,0,0,0,0,0,0,0,0,0,0,6,0,0,0,0,0,0,0,0,0,2,0,0,0,0,0,0,0,0,0,0,0,0,0,0,0,0,0,0,0,0,0.5,0
Calamagrostis neglecta,"Calamagrostis neglecta (Ehrh.) P. Gaertn., B. Mey. & Scherb.",Calamagrostis neglecta,0,0,0,2,5,0,0,0,0,0,0,0,2,0,0,0,0,0,0,0,0,1,0,0,0,0,0,0,0,4,0,0,7,0,0,5,0,0,0,0,0,0,1,0,1,0,0,0,0,0,0,0,0,0,0,0,0.5,0,0,0,0,0
Calamagrostis lapponica,Calamagrostis lapponica (Wahlenb.) Hartm.,Calamagrostis lapponica,0,0,0,1,0,0,0,0,0,0,0,0,0,0,0,4,0,0,1,0,0,0,0,0,0,0,0,1,1,0,0,0,0,1,0,0,0,0,0,0,0,0.5,2,5,1,5,0,0,0,0,0,0,0,0,0,0,0,0,0,0,0,2
Arctagrostis latifolia,Arctagrostis latifolia (R. Br.) Griseb.,Arctagrostis latifolia,0,0,0,1,0,0,0,0,0,0,0,0,0,0,0,0,1,0,2,0,0,0,0,0,0,0,0,0,0,0,0,1,0,0,0,0,0,0,0,0,0,0,0,0,0,0,0,0,0,0,2,0,0,0,0,0,0,0,0,0,0,0
Arctagrostis arundinacea,Arctagrostis arundinacea (Trin.) Beal,Arctagrostis arundinacea,0,0,0,3,0,0,0,0,0,0,0,0,0,0,0,0,0,0,0,0,0,0,0,0,0,0,0,0,0,0,0,0,0,0,0,0,0,0,0,0,0,0,0,0,0,0,0,0,0,0,0,0,0,0,0,0,0,0,0,0,0,0
Bistorta vivipara,Bistorta vivipara (L.) Delarbre,Bistorta vivipara,0,0,0,1,0.5,1,0,0,0.5,0.5,0.5,2,1,2,0,0,0.5,0.5,4,10,0.5,2,2,0,2,0.5,2,4,0,3,0,0,0,0,0.5,0,0,0.5,2,0.5,2,1,0,1,0.5,2,4,1,2,0.5,0,8,3,0,0,0.5,3,0.5,0.5,0.5,1,3
Bistorta elliptica,"Bistorta elliptica (Willd. ex Spreng.) Kom. ex V.V. Petrovsky, D.F. Murray & Elven",Bistorta elliptica,0,0,0,1,0.5,0,0,0,0,0,0,2,0,1,0,0,0.5,5,0,0.5,15,0.5,0,2,0,2,1,2,0,1,2,1,5,1,2,1,0,0,1,0,3,2,0,1,1,5,0.5,0.5,1,1,1,3,3,0,0,0.5,0,0.5,1,0.5,0,1
Salix glauca,Salix glauca L.,Salix glauca,0,0,0,4,2,0,0,0.2,0.5,1,0,0,0,0.5,0,0,2,0,1,0,0.5,0,0,0,0,1,0,0,2,4,40,30,0,8,0,10,0,2,0,2,0,2,0,0.5,0,0,0,0,0,0,0,0,0,0,0,0,0,0,0.5,0,0,0
Salix phylicifolia,Salix phylicifolia L.,Salix phylicifolia,0,0,0,10,0,0,0,0,10,0,0,0,0,0,0,0,0,0,0,0,0,0,0,0,0,0,0,0,0,5,2,6,0,2,0,2,0,20,4,0,0,0,0,0,0,0,0,0,0,0,0,0,0,0,0,0,0,0,0,0,0,0
Betula nana,Betula nana L.,Betula nana,0,0,0,25,40,6,5,0,0.5,25,1,0.5,0.5,1,0.5,25,50,2,40,0.5,0.5,0,0.5,1,0,0,0,2,0,20,20,14,0,35,2,6,0,0.5,2,25,2,0,1,5,0,0,1,0.5,1,0,2,0,0,0,0,0,0,0,60,0,5,4
Rubus chamaemorus,Rubus chamaemorus L.,Rubus chamaemorus,0,0,0,5,0.5,6,30,0,0,20,0,0,0,0,0,0,10,0,0,0,0,0,0,0,0,0,0,0,0,3,10,5,0,0,0,2,0,0.5,0,15,0,0,0,0,0,0,0,0,0,0,0,0,0,0,0,0,0,0,0,0,0,0
Rhododendron tomentosum s. decumbens,Rhododendron tomentosum s. decumbens (Aiton) Elven & D.F. Murray,Rhododendron tomentosum s. decumbens,0,0,0,2,0.5,0,0.5,0,0,0.5,0,0,0,0,0,5,0,0,0,0,0,0,0,0,0,5,0,0,6,0,0,0,0,2,0,0,0,0,0,0,0,0,0,0,0,0,0,0.5,0,0,0,0,2,0,0,0,0,0,0,0,0,0
Vaccinium vitis-idaea,Vaccinium vitis-idaea L.,Vaccinium vitis-idaea,0,0,0,5,0,0,0,0,0,0,0,0,0,0,0,0,0,0,0,0,0,0,0,0,25,0,0,0,0,0,0,0,0,0,0,0,0,0,0,0,0,0,0,0,0,0,0,0,0,0,0,0,0,0,0,0,0,0,0,0,0,0
Lagotis glauca s. minor,Lagotis glauca s. minor (Willd.) Hult?n,Lagotis glauca s. minor,0,0,0,0.5,0.5,0,0,0,0,0,2,1,0.5,0,0,0,0.5,0.5,0,0,0.5,0,0.5,0.5,0,0.5,3,0,0,1,0.5,0,0,0,2,1,0,0,1,0,0.5,10,0,0.5,1,0.5,0,0.5,0,0.5,1,0,0,1,0,0.5,1,1,0.5,0.5,0,3
Calliergon stramineum,Calliergon stramineum (Dicks. ex Brid.) Kindb.,Calliergon stramineum,0,0,0,0.5,0,0.5,0.5,5,3,0,0,0,1,0,0,0,0,0,0,0,0,0,0,0,0,0,0,0,0,0,0,0,0,0,0,0,0,0.5,0,1,0,0,0,0,0,0,0,0,0,0,0,0,0,0,0,0,0,0,0,0,0,0
Dicranum elongatum,Dicranum elongatum Schleich. ex Schwaegr.,Dicranum elongatum,0,0,0,7,0,0,0,0,0,0,0,0,0,0,0,20,0,0,15,0,0,0,0,0,8,0,0,30,0,0,0,20,0,10,0,0,0.5,0,8,0,0,0,0,0,40,0,10,0,5,0,0,0,0,0,0,0,0,0,0,0,0,0
Dicranum spadiceum,Dicranum spadiceum J. E. Zetterst.,Dicranum spadiceum,0,0,0,10,0,3,0.5,0,0,0,0,0,0,0,0,0,0,0,0,0,0,0,0,0,0,0,0,0,0,0,0,0,0,0,0,0,0,0,0,0,0,0,0,0,0,0,0,0,0,0,0,0,0,0,0,0,0,0,0.5,0,0,0
Polytrichum strictum,Polytrichum strictum Menzies ex Brid.,Polytrichum strictum,0,0,0,7,10,5,1,0,0,10,0,0,0,0,0,0,1,0,6,0,0,0,0,3,0,0,0,0,0,3,0,1,1,25,0,35,0,0.5,0,0.5,0,0,2,0,5,0,0,0,35,0,3,4,0.5,0,0,0,0,0,0.5,0,0,0
Sphagnum flexuosum,Sphagnum flexuosum Dozy & Molk.,Sphagnum flexuosum,0,0,0,5,0,0,0,0,0,0,0,0,0,0,0,0,0,0,0,0,0,0,0,0,0,0,0,0,0,0,0,0,0,0,0,0,0,0,0,0,0,0,0,0,0,0,0,0,0,0,0,0,0,0,0,0,0,0,0,0,0,0
Sphagnum girgensohnii,Sphagnum girgensohnii Russ.,Sphagnum girgensohnii,0,0,0,1,0,2,0,0,0,0,0,0,0,0,0,0,30,0,0,0,0,0,0,0,0,0,0,0,0,0,0,1,0,0,0,0,0,0,0,0,0,0,0,0,0,0,0,0,0,0,0,0,0,0,0,0,0,0,0,0,0,0
Sphagnum warnstorfii,Sphagnum warnstorfii Russ.,Sphagnum warnstorfii,0,0,0,1,0,1,1,0,0,0,0,0,0,0,0,0,10,0,0,0,0,0,0,0,0,0,0,0,0,0,0,0,0,0,0,0,0,0,0,0,0,0,0,0,0,0,0,0,0,0,0,0,0,0,0,0,0,0,0.5,0,0,0
Cladonia amaurocraea,Cladonia amaurocraea (Fl?rke) Schaer.,Cladonia amaurocraea,0,0,0,4,1,1,1,0,0,1,0,0,0,4,0,1,1,0,3,0,0,1,0,1,3,1,0,0,1,1,0,0,1,4,0,4,1,0,1,0,1,0,1,0,3,0,4,0,2,0,2,3,3,2,1,0,2,1,0,1,1,5
Dactylina arctica,Dactylina arctica (Richardson) Nyl.,Dactylina arctica,0,0,0,1,0.5,0,0.5,0,0,0,0,0,0,0,0,0.5,0,0,1,0,0,0,0,0,0.5,0.5,0,0,1,1,0,0,0.5,0,0,0,1,0,0,0,0,0,0,0,0,0,0,0,0,0.5,0,0,6,0,0,0,0,0,0,0,0,2
Peltigera aphthosa,Peltigera aphthosa (L.) Willd.,Peltigera aphthosa,0,0,0,1,0.5,0,0,0,0,0,0,0,0.5,1,0,2,0,0,0,0.5,0.5,1,1,0,1,0,0,0,1,2,0,0,2,0,0.5,0,0,0,0,0,0,0,0,0,0,0.5,0,0,0,0,0,0,0.5,0,0,0,0,0,0,0,0,0
Lichenomphalia species,Lichenomphalia species,Lichenomphalia species,0,0,0,0.5,0,0,0,0,0,0,0,0,0,0,0,0,0,0,0,0,0,0,0,0,0,0,0,0,0,0,0,0,0,0,0,0,0,0,0,0,0,0,0,0,0,0,0,0,0,0,0,0,0,0,0,0,0,0,0,0,0,0
Equisetum arvense,Equisetum arvense L.,Equisetum arvense,0,0,0,0,0.5,0,0,0,0,0,0.5,4,0.5,4,0,0,0.5,0,3,0,0,0,0.5,0,0,0,0,0,0,3,2,5,0,0,0,3,0,0.5,8,0,0,0,0,0.5,0,0.5,3,0.5,0,0,0,2,0,0,0,0,1,0,0,0,0,0
Veratrum album,Veratrum album L.,Veratrum album,0,0,0,0,0.5,0,0,0,0,0,0.5,1,10,6,0,0,0,20,0,5,15,7,10,15,0,0.5,25,3,0,0.5,0.5,4,30,0,2,7,0,0,7,0,8,20,1,15,6,20,1,5,2,0.5,6,5,0,4,0,0.5,2,0.5,0.5,0,0,0
Deschampsia brevifolia,Deschampsia brevifolia R. Br.,Deschampsia brevifolia,0,0,0,0,0.5,0,0,0,0,0,0,0,0.5,0,0,0,0,0,0,0,0,0,0,1,0,0,0,0,0,0,0,0,0,0,2,0,0,0,0,0,0,15,0,0,0,0,0,2,0,0,0,0,0,10,0,10,0,1,0,0,0,0
Salix reticulata,Salix reticulata L.,Salix reticulata,0,0,0,0,0.5,0,0,0,0,0,0,0,0,0,0,0,0,0,0,0,0,0,0,0,0,0,0,0,0,0,0,0,0,0,0,0,0,0,0,0,0,0,0,0,0,0,0,0,0,0,0,0,0,0,0,0,0,0.5,0,0,0,0
Salix pulchra,Salix pulchra Cham.,Salix pulchra,0,0,0,0,5,3,0,0,0,0,0,0,2,0,0,0,1,0,10,0,0,0,0.5,0,0,5,0,0,0,0,0,0,0,0,0,0,0,0,0,0,0,0,0,0.5,0,0,0,0.5,0,0,0,0,0,0,0,0,2,0,0,0,5,0
Hedysarum hedysaroides,Hedysarum hedysaroides (L.) Schinz & Thell.,Hedysarum hedysaroides,0,0,0,0,0.5,0,0,0,0,0,0,0,0,0,0,0,1,0,0,0,0,0,0,0,0,0.5,0,0,0,0,0,0,0,0,0,0,0,0,0,0,0,0,0,0,0,0,0,0,0,0,0,0,0,0,0,0,0,0,0,0,0,0
Polemonium acutiflorum,Polemonium acutiflorum Willd.,Polemonium acutiflorum,0,0,0,0,0.5,0,0,0,0,0,0,0,0.5,0,0,0,0.5,5,0,0.5,0.5,2,0.5,0,0,0,2,0,0,0,1,1,0,0,0,1,0,0,0,0,0,0,0,1,1,2,0,0.5,0,0,1,0,0,0,0,0,0.5,0,0.5,0,0,0
Pedicularis oederi,Pedicularis oederi Vahl,Pedicularis oederi,0,0,0,0,0.5,0,0,0,0,0,0,0,0,0,0,0.5,0,0,1,0,0,0,0,0,0.5,0,0,0,0,1,0,0,0,0,0,0,0,0,0,0.5,0,0,0,0,0,0,0,0,0,0,0,0,0,0,0,0,0,0,0.5,0,0.5,0
Petasites frigidus,Petasites frigidus (L.) Fr.,Petasites frigidus,0,0,0,0,0.5,0,0,0,0,0,0,0,0,0,0,0,0.5,0,2,0,0,0,0,0,0,0,0,0,0,0,0.5,2,0,0,0,0,0,0,0,0,0,0,0,0,0,0,0,0,0,0,0,0,0,0,0,0,0,0,0,0,0,0
Saussurea tilesii,Saussurea tilesii (Ledeb.) Ledeb.,Saussurea tilesii,0,0,0,0,0.5,0,0,0,0,0,0,0,0,0,0,0,0,0,0,0,0,0,0,0,0,0,0,0,0,0,0,0,0,0,0,0,0,0,0,0,0,0,0,0,0,0,0,0,0,0,0,0,0,0,0,0,0,0,0,0,0,0
Valeriana capitata,Valeriana capitata Pall. ex Link,Valeriana capitata,0,0,0,0,0.5,0,0,0,0,0,0,0,0,0,0,0,0,0,0,0,0,0,0.5,0.5,2,0.5,1,0,0,0.5,0.5,0.5,0,0,0,1,0,0,0,0,0,0,0,0.5,0,0,0,0,0,0,0,0,1,0,0,0,0,2,1,0,0,0
Aulacomnium palustre,Aulacomnium palustre (Hedw.) Schwaegr.,Aulacomnium palustre,0,0,0,0,1,30,0,5,0.5,10,0,0,0,0,0,0,6,0,6,0,0,0,0,0,0,0,0,0,0,10,0,10,1,3,0,0,0,2,0,0,3,0,0,0,0,0,0,0,0,0,0,0,0,0,0,0,0,0,0,0,0.5,0
Cetrariella fastigiata,Cetrariella fastigiata (Bory ex Schaerer) K?rnefelt & Thell,Cetrariella fastigiata,0,0,0,0,1,0,0,0,0,0,0,1,0,1,0,0,0,0,0,0,0,0,0,0,0,0,0,0,0,0,0,0,0,0,0,0,0,0,0,0,0,0,1,0,0,0,0,0,0,0,0,0,0,1,0,0,1,0,0,0,0,0
Cladonia crispata s. lat.,Cladonia crispata s. lat. (Ach.) Flot.,Cladonia crispata s. lat.,0,0,0,0,1,0,0,0,0,0,1,0,0,0,0,0,0,0,0,0,0,0,0,0,0,0,0,0,0,0,0,0,0,1,0,0,0,0,1,0,0,0,0,0,0,0,0,1,1,0,0,0,0,0,0,1,1,0,0,0,0,0
Cladonia ecmocyna,Cladonia ecmocyna Leight.,Cladonia ecmocyna,0,0,0,0,1,0,0,0,0,0,0,1,1,1,0,0,0,1,0,1,1,1,1,0,1,0,1,3,0,0,0,0,0,1,1,0,0,0,1,0,1,0,0,1,1,1,1,1,0,0,1,0,0,0,0,1,0,0,0,0,0,0
Cladonia pleurota,Cladonia pleurota (Fl?rke) Schaer.,Cladonia pleurota,0,0,0,0,1,0,0,0,0,1,0,1,0,0,0,0,0,1,0,0,0,0,0,0,0,0,0,1,0,0,0,0,0,1,1,0,0,0,0,0,0,0,0,0,0,0,0,0,1,0,0,0,0,1,0,0,1,0,0,0,0,0
Cladonia stygia,Cladonia stygia (Fr.) Ruoss,Cladonia stygia,0,0,0,0,0.5,0,0.5,0,0,0,0,0,0,0,0,1,0.5,0,0,0,0,0,0,0.5,0,1,0,0,0,0,0,0,0,1,0,0,3,0,2,0,0,0,3,0,0,0,0,0,1,0.5,0,0,2,0,0.5,0,0,0,0,0,0,0
Peltigera canina,Peltigera canina (L.) Willd.,Peltigera canina,0,0,0,0,1,0,0,0,0,0,0,0,0,0,0,0,0,0,0,0,1,0,1,0,0,1,0,0,0,0,0,0,1,1,0,0,0,0,0,0,0,0,0,0,0,0,0,0,0,0,0,0,0,0,0,0,0,0,0,0,0,0
Peltigera malacea,Peltigera malacea (Ach.) Funck,Peltigera malacea,0,0,0,0,1,0,0,0,0,0,0,0,0,0,0,0,0,0,0,0,0,0.5,0,0,0,0,0,0,0,0,0,0,0,0,0,0,0,0,0,0,0,0,0,0,0,0,0,1,0,0,0,0,0,0,0,0,1,0,0,1,0,0
Peltigera polydactylon,Peltigera polydactylon (Neck.) Hoffm.,Peltigera polydactylon,0,0,0,0,1,0,0,0,0,1,0,0,0,0,0,0,0,0,2,0,0,0,0,0,0,0,0,0,0,0,0,0,1,0,0,0,0,0,0,0,0,0,0,0,1,0,1,0,0,0,0,0,0,0,0,0,0,0,0,0,1,0
Peltigera scabrosa,Peltigera scabrosa Th. Fr.,Peltigera scabrosa,0,0,0,0,0.5,0,0,0,1,0.5,0,1,0.5,1,0,0,0.5,0,0,0.5,1,0,0,0,0,0.5,0,0,0,0,0,0,0,0,0.5,0,0,0,2,0,0,0,0,0,0,0.5,1,0.5,0,0,0,1,1,0,0,0,1,0,0.5,0,1,0
Stereocaulon alpinum,Stereocaulon alpinum Laur.,Stereocaulon alpinum,0,0,0,0,1,0,0,0,0,0,1,0,0,0,0,0,0,0,0,1,1,0,0,0,3,1,0,0,2,0,0,0,0,1,0,0,0,0,1,0,0,0,0,0,0,1,0,1,0,1,0,0,0,0,0,1,0,1,0,0,0,0
Luzula wahlenbergii,Luzula wahlenbergii Rupr.,Luzula wahlenbergii,0,0,0,0,0,1,0,0,0.5,0,0,0,0,0,0,0,0,0,0,0,0,0,0,0.5,0,0,0,0,0,1,0,0,0,0,0,0,0,0,0,0.5,0,0,0,0,0,0,0,0,0,0,0,0,0,0,0,0,0,0,0,0,0,0
Eriophorum russeolum,Eriophorum russeolum Fr. ex Hartm.,Eriophorum russeolum,0,0,0,0,0,1,1,17,0.5,0,0,0,0,0,0,0,0,0,0,0,0,0,0,0,0,0,0,0,0,0,0,0,0,0,0,0,0,0.5,0,0.5,0,0,0,0,0,0,0,0,0,0,0,0,0,0,0,0,0,0,0,0,0,0
Carex rariflora,Carex rariflora (Wahlenb.) Sm.,Carex rariflora,0,0,0,0,0,6,10,5,5,0,0,0,0,0,0,0,2,0,5,0,0,0,0,0,0,0,0,0,0,0,0,0.5,0,0,0,0,0,20,0,10,0,0,0,0,0,0,0,0,0,0,0,0,0,0,0,0,0,0,0,0,10,0
Carex aquatilis,Carex aquatilis Wahlenb.,Carex aquatilis,0,0,0,0,0,1,0,22,0,0,0,0,0,0,0,0,0,0,0,0,0,0,0,0,0,0,1,0,0,0,0,0,0,0,0,0,0,1,0,0,0,0,0,0,0,2,0,0,0,0,2,0,0,0,0,0,0,0,0,0,0,0
Calamagrostis holmii,Calamagrostis holmii Lange,Calamagrostis holmii,0,0,0,0,0,3,0.5,3,0,0,0,0,0,3,0,0,0,2,0,0,0,0,0,0,0,0,0,0,0,0,0,0,0,0,0,0,0,0.5,0,10,0,0,0,0,0,0,0,1,3,0,0,0,0.5,0,0,0,0,0,0,0,0.5,0
Poa pratensis s. alpigena,Poa pratensis s. alpigena (Lindm.) Hiitonen,Poa pratensis s. alpigena,0,0,0,0,0,5,0,0,0,0,0,0,20,1,0,0,0,5,0,0,0,1,0,0,0,0,5,0,0,0,0,0,0,0,0,0,0,0,0,0,0,1,0,0,0,0.5,0,0,0,0,3,0,0,0,0,0,0,0,0,0,0,0
Micranthes foliolosa,Micranthes foliolosa (R. Br.) Gornall,Micranthes foliolosa,0,0,0,0,0,1,0,0,0,0,0,0,0,0,0,0,0,0,0,0.5,0,0,0,0,0,0,0,0,0,0,0,0,0,0,0,0,0,0,0,0,0,0.5,0,0,0,0.5,0,0,0,0,0,0,0,0,0,0,0,0,0,0,0,0
Saxifraga cernua,Saxifraga cernua L.,Saxifraga cernua,0,0,0,0,0,1,0,2,0,0,0,0,0,0,0,0,0,0,0,0.5,0,1,0,0,0,0,0,0,0,0,0,0,0,0,0,0,0,0,0,0,1,0,0,0,0,0,0,0,0,0,0,0,0,0,0,0,0,0,0,0,0,0
Betula glandulosa,Betula glandulosa Michx.,Betula glandulosa,0,0,0,0,0,2,0,0,0,0,0,0,0,0,0,0,0,0,0,0,0,0,0,0,0,0,0,0,0,0,0,0,0,0,0,0,0,0,0,0,0,0,0,0,0,0,0,0,0,0,0,0,0,0,0,0,0,0,0,0,0,0
Comarum palustre,Comarum palustre L.,Comarum palustre,0,0,0,0,0,3,0,15,20,0,0,0,0,0,0,0,0,1,0,0,0,0,0,0,0,0,0,0,0,0,0.5,0,0,0,0,0,0,10,0,0,0,1,0,0,0,0,0,0,0,0,0,0,0,0,0,0,0,0,0,0,0,0
Conostomum tetragonum,Conostomum tetragonum (Hedw.) Lindb.,Conostomum tetragonum,0,0,0,0,0,1,0,0,0,0,0,0,0,0,0,0,0,0,0,0,0,0,0,0,0,0,0,0,0,0,0,0,0,0,0,0,0,0,0,0,0,0,0,0,0,0,0,0,0,0,0,0,0,0,0,0,0,0,0,0,0,0
Polytrichum jensenii,Polytrichum jensenii I. Hagen,Polytrichum jensenii,0,0,0,0,0,1,3,1,0,0,0,6,0,0,0,0,0,0,0,0,0,0,0,0,0,0,0,0,0,0,0,0,0,4,0,0,0,0,0,3,0,0,0,0,1,0,0,0,0,0,0,0,0,0,0,0,0,0,0,0,0,0
Sphagnum squarrosum,Sphagnum squarrosum Crome,Sphagnum squarrosum,0,0,0,0,0,18,0,10,80,0,0,0,0,0,0,0,0,0,4,0,0,0,0,0,0,0,0,0,0,0,0,0,0,0,0,0,0,20,0,0,0,0,0,0,0,0,0,0,0,0,0,0,0,0,0,0,0,0,0,0,0,0
Sphagnum species,Sphagnum species,Sphagnum species,0,0,0,0,0,5,0,3,0,0,0,0,0,0,0,0,0,0,0,0,0,0,0,0,0,0,0,0,0,0,0,0,0,0,0,0,0,0,0,0,7,0,0,0,0,0,0,0,0,0,0,0,0,0,0,0,0,0,0,0,0,0
Sphagnum balticum,Sphagnum balticum (Russ.) C. Jens.,Sphagnum balticum,0,0,0,0,0,0,1,0,1,0,0,0,0,0,0,0,0,0,0,0,0,0,0,0,0,0,0,0,0,0,0,0,0,0,0,0,0,0,0,0,0,0,0,0,0,0,0,0,0,0,0,0,0,0,0,0,0,0,0,0,0,0
Sphagnum lenense,Sphagnum lenense H. Lindb. ex L.I. Savicz,Sphagnum lenense,0,0,0,0,0,0,80,0,0,0,0,0,0,0,0,0,0,0,0,0,0,0,0,0,0,0,0,0,0,0,0,0,0,0,0,0,0,0,0,0,0,0,0,0,0,0,0,0,0,0,0,0,0,0,0,0,0,0,0,0,0,0
Sphagnum russowii,Sphagnum russowii Warnst.,Sphagnum russowii,0,0,0,0,0,0,1,0,0,0,0,0,0,0,0,0,1,0,0,0,0,0,0,0,0,0,0,0,0,0,0,0,0,0,0,0,0,0,0,0,0,0,0,0,0,0,0,0,0,0,0,0,0,0,0,0,0,0,0,0,0,0
Cladonia bellidiflora,Cladonia bellidiflora (Ach.) Schaer.,Cladonia bellidiflora,0,0,0,0,0,0,1,0,0,0,0,0,0,0,0,0,0,0,0,0.5,0,0,0.5,0,0,0,0,1,0,0,0,0,0,0,0.5,0,0,0,0,0,0,0,1,0,0,0,0,0.5,2,0,0,1,0,1,0,0,1,0,0,0,0,0
Cladonia sulphurina,Cladonia sulphurina (Michx.) Fr.,Cladonia sulphurina,0,0,0,0,0,0,1,0,0,1,0,0,0,0,0,0,0,0,0,0,0,0,0,0,0,0,0,0,0,0,0,0,0,0,0,2,0,0,0,0,0,0,0,0,0,0,0,0,0.5,0,0,0,0,0,0,0,0,0,0,0,0,0
Carex chordorrhiza,Carex chordorrhiza Ehrh. ex L. f.,Carex chordorrhiza,0,0,0,0,0,0,0,4,0,0,0,0,0,0,0,0,0,0,0,0,0,0,0,0,0,0,0,0,0,0,0,0,0,0,0,0,0,0,0,0,0,0,0,0,0,0,0,0,0,0,0,0,0,0,0,0,0,0,0,0,0,0
Poa arctica,Poa arctica R. Br.,Poa arctica,0,0,0,0,0,0,0,2,0.5,0,0,0,0,0,0,0,0,0,0,0,0,0,0,0,0,0,0,0,0,0,0.5,2,1,0,0.5,1,0,0,0,0,0.5,0,0,0.5,0,0,0,1,0,0,2,0,2,0,0,0,1,0,0.5,0,0,0
Poa pratensis s. colpodea,Poa pratensis s. colpodea (Th. Fr.) Tzvelev,Poa pratensis s. colpodea,0,0,0,0,0,0,0,0.5,0,0,0,0,0,0,0,0,0,0,0,0,0,0,0,0,0,0,2,0,0,0,0,0,0,0,0,0,0,0,0,0,0,0,0,0,0,0,0,0,0,0,0,0,0,0,0,0,0,0,0,0,0,0
Caltha palustris s. radicans,Caltha palustris s. radicans (T.F. Forst.) Syme,Caltha palustris s. radicans,0,0,0,0,0,0,0,2,0,0,0,0,0,0,0,0,0,0,0,0,0,0,0,0,0,0,0,0,0,0,0,0,0,0,0,0,0,0,0,0,0,0,0,0,0,0,0,0,0,0,0,0,0,0,0,0,0,0,0,0,0,0
Epilobium palustre,Epilobium palustre L.,Epilobium palustre,0,0,0,0,0,0,0,0.5,0,0,0,0,0,0,0,0,0,0,0,0,0,0,0,0,0,0,0,0,0,0,0,0,0,0,0,0,0,0,0,0,0,0,0,0,0,0,0,0,0,0,0,0,0,0,0,0,0,0,0,0,0,0
Pedicularis interior,Pedicularis interior (Hult?n) Molau & D.F. Murray,Pedicularis interior,0,0,0,0,0,0,0,0.5,0,0,0,0,0,0,0,0,0,0,0,0,0,0,0,0,0,0,0,0,0,0,0,0,0,0,0,0,0,0,0,0,0,0,0,0,0,0,0,0,0,0,0,0,0,0,0,0,0,0,0,0,0,0
Bryum pseudotriquetrum,"Bryum pseudotriquetrum (Hedw.) P.G. Gaertn., B. Mey. & Scherb.",Bryum pseudotriquetrum,0,0,0,0,0,0,0,3,0,0,0,0,0,0,0,0,0,0,0,0,0,0,0,0,0,0,0,0,0,0,0,0,0,0,0,0,0,0,0,0,0,0,0,0,0,0,0,0,0,0,0,0,0,0,0,0,0,0,0,0,0,0
Calliergon cordifolium,Calliergon cordifolium (Hedw.) Kindb.,Calliergon cordifolium,0,0,0,0,0,0,0,20,0,0,0,0,0,0,0,0,0,0,0,0,0,0,0,0,0,0,0,0,0,0,0,0,0,0,0,0,0,0,0,0,0,1,0,0,0,0,0,0,0,0,0,0,0,0,0,0,0,0,0,0,0,0
Limprichtia cossonii,"Limprichtia cossonii (Schimp.) L.E. Anders., H. Crum & W.R. Buck",Limprichtia cossonii,0,0,0,0,0,0,0,5,0,0,0,0,0,0,0,0,0,0,0,0,0,0,0,0,0,0,0,0,0,0,0,0,0,0,0,0,0,0,0,0,0,0,0,0,0,0,0,0,0,0,0,0,0,0,0,0,0,0,0,0,0,0
Plagiomnium ellipticum,Plagiomnium ellipticum (Brid.) T. Kop.,Plagiomnium ellipticum,0,0,0,0,0,0,0,4,0,0,0,0,0,0,0,0,0,0,0,0,0,0,0,0,0,0,0,0,0,0,0,0,0,0,0,0,0,0,0,0,0,0,0,0,0,0,0,0,0,0,0,0,0,0,0,0,0,0,0,0,0,0
Pseudobryum cinclidioides,Pseudobryum cinclidioides (H?b.) T. Kop.,Pseudobryum cinclidioides,0,0,0,0,0,0,0,1,0,0,0,0,0,0,0,0,0,0,0,0,0,0,0,0,0,0,0,0,0,0,0,10,0,0,0,0,0,0,0,0,0,0,0,0,0,0,0,0,0,0,0,0,0,0,0,0,0,0,0,0,0,0
Drepanocladus species,Drepanocladus species,Drepanocladus species,0,0,0,0,0,0,0,50,0,0,0,0,0,0,0,0,0,0,0,0,0,0,0,0,0,0,0,0,0,0,0,0,0,0,0,0,0,0,0,0,0,0,0,0,0,0,0,0,0,0,0,0,0,0,0,0,0,0,0,0,0,0
Carex concolor,Carex concolor R. Br.,Carex concolor,0,0,0,0,0,0,0,0,5,0.5,0,0,0.5,0,0,0,0,2,0,0,0,0,0,0,0,0,0,0,0,0,0.5,0,0,0,0,4,0,1,0,1,0,0.5,0,0,0,0,0,0,0,0,2,0,0,0,0,0,0,0,0,0,0,0
Stellaria species,Stellaria species,Stellaria species,0,0,0,0,0,0,0,0,0.5,0,0,0,0,0,0,0,0,0,0,0,0,0,0,0,0,0,0,0,0,0,0,0,0.5,0,0,0,0,0,0,0,0,0,0,0,0,0,0,0,0,0,0,0,0,0,0,0,0,0,0,0,0,0
Polytrichastrum alpinum,Polytrichastrum alpinum (Hedw.) G. L. Sm.,Polytrichastrum alpinum,0,0,0,0,0,0,0,0,0.5,0,1,0,0,0,0,0,0,1,0,1,0,1,6,1,0,0,2,0,0,0,0,0,0,0,0,0,0,0,0,0,10,0,0,0,1,0,0,0,50,0,0,0,0,0,0,0,0,0,0,0,0,0
Sphagnum teres,Sphagnum teres (Schimp.) Aongstr.,Sphagnum teres,0,0,0,0,0,0,0,0,1,0,0,0,0,0,0,0,0,0,0,0,0,0,0,0,0,0,0,0,0,0,0,0,0,0,0,0,0,0,0,0,0,0,0,0,0,0,0,0,0,0,0,0,0,0,0,0,0,0,0,0,0,0
[Hepatica species],,[Hepatica species],0,0,0,0,0,0,0,0,0,1,0,0,0,0,0,0,1,0,0,40,0,80,0,0,0,0,0,0,0,0,0,0,0,0,0,0,0,0,0,0,0,1,0,0,0,0,0,0,0,0,0,0,0,0,0,0,0,0,0,0,0,0
Calamagrostis species,Calamagrostis species,Calamagrostis species,0,0,0,0,0,0,0,0,0,2,2,0,0,0,0,0,0,0,0,2,10,0,0.5,5,0,0,0,0,0,0,0,0,0,0,2,0,0,0,0,0,0,0,0,0,0,0,0,0,0,5,0,0,0,0,0,0,0,0,0,0,0,0
Silene acaulis,Silene acaulis (L.) Jacq.,Silene acaulis,0,0,0,0,0,0,0,0,0,0,10,1,0,0,0,0,0,0,0,5,0,1,10,0,0,0,0.5,0,0,0,0,0,0,0,0,0,0,0,0,0,0,0,0,0.5,1,0.5,3,0.5,0,0,0,0,0,0,0,1,1,2,0,0,0,0
Viola biflora,Viola biflora L.,Viola biflora,0,0,0,0,0,0,0,0,0,0,2,0,0,8,0,0,0,10,0,0.5,25,3,2,0,1,1,4,0,0,0,0,0,0,0,10,5,0,0,0,0,3,0,0,25,0,20,0,0,0,0.5,10,6,0,0.5,0,0.5,0,2,0.5,0,0,0
Tanacetum bipinnatum,Tanacetum bipinnatum (L.) Sch.Bip.,Tanacetum bipinnatum,0,0,0,0,0,0,0,0,0,0,0.5,2,0.5,3,0,0,0,2,0,2,1,0,1,0.5,0,0.5,5,2,0,0,0.5,0,1,0,2,12,0,0,1,0,4,0.5,0,10,4,5,0,2,2,0,6,0,0,0,0,0.5,1,0,0,0,0,0
Pachypleurum alpinum,Pachypleurum alpinum Ledeb.,Pachypleurum alpinum,0,0,0,0,0,0,0,0,0,0,1,5,1,3,0,0,0,1,0,0.5,0.5,4,0.5,0.5,1,0.5,1,2,0,0,0.5,0,0,0,0.5,3,0,0,3,0,3,0.5,0,0.5,4,1,2,0.5,0,0.5,3,3,1,0.5,0,0.5,2,0.5,0.5,0,0,0
Cetrariella delisei,Cetrariella delisei (Bory ex Schaer.) K?rnef.,Cetrariella delisei,0,0,0,0,0,0,0,0,0,0,1,0,1,0,0,0,0,1,0,1,1,1,0.5,0,0,0,0,0,0,0,0,0,0,0,0.5,0,0,0,0,0,0,0,0,1,4,0.5,0,0.5,0,0.5,0,2,0,2,0,0.5,0,0.5,0,0,0,0
Cladonia gracilis s. lat.,Cladonia gracilis s. lat. (L.) Willd.,Cladonia gracilis s. lat.,0,0,0,0,0,0,0,0,0,0,1,0,0,0,0,1,0,0,0,0,0,0,0,0,0,1,0,1,0.1,0,0,0,0,2,0,0,1,0,3,0,0,0,2,1,2,0,5,1,3,0,0,0,1,0,5,0,1,1,0,1,0,2
Dibaeis baeomyces,Dibaeis baeomyces (L.fil.)Rambold & Hertel,Dibaeis baeomyces,0,0,0,0,0,0,0,0,0,0,1,0,0,0,0,0,0,0,0,0,0,0,0,0,0,0,0,0,0,0,0,0,0,0,0,0,0,0,0,0,0,0,0,0,0,0,0,1,0,0,0,0,0,0,0,1,0,0,0,0,0,0
Solorina crocea,Solorina crocea (L.) Ach.,Solorina crocea,0,0,0,0,0,0,0,0,0,0,0.5,0,0,0,1,1,0,0,0,1,0,0,0,0,0,0,0,0,0,0,0,0,0,0,0,0,0,0,1,0,0,0,1,0,0,0,2,0.5,0,0,0,1,0,3,0,1,1,0,0,0,0,0
Stereocaulon paschale,Stereocaulon paschale (L.) Hoffm.,Stereocaulon paschale,0,0,0,0,0,0,0,0,0,0,1,3,0,0,0,0,0,0,0,0,0,0,0,1,0,1,0,0,0,0,0,0,0,0,0,0,2,0,0,0,0,0,0,0,2,0,2,1,0,0,0,0,3,0,0,0,0,0,0,0,0,0
[Abelia coreana],,[Abelia coreana],0,0,0,0,0,0,0,0,0,0,0,5,0,0,0,1,0,0,0,0,0,0,0,0,0,0,0,0,0,0,0,0,0,0,0,0,0,0,0,0,0,0,0,0,0,0,0,0,0,0,0,0,0,0,0,0,0,0,0,0,0,0
Luzula multiflora s. sibirica,Luzula multiflora s. sibirica V.I. Krecz.,Luzula multiflora s. sibirica,0,0,0,0,0,0,0,0,0,0,0,0.5,0,0.5,0,0,0,0.5,0,2,0.5,1,0.5,0,0,0,1,0,0,0,0,0,0,0,0.5,1,0,0,0,0,0,0,1,1,1,0.5,0,0.5,0,0,0,0,0,0,0,0.5,0,0,0,0,0,0
Carex lachenalii,Carex lachenalii Schkuhr,Carex lachenalii,0,0,0,0,0,0,0,0,0,0,0,4,2,1,0,0,0,5,0,1,0.5,7,0.5,0,0,0,0,0,0,0,0.5,0,0,0,0,2,0,0,2,0,2,1,0,1,10,0.5,1,1,1,0,3,3,0,2,0,0.5,2,0,0,0,0,0
Anthoxanthum nipponicum,Anthoxanthum nipponicum Honda,Anthoxanthum nipponicum,0,0,0,0,0,0,0,0,0,0,0,4,0,0,0,0,0,5,0,0,10,2,0,0,0,0,0,0,0,0,0,0,0,0,10,0,0,0,0,0,0,0,0,5,0,0.5,0,0,0,0,0,0,0,0,0,0,0,0,0,0,0,0
Ranunculus subborealis s. subborealis,Ranunculus subborealis s. subborealis Tzvelev,Ranunculus subborealis s. subborealis,0,0,0,0,0,0,0,0,0,0,0,2,0,3,0,0,0,1,0,5,0.5,7,10,0,0,0,6,0,0,0,0.5,4,0.5,0,0,0,0,0,0,0,3,15,0,5,7,10,1,1,0,0,4,0,3,0,0,0.5,1,0,0.5,0,0,0
Minuartia biflora,Minuartia biflora (L.) Schinz & Thell.,Minuartia biflora,0,0,0,0,0,0,0,0,0,0,0,1,0,0,0,0,0,0,0,0.5,0,0,0,0,0,0,0,0,0,0,0,0,0,0,0,0,0,0,0,0,1,0,0,0,0,0,0,0,0,0,0,0,0,0,0,0.5,0,0,0,0,0,0
Salix polaris,Salix polaris Wahlenb.,Salix polaris,0,0,0,0,0,0,0,0,0,0,0,10,0,12,0,0,0,0.5,0,15,5,0,0,10,4,0,0,11,0,3,0,0,2,0,10,7,0,0,3,0,4,5,0,5,2,0,0,20,0,15,10,12,20,3,0,2,9,5,0.5,0,0,0
Sibbaldia procumbens,Sibbaldia procumbens L.,Sibbaldia procumbens,0,0,0,0,0,0,0,0,0,0,0,2,5,0,0,0,0,1,0,2,0.5,5,5,0,0,0,3,4,0,0,0,0,0,0,2,2,0,0,0,0,4,0,0,0,0,2,0,1,1,0,0,2,0,2,0,0.5,2,0,0,0,0,0
Solidago virgaurea s. lapponica,Solidago virgaurea s. lapponica (With.) Tzvelev,Solidago virgaurea s. lapponica,0,0,0,0,0,0,0,0,0,0,0,0.5,0,0,0,0,0,0,0,0,0,0,0,0,0,0,0,0,0,0,0,0,0,0,0,0,0,0,0,0,0,0,0,0,0,0,0,0,0,0,0,0,0,0,0,0,0,0,0,0,0,0
Omalotheca supina,Omalotheca supina (L.) DC.,Omalotheca supina,0,0,0,0,0,0,0,0,0,0,0,1,0,0,0,0,0,0,0,2,0,1,0,0,0,0,0,1,0,0,0,0,0,0,0,0,0,0,0,0,0,0,0,0,0,0,0,0,0,0,0,0,0,2,0,0.5,0,0,0,0,0,0
Cladonia macroceras,Cladonia macroceras (Fl?rke) Ahti,Cladonia macroceras,0,0,0,0,0,0,0,0,0,0,0,4,0,3,0,0,0,0,0,0,0,1,0,0,1,0,0,1,0,2,0,1,0,2,0,0,0,0,1,0,0,0,1,0,0,0,3,1,0,1,0,1,0,0,0,0,1,0,0,0,0,1
Cladonia stricta s. lat.,Cladonia stricta s. lat. (Nyl.) Nyl.,Cladonia stricta s. lat.,0,0,0,0,0,0,0,0,0,0,0,1,0,0,0,0,0,0,0,0,0,0,0,0,0,0,0,0,0,0,0,0,0,0,0,0,0,0,0,0,0,0,1,0,0,0,0,0,0,0,0,0,0,0,0,0,0,0,0,0,0,0
Stereocaulon rivulorum,Stereocaulon rivulorum H. Magn.,Stereocaulon rivulorum,0,0,0,0,0,0,0,0,0,0,0,2,1,6,0,0,0,1,0,0,0,0,1,0,0,0,0,0,0,0,0,0,0,0,0,0,0,0,0,0,0,0,0,1,1,0,0,0,0,0,0,0,0,1,0,0,0,0,0,0,0,0
[Cerastium pusillum],,[Cerastium pusillum],0,0,0,0,0,0,0,0,0,0,0,0,0.5,0,0,0,0,0,0,0,0,0,0,0,0,0,0,0,0,0,0,0,0,0,0,0,0,0,0,0,0,0,0,0,0,0,0,0,0,0,1,1,0,0,0,0,0,0,0,0,0,0
Alopecurus pratensis s. alpestris,Alopecurus pratensis s. alpestris (Wahlenb.) Selander,Alopecurus pratensis s. alpestris,0,0,0,0,0,0,0,0,0,0,0,0,0.5,0,0,0,0,0,0,0.5,1,0.5,0.5,0,0,0,12,0,0,0,0,0,0,0,0,0,0,0,0,0,0,0,0,0,0,5,0,0,0,0,0,0,0,0,0,0,0,0,0,0,0,0
Oxyria digyna,Oxyria digyna (L.) Hill,Oxyria digyna,0,0,0,0,0,0,0,0,0,0,0,0,0.5,0,0,0,0,0,0,0.5,0,0.5,0.5,0,0,0,1,0,0,0,0,0,0,0,0,0,0,0,0,0,0,0,0,0,3,0,0,0.5,0,0,0,0,0,0,0,0,1,0,0,0,0,0
Viola palustris [s. palustris],Viola palustris [s. palustris] L.,Viola palustris [s. palustris],0,0,0,0,0,0,0,0,0,0,0,0,1,0,0,0,0,0.5,0,0,0,0,0,0,0,0,0,0,0,0,1,0,0,0,0,0,0,0,0,0,0,0,0,0,0,0,0,0,0,0,0,0,0,0,0,0,0,0,0,0,0,0
Angelica decurrens,Angelica decurrens (Ledeb.) B. Fedtsch.,Angelica decurrens,0,0,0,0,0,0,0,0,0,0,0,0,0.5,0,0,0,0,0,0,0,0,0,0,0,0,0,1,0,0,0,0,0,0,0,0,0,0,0,0,0,0,0,0,0,0,0,0,0,0,0,0,0,0,0,0,0,0,0,0,0,0,0
Pogonatum urnigerum,Pogonatum urnigerum (Hedw.) P. Beauv.,Pogonatum urnigerum,0,0,0,0,0,0,0,0,0,0,0,0,1,0,0,0,0,0,0,0,0,0,0,0,0,0,0,0,0,0,1,0,0,0,0,0,0,0,0,0,0,0,0,0,0,0,0,0,0,0,0,0,0,0,0,0,0,0,0,0,0,0
Pohlia drummondii,Pohlia drummondii (C. M?ll.) Andrews,Pohlia drummondii,0,0,0,0,0,0,0,0,0,0,0,0,1,0,0,0,0,0,0,0,0,0,0,0,0,0,0,0,0,0,0,0,0,0,0,0,0,0,0,0,0,0,0,0,0,0,0,0,0,0,0,0,0,0,0,0,0,0,0,0,0,0
Polytrichastrum alpinum,Polytrichastrum alpinum (Hedw.) G. L. Sm.,Polytrichastrum alpinum,0,0,0,0,0,0,0,0,0,0,0,0,1,0,0,0,0,0,0,0,0,0,0,0,0,0,0,0,0,0,0,0,0,0,0,0,0,0,0,0,0,0,0,0,0,0,0,0,0,0,0,0,0,0,0,0,0,0,0,0,0,0
Bacidia igniarii,Bacidia igniarii (Nyl.) Oxner,Bacidia igniarii,0,0,0,0,0,0,0,0,0,0,0,0,0.5,0,0,0,0,0,0,0,0,0,0,0,0,0,0,0,0,0,0,0,0,0,0,0,0,0,0,0,0,0,0,0,0,0,0,0,0,0,0,0,0,0,0,0,0,0,0,0,0,0
Cladonia trassii,Cladonia trassii Ahti,Cladonia trassii,0,0,0,0,0,0,0,0,0,0,0,0,1,0,0,0,0,0,0,0,0,0,0,0,0,0,0,0,0,0,0,0,0,0,0,0,0,0,0,0,0,0,0,0,0,1,0,0,0,0,1,0,0,0,0,0,0,0,0,0,0,0
Poa sibirica,Poa sibirica Roshev.,Poa sibirica,0,0,0,0,0,0,0,0,0,0,0,0,0,1,0,0,0,0,0,0,0,1,0,0,0,0,0,0,0,0,0,0,0,0,0,0,0,0,0,0,0,0,0,0,0,0,0,0,0,0,0,0,0,0,0,0,0,0,0,0,0,0
Hedysarum hedysaroides s. arcticum,Hedysarum hedysaroides s. arcticum (B. Fedtsch.) P.W. Ball,Hedysarum hedysaroides s. arcticum,0,0,0,0,0,0,0,0,0,0,0,0,0,1,0,0,0,0,0,0,0,0,0,0,3,0,0,0,0,0,0,0,0,0,0,0,0,0,0,0,0,0,0,0,0,0,0,0,0,0,0,0,0,0,0,0,0,0,0,0,0,0
Tetralophozia setiformis,Tetralophozia setiformis (Steph.) Urmi,Tetralophozia setiformis,0,0,0,0,0,0,0,0,0,0,0,0,0,0,1,0,0,0,0,0,0,0,0,0,0,0,0,0,0,0,0,0,0,0,0,0,0,0,0,0,0,0,0,0,0,0,0,0,0,0,0,0,0,0,0,0,0,0,0,0,0,0
Pertusaria dactylina,Pertusaria dactylina (Ach.) Nyl.,Pertusaria dactylina,0,0,0,0,0,0,0,0,0,0,0,0,0,0,1,0,0,0,0,0,0,0,0,0,0,0,0,0,0,0,0,0,0,0,0,0,0,0,0,0,0,0,0,0,0,0,0,0,0,0,0,0,0,0,0,0,0,0,0,0,0,0
Pogonatum dentatum,Pogonatum dentatum (Menzies ex Brid.) Brid.,Pogonatum dentatum,0,0,0,0,0,0,0,0,0,0,0,0,0,0,0,1,0,0,0,1,0,0,0,0,0,0,0,0,0,0,0,0,0,0,0,0,0,0,0,0,2,0,0,0,1,0,0,0,0,0,0,0,0.5,0,0,0,0,0,0,0,0,0
[Drepanium species],,[Drepanium species],0,0,0,0,0,0,0,0,0,0,0,0,0,0,0,0,10,0,0,0,0,0,0,0,0,0,0,0,0,0,0,0,0,0,0,0,0,0,0,0,0,0,0,0,0,0,0,0,0,0,0,0,0,0,0,0,0,0,0,0,0,0
Polytrichum hyperboreum,Polytrichum hyperboreum R. Br.,Polytrichum hyperboreum,0,0,0,0,0,0,0,0,0,0,0,0,0,0,0,0,0.5,0,0,0,0,0,0,0,0,0,0,0,2,0,0,0,0,0,0,0,0,0,0,0,0,0,0,0,0,0,0,0,0,0,0,0,0,0,3,0,6,0,0,0,0,3
Trisetum spicatum,Trisetum spicatum (L.) K. Richt.,Trisetum spicatum,0,0,0,0,0,0,0,0,0,0,0,0,0,0,0,0,0,0.5,0,0.5,0,0,0.5,0,0,0,0,0,0,0,0,0,0,0,0,0,0,0,0,0,1,0,0,0,0,0,0,0,0,0,0,0,0,0,0,0,0,0,0,0,0,0
Festuca rubra s. richardsonii,Festuca rubra s. richardsonii (Hook.) Hult?n,Festuca rubra s. richardsonii,0,0,0,0,0,0,0,0,0,0,0,0,0,0,0,0,0,0.5,0,0,0.5,0,0,0,0,0,0,0,0,0,0,0,0,0,0,0,0,0,0,0,0,0,0,0.5,0,2,0,0,0,0,0,0,0,0,0,0,0,0,0,0,0,0
Alopecurus pratensis,Alopecurus pratensis L.,Alopecurus pratensis,0,0,0,0,0,0,0,0,0,0,0,0,0,0,0,0,0,1,0,0,0,0,0,0,0,0,0,0,0,0,0,0,0,0,0,0,0,0,0,0,0,0,0,0,0,0,0,0,0,0,0,0,0,0,0,0,0,0,0,0,0,0
Rumex lapponicus,Rumex lapponicus (Hiitonen) Czernov,Rumex lapponicus,0,0,0,0,0,0,0,0,0,0,0,0,0,0,0,0,0,0.5,0,0,0,0,0,0,0,0,0.5,0,0,0,0,0,0,0,0,1,0,0,0,0,0,0,0,0,0,0,0,0,0,0,1,0,0,0,0,0,0,0,0,0,0,0
Stellaria longipes taxon peduncularis,Stellaria longipes taxon peduncularis,Stellaria longipes taxon peduncularis,0,0,0,0,0,0,0,0,0,0,0,0,0,0,0,0,0,0.5,0,0,0,0,0,0,0,0,0.5,0,0,0,0.5,1,0,0,0,2,0,0,0,0,0,0,0,0,0,0,0,0,0,0,0,0,1,0,0,0,0,0,0,0,0,0
Cerastium regelii,Cerastium regelii Ostenf.,Cerastium regelii,0,0,0,0,0,0,0,0,0,0,0,0,0,0,0,0,0,0.5,0,0,0,3,0,0,0,0,0,0,0,0,0,0,0,0,0,0,0,0,0,0,0,0,0,0,0,0.5,0,0,0,0,0,0.5,0,0,0,0,0,0,0,0,0,0
Parnassia palustris,Parnassia palustris L.,Parnassia palustris,0,0,0,0,0,0,0,0,0,0,0,0,0,0,0,0,0,0.5,0,0,0,0.5,0,0,0,0,0,0,0,0,0,0,0,0,0,0,0,0,0,0,0,0,0,0,0,0,0,0.5,0,0,0,0,0,0,0,0,0,0,0,0,0,0
Rubus arcticus,Rubus arcticus L.,Rubus arcticus,0,0,0,0,0,0,0,0,0,0,0,0,0,0,0,0,0,5,0,0,1,0,0,0.5,0,2,0,0,0,0,5,2,25,0,0.5,1,0,0,5,0,0,0,0,0,0,0,0,0,1,0,0,0,0,0,0,0,0,0,0,0,0,0
Pyrola minor,Pyrola minor L.,Pyrola minor,0,0,0,0,0,0,0,0,0,0,0,0,0,0,0,0,0,0.5,0,0,0,0,0,0,0,0,0,0,0,0,0,1,0,0,1,0,0,0,0,0,0,0,0,1,0,0,0,0,0,0,0,0,0,0,0,0,0,0,0,0,0,0
Solidago virgaurea,Solidago virgaurea L.,Solidago virgaurea,0,0,0,0,0,0,0,0,0,0,0,0,0,0,0,0,0,0.5,0,0,0.5,0,0,0,0,0,1,0,0,0,0,0,0,0,1,0.5,0,0,1,0,1,0,0,0.5,0,0,0,0,3,0,0,0,0,0,0,0,0,0,0,0,0,0
Hieracium alpinum aggregate,Hieracium alpinum aggregate,Hieracium alpinum aggregate,0,0,0,0,0,0,0,0,0,0,0,0,0,0,0,0,0,0.5,0,0.5,0,0,0,0,0,0,0,0,0,0,0,0,0,0,2,0,0,0,0,0,0,0,0,2,0,0,0.5,0,2,0,0,0,0,0,0,0,0,0,0,0,0,0
Taraxacum species,Taraxacum species,Taraxacum species,0,0,0,0,0,0,0,0,0,0,0,0,0,0,0,0,0,0.5,0,0,0,0,0.5,0.5,0.5,0,1,0,0,0,0,0,0,0,0,0,0,0,0,0,0,0,0,0,0,0.5,0,0,0,0,0,0,0,0,0,0,0,0,0,0,0,0
Andreaea rupestris,Andreaea rupestris Hedw.,Andreaea rupestris,0,0,0,0,0,0,0,0,0,0,0,0,0,0,0,0,0,1,0,0,0,0,0,0,0,0,0,0,0,0,0,0,0,0,0,0,0,0,0,0,0,0,0,0,0,0,0,0,0,0,0,0,0,0,0,0,0,0,0,0,0,0
Climacium dendroides,Climacium dendroides (Hedw.) Web. & D. Mohr,Climacium dendroides,0,0,0,0,0,0,0,0,0,0,0,0,0,0,0,0,0,1,0,0,0,0,3,0,0,0,3,0,0,0,0,0,0,0,0,0,0,0,0,0,0,0,0,0,0,0,0,0,0,0,0,0,0,0,0,0,0,0,0,0,0,0
Hylocomiastrum pyrenaicum,Hylocomiastrum pyrenaicum (Spruce) Fleisch.,Hylocomiastrum pyrenaicum,0,0,0,0,0,0,0,0,0,0,0,0,0,0,0,0,0,1,0,0,0,0,0,0,0,0,10,0,0,0,0,0,0,0,0,0,0,0,0,0,0.5,1,0,20,0,5,0,0,0,20,10,7,0,0,0,0,0,0,0,0,0,0
Racomitrium canescens,Racomitrium canescens (Hedw.) Brid.,Racomitrium canescens,0,0,0,0,0,0,0,0,0,0,0,0,0,0,0,0,0,10,0,0,0,0,10,0,0,0,2,0,0,0,0,0,0,0,0,0,0,0,0,0,0,0,0,0,0,0,0,0,0,0,0,0,0,0,0,0,0,0,0,0,0,0
Dryas octopetala,Dryas octopetala L.,Dryas octopetala,0,0,0,0,0,0,0,0,0,0,0,0,0,0,0,0,0,0,3,0,0,0,0,0,0,0,0,0,0,0,0,0,0,0,0,0,0,0,0,0,0,0,0,0,0,0,0,0,0,0,0,0,12,0,0,0,0,0,0,0,0,0
Calliergon giganteum,Calliergon giganteum (Schimp.) Kindb.,Calliergon giganteum,0,0,0,0,0,0,0,0,0,0,0,0,0,0,0,0,0,0,1,0,1,0,0,0,0,0,0,0,0,0,0,0,0,0,0,0,0,0,0,0,0,0,0,0,0,0,0,0,0,0,0,0,0,0,0,0,0,0,0,0,0,0
Ptilium crista-castrensis,Ptilium crista-castrensis (Hedw.) De Not.,Ptilium crista-castrensis,0,0,0,0,0,0,0,0,0,0,0,0,0,0,0,0,0,0,2,0,0,0,0,0,0,0,0,0,0,0,0,0,0,0,0,0,0,0,0,0,0,0,0,0,0,0,0,0,0,0,0,0,0,0,0,0,0,0,0,0,1,0
Sphagnum angustifolium,Sphagnum angustifolium (Warnst.) C. Jens.,Sphagnum angustifolium,0,0,0,0,0,0,0,0,0,0,0,0,0,0,0,0,0,0,4,0,0,0,0,0,0,0,0,0,0,10,0,0,0,0,0,0,0,0,0,0,0,0,0,0,0,0,0,0,0,0,0,0,0,0,0,0,0,0,0,0,0,0
Sphagnum rubellum,Sphagnum rubellum Wils.,Sphagnum rubellum,0,0,0,0,0,0,0,0,0,0,0,0,0,0,0,0,0,0,4,0,0,0,0,0,0,0,0,0,0,5,0,0,0,0,0,0,0,0,0,0,0,0,0,0,0,0,0,0,0,0,0,0,0,0,0,0,0,0,0,0,0,0
Tomentypnum nitens,Tomentypnum nitens (Hedw.) Loeske,Tomentypnum nitens,0,0,0,0,0,0,0,0,0,0,0,0,0,0,0,0,0,0,35,0,0,0,0,0,0,0,0,0,0,0,0,6,0,0,0,0,0,0,0,0,0,0,0,0,0,0,0,0,0,0,0,0,0,0,0,0,0,0.5,0,0,0,0
Lycopodium clavatum,Lycopodium clavatum L.,Lycopodium clavatum,0,0,0,0,0,0,0,0,0,0,0,0,0,0,0,0,0,0,0,0.5,0,0,0,0,0,0,0,0,0,0,0,0,0,0,0,0,0,0,0,0,0,0,0,0,0,0,0,0.5,0,0,0,0,0,0,0,0,0,0,0,0,0,0
Huperzia arctica,Huperzia arctica (Grossh. ex Tolm.) Sipliv.,Huperzia arctica,0,0,0,0,0,0,0,0,0,0,0,0,0,0,0,0,0,0,0,0.5,0,0,0,0,0,0,0,0,0,0,0,0,0,0,0,0,0,0,0.5,0,0,0,0,0,0,0,0,0.5,0,0,0,1,0,0,0.5,0.5,0,0.5,0,0,0,0
Equisetum scirpoides,Equisetum scirpoides Michx.,Equisetum scirpoides,0,0,0,0,0,0,0,0,0,0,0,0,0,0,0,0,0,0,0,0.5,0,0,0,0,2,0,0,0,0,0,0,0,0,0,0,0,0,0,0,0,0,0,0,0,0,0,0,0,0,0,0,0,0,0,0,0,0,0,0,0,0,0
Lloydia serotina,Lloydia serotina (L.) Rchb.,Lloydia serotina,0,0,0,0,0,0,0,0,0,0,0,0,0,0,0,0,0,0,0,0.5,0,0,0.5,0.5,1,0.5,0,0,0,0,0,0,0,0,0,0,0,0,0,0,0,0,0,0.5,0,0,0.5,0,0,0.5,0,0,0.5,0,0,0,0,0,0,0.5,0,0
Ranunculus pygmaeus,Ranunculus pygmaeus Wahlenb.,Ranunculus pygmaeus,0,0,0,0,0,0,0,0,0,0,0,0,0,0,0,0,0,0,0,0.5,0,0,0,0,0,0,0,0,0,0,0,0,0,0,0,0,0,0,0,0,0,0,0,0,0,0,0,0,0,0,0,0,0,0,0,0,0,0,0,0,0,0
Oxytropis sordida,Oxytropis sordida (Willd.) Pers.,Oxytropis sordida,0,0,0,0,0,0,0,0,0,0,0,0,0,0,0,0,0,0,0,0.5,0,0,0,0,4,0,0,0,0,0,0,0,0,0,0,0,0,0,0,0,0,0,0,0,0,0,0,0,0,0,0,0,0,0,0,0,0,0,0,0,0,0
Cardamine bellidifolia [s. bellidifolia],Cardamine bellidifolia [s. bellidifolia] L.,Cardamine bellidifolia [s. bellidifolia],0,0,0,0,0,0,0,0,0,0,0,0,0,0,0,0,0,0,0,0.5,0,0,0,0,0,0,0,0,0,0,0,0,0,0,0,0,0,0,0,0,0,0,0,0,0,0,0,0,0,0,0,0,0,0,0,0,0,0,0,0,0,0
Draba sibirica,Draba sibirica (Pall.) Thell.,Draba sibirica,0,0,0,0,0,0,0,0,0,0,0,0,0,0,0,0,0,0,0,0.5,0,1,0.5,0,0,0,1,0,0,0,0,0,0,0,0,0,0,0,0,0,0,0,0,0,0,0,0,0,0,0,0,0,0,0,0,0,0,0,0,0,0,0
Harrimanella hypnoides,Harrimanella hypnoides (L.) Coville,Harrimanella hypnoides,0,0,0,0,0,0,0,0,0,0,0,0,0,0,0,0,0,0,0,5,0.5,0,0,0,0,0,0,2,0,0,0,0,0,0,2,0,0,0,0,0,2,0,1,0,0,0,1,10,0,0,0,4,0,1,0,1,4,0,0,0,0,0
Eritrichium villosum,Eritrichium villosum (Ledeb.) Bunge,Eritrichium villosum,0,0,0,0,0,0,0,0,0,0,0,0,0,0,0,0,0,0,0,0.5,0,0,0.5,0,0,0,0,0,0,0,0,0,0,0,0,0,0,0,0,0,0,0,0,0.5,0,0,0,0,0,0,0,0,0,0,0,0,0,0,0,0,0,0
Myosotis scorpioides,Myosotis scorpioides L.,Myosotis scorpioides,0,0,0,0,0,0,0,0,0,0,0,0,0,0,0,0,0,0,0,0.5,0,0,0,0,0,0,0,0,0,0,0,0,0,0,0,0,0,0,0,0,0,0,0,0,0,0,0,0,0,0,0,0,0,0,0,0,0,0,0,0,0,0
Saussurea alpina,Saussurea alpina (L.) DC.,Saussurea alpina,0,0,0,0,0,0,0,0,0,0,0,0,0,0,0,0,0,0,0,0.5,0.5,0.5,0,0.5,1,0.5,0,0,1,0.5,0.5,0,0.5,0,1,1,0,0,0.5,0,0,0,0,1,0,0,0,0,0,0.5,1,0,1,0,0,0,0,0.5,0.5,0,0,0
Taraxacum ceratophorum aggregate,Taraxacum ceratophorum aggregate,Taraxacum ceratophorum aggregate,0,0,0,0,0,0,0,0,0,0,0,0,0,0,0,0,0,0,0,1,0,0.5,0,0,0,0,0,0,0,0,0,0,0,0,0,0,0,0,0,0,0,0,0,0,0,0,0,0,0,0,0,0,0,0,0,0,0,0,0,0,0,0
Salix species,Salix species,Salix species,0,0,0,0,0,0,0,0,0,0,0,0,0,0,0,0,0,0,0,0.5,0,0,0,0,0,0,0,0,0,0,0,0,0,0,0,0,0,0,0,0,0,0,0,0,0,0,0,0,0,0,0,0,0,0,0,0,0,0,0,0,0,0
Distichium capillaceum,Distichium capillaceum (Hedw.) Bruch & Schimp.,Distichium capillaceum,0,0,0,0,0,0,0,0,0,0,0,0,0,0,0,0,0,0,0,1,0,0,0,0,0,0,0,0,0,0,0,0,0,0,0,0,0,0,0,0,0,0,0,0,0,0,0,0,0,0,0,0,0,0,0,0,0,0,0,0,0,0
Pohlia species,Pohlia species,Pohlia species,0,0,0,0,0,0,0,0,0,0,0,0,0,0,0,0,0,0,0,1,0,0,0,0,0,0,0,0,0,0,0,0,0,0,0,0,0,0,0,0,0,0,0,0,0,0,0,0,0,0,0,0,0,0,0,0,0,0,0,0,0,0
Cladonia pyxidata,Cladonia pyxidata (L.) Hoffm.,Cladonia pyxidata,0,0,0,0,0,0,0,0,0,0,0,0,0,0,0,0,0,0,0,1,0,0,1,0,0,0,0,0,0,0,0,0,0,0,0,0,0,0,0,0,0,0,0,0,0,0,0,1,0,0,0,0,0,0,0,1,0,1,0,0,0,0
Psoroma hypnorum,Psoroma hypnorum (Vahl) S.F.Gray,Psoroma hypnorum,0,0,0,0,0,0,0,0,0,0,0,0,0,0,0,0,0,0,0,1,0,0,0,0,0,0,0,0,0,0,0,0,0,0,0,0,0,0,0,0,0,0,0,0,0,0,0,1,0,0,0,0,0,0,0,0,0,0,0,0,0,0
Trollius x apertus,Trollius x apertus Perfil. ex Igoschina,Trollius x apertus,0,0,0,0,0,0,0,0,0,0,0,0,0,0,0,0,0,0,0,0,0.5,0,0,0,0,0,0,0,0,0,0,0,0,0,0,0,0,0,0,0,0,0,0,0,0,0,0,0,0,0,0,0,0,0,0,0,0,0,0,0,0,0
Cerastium arvense,Cerastium arvense L.,Cerastium arvense,0,0,0,0,0,0,0,0,0,0,0,0,0,0,0,0,0,0,0,0,0.5,0,0,0,0,0,0,0,0,0,0,1,0,0,0,0,0,0,0,0,0,0,0,0,0,0,0,0,0,0,0,0.5,0,0,0,0,0,0,0,0,0,0
Geranium krylovii,Geranium krylovii Tzvelev,Geranium krylovii,0,0,0,0,0,0,0,0,0,0,0,0,0,0,0,0,0,0,0,0,2,1,0,0,0,0,2,3,0,0,0,0,0,0,10,0,0,0,0,0,0,0,0,0,0,0,0,0,0,0,1,0,0,0,0,0,0,0,0,0,0,0
Potentilla gelida,Potentilla gelida C.A. Mey.,Potentilla gelida,0,0,0,0,0,0,0,0,0,0,0,0,0,0,0,0,0,0,0,0,5,0,0.5,0.5,0,0,0,0,0,0,0.5,1,0,0,0,0,0,0,0,0,0,0,0,0,0,0,0,0,0,0,0,0,0,0,0,0,0,0.5,0,0,0,0
Artemisia tilesii,Artemisia tilesii Ledeb.,Artemisia tilesii,0,0,0,0,0,0,0,0,0,0,0,0,0,0,0,0,0,0,0,0,0.5,0,0,0,0,0,0,0,0,0,0,0,0,0,0,0,0,0,0,0,0,0,0,0,0,0,0,0.5,0,0,0,0,0,0,0,0,0,0,0,0,0,0
Cinclidium stygium,Cinclidium stygium Swartz,Cinclidium stygium,0,0,0,0,0,0,0,0,0,0,0,0,0,0,0,0,0,0,0,0,3,0,0,0,0,0,0,0,0,0,0,0,0,0,0,0,0,0,0,0,0,0,0,0,0,0,0,0,0,0,0,0,0,0,0,0,0,0,0,0,0,0
Limprichtia revolvens,Limprichtia revolvens (Swartz) Loeske,Limprichtia revolvens,0,0,0,0,0,0,0,0,0,0,0,0,0,0,0,0,0,0,0,0,60,0,0,0,0,0,0,0,0,0,0,0,0,0,0,0,0,0,0,0,0,0,0,0,0,0,0,0,0,0,0,0,0,0,0,0,0,0,0,0,0,0
Meesia triquetra,Meesia triquetra (H. Richter) Aongstr.,Meesia triquetra,0,0,0,0,0,0,0,0,0,0,0,0,0,0,0,0,0,0,0,0,3,0,0,0,0,0,0,0,0,0,0,0,0,0,0,0,0,0,0,0,0,0,0,0,0,0,0,0,0,0,0,0,0,0,0,0,0,0,0,0,0,0
Warnstorfia exannulata,Warnstorfia exannulata (Schimp.) Loeske,Warnstorfia exannulata,0,0,0,0,0,0,0,0,0,0,0,0,0,0,0,0,0,0,0,0,1,0,0,0,0,0,0,0,0,0,0,0,0,0,0,0,0,0,0,0,0,0,0,0,0,0,0,0,0,0,0,0,0,0,0,0,0,0,0,0,0,0
Trisetum molle,Trisetum molle (Michx.) Kunth,Trisetum molle,0,0,0,0,0,0,0,0,0,0,0,0,0,0,0,0,0,0,0,0,0,1,0,0,0,0,0,0,0,0,0,0,0,0,0,0,0,0,0,0,0,0,0,0,0,0,0,0,0,0,0,1,0,2,0,0,0.5,0,0,0,0,0
Festuca rubra,Festuca rubra L.,Festuca rubra,0,0,0,0,0,0,0,0,0,0,0,0,0,0,0,0,0,0,0,0,0,2,0.5,0,0,0,0,0,0,0,0,0,0,0,0,0,0,0,0,0,0,0,0,0,0,0,0,0,0,0,0,0,0,0,0,0,0,0,0,0,0,0
Sagina saginoides,Sagina saginoides (L.) H. Karst.,Sagina saginoides,0,0,0,0,0,0,0,0,0,0,0,0,0,0,0,0,0,0,0,0,0,0.5,0,0,0,0,0,0,0,0,0,0,0,0,0,0,0,0,0,0,0,0,0,0,0,0,0,0,0,0,0,0,0,0,0,0,0,0,0,0,0,0
Veronica alpina,Veronica alpina L.,Veronica alpina,0,0,0,0,0,0,0,0,0,0,0,0,0,0,0,0,0,0,0,0,0,1,0,0,0,0,0,0,0,0,0,0,0,0,0,0,0,0,0,0,0,0,0,0,0,0,0,0.5,0,0,0,0,0,0,0,0,0,0,0,0,0,0
Lophozia species,Lophozia species,Lophozia species,0,0,0,0,0,0,0,0,0,0,0,0,0,0,0,0,0,0,0,0,0,17,0,0,0,0,0,0,0,0,0,0,0,10,0,0,0,0,0,0,0,0,0,0,0,0,0,0,0,0,0,4,0,20,0,0,0,0,0,0,0,0
Stereocaulon species,Stereocaulon species,Stereocaulon species,0,0,0,0,0,0,0,0,0,0,0,0,0,0,0,0,0,0,0,0,0,1,0,0,0,0,0,0,0,0,0,0,0,0,0,2,0,0,0,0,2,0,0,0,0,0,0,0,5,0,0,0,0,0,0,0,0,0,0,0,0,0
Minuartia arctica,Minuartia arctica (Steven ex Ser.) Graebn.,Minuartia arctica,0,0,0,0,0,0,0,0,0,0,0,0,0,0,0,0,0,0,0,0,0,0,0.5,0,0,0,0,0,0,0,0,0,0,0,0,0,0,0,0,0,0,0,0,0,0,0,0,0,0,0,0,0,0,0,0,0,0,0,0,0,0,0
Carex vaginata,Carex vaginata Tausch,Carex vaginata,0,0,0,0,0,0,0,0,0,0,0,0,0,0,0,0,0,0,0,0,0,0,0,5,0,0,0,0,0,0,0,0,0,0,1,2,0,0,0,0,0,0,0,0.5,0,0,0,0,0,0,0,0,0,0,0,0,0,2,1,0,0,0
Pyrola grandiflora,Pyrola grandiflora Radius,Pyrola grandiflora,0,0,0,0,0,0,0,0,0,0,0,0,0,0,0,0,0,0,0,0,0,0,0,1,0,5,0,0,0,0,0,0,0,0,0,0,0,0,0,0,0,0,0,0,0,0,0,0,0,5,0,0,0,0,0,0,0,1,0,0,0,0
Cladonia grayi,Cladonia grayi G. Merr. ex Sandst.,Cladonia grayi,0,0,0,0,0,0,0,0,0,0,0,0,0,0,0,0,0,0,0,0,0,0,0,1,0,0,0,0,0,0,0,0,0,1,0,0,0,0,0,0,0,0,0,0,0,0,0,0,0,0,0,0,0,0,0,0,0,0,0,0,0,0
Androsace chamaejasme s. andersonii,Androsace chamaejasme s. andersonii (Hult?n) Hult?n,Androsace chamaejasme s. andersonii,0,0,0,0,0,0,0,0,0,0,0,0,0,0,0,0,0,0,0,0,0,0,0,0,1,0,0,0,0,0,0,0,0,0,0,0,0,0,0,0,0,0,0,0,0,0,0,0,0,0,0,0,0,0,0,0,0,0.5,0,0,0,0
Pyrola grandiflora,Pyrola grandiflora Radius,Pyrola grandiflora,0,0,0,0,0,0,0,0,0,0,0,0,0,0,0,0,0,0,0,0,0,0,0,0,1,0,0,0,0,0,0,0,0,0,0,0,0,0,0,0,0,0,0,0,0,0,0,0,0,0,0,0,4,0,0,0,0,0,0,0,0,0
Cetrelia species,Cetrelia species,Cetrelia species,0,0,0,0,0,0,0,0,0,0,0,0,0,0,0,0,0,0,0,0,0,0,0,0,2,0,0,0,0,0,0,0,0,0,0,0,0,0,0,0,0,0,0,0,0,0,0,0,0,0,0,0,0,0,0,0,0,0,0,0,0,0
Calamagrostis canadensis s. langsdorffii,Calamagrostis canadensis s. langsdorffii (Link) Hult?n,Calamagrostis canadensis s. langsdorffii,0,0,0,0,0,0,0,0,0,0,0,0,0,0,0,0,0,0,0,0,0,0,0,0,0,1,0,0,0,0,20,1,0,3,0,2,0,0,0,0,0,0,0,0,0,0,0,0,0,0,0,0,0,0,0,0,0,0,10,0,0,0
Linnaea borealis,Linnaea borealis L.,Linnaea borealis,0,0,0,0,0,0,0,0,0,0,0,0,0,0,0,0,0,0,0,0,0,0,0,0,0,2,0,0,0,0,0,0,0,0,0,0,0,0,3,0,0,0,0,0,0,0,0,0,0,0,0,0,2,0,0,0,0,0,0,0,0,0
Luzula nivalis,Luzula nivalis (Laest.) Spreng.,Luzula nivalis,0,0,0,0,0,0,0,0,0,0,0,0,0,0,0,0,0,0,0,0,0,0,0,0,0,0,0.5,0,0,0,0,0,0,0,0,0,0,0,0,0,0,0,0,0,0,0,0,0,0,0,0,0,0,0,0,0,0,0,0,0,0,0
Carex nigra v. juncea,Carex nigra v. juncea (Fr.) Hyl.,Carex nigra v. juncea,0,0,0,0,0,0,0,0,0,0,0,0,0,0,0,0,0,0,0,0,0,0,0,0,0,0,2,0,0,0,0,0,0,0,0,0,0,0,0,0,0,0,0,0,0,0,0,0,0,0,0,0,0,0,0,0,0,0,0,0,0,0
Hierochlo? odorata s. arctica,Hierochlo? odorata s. arctica (J. Presl) Tzvelev,Hierochlo? odorata s. arctica,0,0,0,0,0,0,0,0,0,0,0,0,0,0,0,0,0,0,0,0,0,0,0,0,0,0,1,0,0,0,0,0,0,0,0,0,0,0,0,0,0,0,0,0,0,0,0,0,0,0,0,0,0,0,0,0,0,0,0,0,0,0
Deschampsia sukatschewii s. borealis,Deschampsia sukatschewii s. borealis (Trautv.) Tzvelev,Deschampsia sukatschewii s. borealis,0,0,0,0,0,0,0,0,0,0,0,0,0,0,0,0,0,0,0,0,0,0,0,0,0,0,1,0,0,0,0,0,0,0,0,0,0,0,0,0,0,0,0,0,0.5,2,0,0,0,0,7,0,0,0,0,0,0,0,0,0,0,0
Avenella flexuosa,Avenella flexuosa (L.) Drejer,Avenella flexuosa,0,0,0,0,0,0,0,0,0,0,0,0,0,0,0,0,0,0,0,0,0,0,0,0,0,0,3,0,0,0,0,0,0,0,0.5,0,0,0,0,0,0,0,0,0,0,0.5,0,0,0,0,0,0,0,0,0,0,0,0,0,0,0,0
Poa supina,Poa supina Schrad.,Poa supina,0,0,0,0,0,0,0,0,0,0,0,0,0,0,0,0,0,0,0,0,0,0,0,0,0,0,0.5,0,0,0,0,0,0,0,0,0,0,0,0,0,0,0,0,0,0,0,0,0,0,0,0,0,0,0,0,0,0,0,0,0,0,0
Cerastium regelii taxon jenisejense,Cerastium regelii taxon jenisejense (Hult?n),Cerastium regelii taxon jenisejense,0,0,0,0,0,0,0,0,0,0,0,0,0,0,0,0,0,0,0,0,0,0,0,0,0,0,3,0,0,0,0,0,0,0,0,0,0,0,0,0,0,0,0,0,0,0,0,0,0,0,0,0,0,0,0,0,0,0,0,0,0,0
Potentilla crantzii,Potentilla crantzii (Crantz) Beck ex Fritsch,Potentilla crantzii,0,0,0,0,0,0,0,0,0,0,0,0,0,0,0,0,0,0,0,0,0,0,0,0,0,0,1,0,0,0,0,0,0,0,0,0,0,0,0,0,0,0,0,0,0,0,0,0,0,0,0,0,0,0,0,0,0,0,0,0,0,0
Alchemilla murbeckiana,Alchemilla murbeckiana Buser,Alchemilla murbeckiana,0,0,0,0,0,0,0,0,0,0,0,0,0,0,0,0,0,0,0,0,0,0,0,0,0,0,5,0,0,0,0,0,0,0,0,0,0,0,0,0,0,0,0,0,0,0,0,0,0,0,0,0,0,0,0,0,0,0,0,0,0,0
Achillea millefolium,Achillea millefolium L.,Achillea millefolium,0,0,0,0,0,0,0,0,0,0,0,0,0,0,0,0,0,0,0,0,0,0,0,0,0,0,1,0,0,0,0,0,0,0,0,0,0,0,0,0,0,0,0,0,0,0,0,0,0,0,0,0,0,0,0,0,0,0,0,0,0,0
Dicranoweisia crispula,Dicranoweisia crispula (Hedw.) Milde,Dicranoweisia crispula,0,0,0,0,0,0,0,0,0,0,0,0,0,0,0,0,0,0,0,0,0,0,0,0,0,0,1,0,0,0,0,0,0,0,0,0,0,0,0,0,2,0,0,0,0,0,0,0,0,0,0,0,0,0,0,0,0,0,0,0,0,0
Brachythecium species,Brachythecium species,Brachythecium species,0,0,0,0,0,0,0,0,0,0,0,0,0,0,0,0,0,0,0,0,0,0,0,0,0,0,1,0,0,0,0,0,0,0,0,0,0,0,0,0,0,0,0,0,0,0,0,0,0,0,0,0,0,0,0,0,0,0,0,0,0,0
Diphasiastrum alpinum,Diphasiastrum alpinum (L.) Holub,Diphasiastrum alpinum,0,0,0,0,0,0,0,0,0,0,0,0,0,0,0,0,0,0,0,0,0,0,0,0,0,0,0,10,0,0,0,0,0,0,5,0,0,0,0,0,0,0,1,0.5,0,0,0,5,2,0,0,0,0,0,0,0.5,0,0,0,0,0,0
Luzula multiflora s. frigida,Luzula multiflora s. frigida (Buchenau) V.I. Krecz.,Luzula multiflora s. frigida,0,0,0,0,0,0,0,0,0,0,0,0,0,0,0,0,0,0,0,0,0,0,0,0,0,0,0,2,0,0,0,0,0,0,0,0,0,0,0,0,0,0,0,0,0,0,0,0,0,0,1,0,0,1,0,0,0,0,0,0,0,0
Crepis chrysantha,Crepis chrysantha (Ledeb.) Turcz.,Crepis chrysantha,0,0,0,0,0,0,0,0,0,0,0,0,0,0,0,0,0,0,0,0,0,0,0,0,0,0,0,0.5,0,0,0,0,0,0,0,0.5,0,0,0,0,0,0,0,0,0,0,0,0,0,0,0,0,0,0,0,0,0,0,0,0,0,0
Ceratodon purpureus,Ceratodon purpureus (Hedw.) Brid.,Ceratodon purpureus,0,0,0,0,0,0,0,0,0,0,0,0,0,0,0,0,0,0,0,0,0,0,0,0,0,0,0,1,0,0,0,0,0,0,0,0,0,0,0,0,0,0,0,0,0,0,0,0,0,0,0,0,0,0,0,0,0,0,0,0,0,0
Tephroseris integrifolia,Tephroseris integrifolia (L.) Holub,Tephroseris integrifolia,0,0,0,0,0,0,0,0,0,0,0,0,0,0,0,0,0,0,0,0,0,0,0,0,0,0,0,0,1,0,0,0,0,0,0,0,0,0,0,0,0,0,0,0.5,0,0,0,0,0,0,0,0,0,0,0,0,0,0,0,0,0,0
Pedicularis lapponica,Pedicularis lapponica L.,Pedicularis lapponica,0,0,0,0,0,0,0,0,0,0,0,0,0,0,0,0,0,0,0,0,0,0,0,0,0,0,0,0,0,1,0,0,0,0,0,0,0,0,0,0,0,0,0,0,0,0,0,0,0,0,0,0,0,0,0,0,0,0,0,0,0,0
Sphagnum fuscum,Sphagnum fuscum (Schimp.) Klinggr.,Sphagnum fuscum,0,0,0,0,0,0,0,0,0,0,0,0,0,0,0,0,0,0,0,0,0,0,0,0,0,0,0,0,0,5,0,0,0,0,0,0,0,0,0,0,0,0,0,0,0,0,0,0,0,0,0,0,0,0,0,0,0,0,0,0,80,0
Lichenomphalia hudsoniana,Lichenomphalia hudsoniana (H.S. Jenn.) Redhead et al.,Lichenomphalia hudsoniana,0,0,0,0,0,0,0,0,0,0,0,0,0,0,0,0,0,0,0,0,0,0,0,0,0,0,0,0,0,0.5,0,0,0,0,0,0,0,0,0,0,0,0,0,0,0,0,0,0,0,0,0,0,0,0,0,0,0,0,0,0,0,0
Trisetum sibiricum,Trisetum sibiricum Rupr.,Trisetum sibiricum,0,0,0,0,0,0,0,0,0,0,0,0,0,0,0,0,0,0,0,0,0,0,0,0,0,0,0,0,0,0,0.5,1,0,0,0,0,0,0,0,0,0,0,0,0,0,0,0,0,0,0,0,0,0,0,0,0,0,0,0,0,0,0
Salix lanata,Salix lanata L.,Salix lanata,0,0,0,0,0,0,0,0,0,0,0,0,0,0,0,0,0,0,0,0,0,0,0,0,0,0,0,0,0,0,10,0,0,0,0,0,0,0,0,0,0,0,0,0,0,0,0,0,0,0,5,0,0,0,0,0,0,0,0,0,0,0
Trientalis europaea,Trientalis europaea L.,Trientalis europaea,0,0,0,0,0,0,0,0,0,0,0,0,0,0,0,0,0,0,0,0,0,0,0,0,0,0,0,0,0,0,1,0,0,0,0,0,0,0,0,0,0,0,0,0,0,0,0,0,0,0,0,0,0,0,0,0,0,0,0,0,0,0
Polytrichum commune,Polytrichum commune Hedw.,Polytrichum commune,0,0,0,0,0,0,0,0,0,0,0,0,0,0,0,0,0,0,0,0,0,0,0,0,0,0,0,0,0,0,1,0,0,0,0,0,0,0,0,0,0,0,0,0,0,0,0,0,0,0,0,0,0,0,0,0,0,0,0,0,0,0
Cladonia fimbriata,Cladonia fimbriata (L.) Fr.,Cladonia fimbriata,0,0,0,0,0,0,0,0,0,0,0,0,0,0,0,0,0,0,0,0,0,0,0,0,0,0,0,0,0,0,1,0,0,0,0,0,0,0,0,0,0,0,0,0,0,0,0,0,0,0,0,0,0,0,0,0,0,0,0,0,0,0
Syntrichia ruralis,Syntrichia ruralis (Hedw.) Web. & D. Mohr,Syntrichia ruralis,0,0,0,0,0,0,0,0,0,0,0,0,0,0,0,0,0,0,0,0,0,0,0,0,0,0,0,0,0,0,0,0,1,0,0,0,0,0,0,0,0,0,0,0,0,0,0,0,0,0,0,0,0,0,0,0,0,0,0,0,0,0
Cladonia cyanipes,Cladonia cyanipes (Sommerf.) Nyl.,Cladonia cyanipes,0,0,0,0,0,0,0,0,0,0,0,0,0,0,0,0,0,0,0,0,0,0,0,0,0,0,0,0,0,0,0,0,1,0,0,0,0,0,0,0,0,0,0,0,0,0,0,0,0,0,0,0,0,0,0,0,0,0,0,0,0,0
Empetrum nigrum,Empetrum nigrum L.,Empetrum nigrum,0,0,0,0,0,0,0,0,0,0,0,0,0,0,0,0,0,0,0,0,0,0,0,0,0,0,0,0,0,0,0,0,0,2,0,0,0,0,0,0,0,0,0,0,0,0,0,0,1,0,0,0,0,0,0,0,0,0,0,0,0,0
Cladonia chlorophaea,Cladonia chlorophaea (Somm.) Spreng.,Cladonia chlorophaea,0,0,0,0,0,0,0,0,0,0,0,0,0,0,0,0,0,0,0,0,0,0,0,0,0,0,0,0,0,0,0,0,0,1,0,0,0,0,0,0,0,0,0,0,0,0,0,0,0,0,0,0,0,0,0,0,0,0,0,0,0,0
Ochrolechia androgyna,Ochrolechia androgyna (Hoffm.) Arn.,Ochrolechia androgyna,0,0,0,0,0,0,0,0,0,0,0,0,0,0,0,0,0,0,0,0,0,0,0,0,0,0,0,0,0,0,0,0,0,0,1,0,0,0,0,0,0,0,0,0,0,0,0,0,0,0,0,0,0,0,0,0,0,0,0,0,0,0
Vulpicida tilesii,Vulpicida tilesii (Ach.) J.-E. Mattsson & M.J.Lai,Vulpicida tilesii,0,0,0,0,0,0,0,0,0,0,0,0,0,0,0,0,0,0,0,0,0,0,0,0,0,0,0,0,0,0,0,0,0,0,1,0,0,0,0,0,0,0,0,0,0,0,0,0,0,0,0,0,1,0,1,0,0,0,0,0,0,0
Agrostis species,Agrostis species,Agrostis species,0,0,0,0,0,0,0,0,0,0,0,0,0,0,0,0,0,0,0,0,0,0,0,0,0,0,0,0,0,0,0,0,0,0,0,3,0,0,0,0,0,0,0,0,0,0,0,0,0,0,0,0,0,0,0,0,0,0,0,0,0,0
Campanula rotundifolia,Campanula rotundifolia L.,Campanula rotundifolia,0,0,0,0,0,0,0,0,0,0,0,0,0,0,0,0,0,0,0,0,0,0,0,0,0,0,0,0,0,0,0,0,0,0,0,0,0.5,0,0,0,0,0,0,0,0,0,0,0,0,0,0,0,0,0,0,0,0,0,0,0,0,0
Varicellaria rhodocarpa,Varicellaria rhodocarpa Nyl.,Varicellaria rhodocarpa,0,0,0,0,0,0,0,0,0,0,0,0,0,0,0,0,0,0,0,0,0,0,0,0,0,0,0,0,0,0,0,0,0,0,0,0,1,0,0,0,0,0,0,0,0,0,0,0,0,0,0,0,0,0,0,0,0,0,0,0,0,0
Tephroseris species,Tephroseris species,Tephroseris species,0,0,0,0,0,0,0,0,0,0,0,0,0,0,0,0,0,0,0,0,0,0,0,0,0,0,0,0,0,0,0,0,0,0,0,0,0,0,0,0.5,0,0,0,0,0,0,0,0.5,0,0.5,0,0,0,0,0,0,0,0,0,0,0,0
Polytrichum swartzii,Polytrichum swartzii C.J. Hart.,Polytrichum swartzii,0,0,0,0,0,0,0,0,0,0,0,0,0,0,0,0,0,0,0,0,0,0,0,0,0,0,0,0,0,0,0,0,0,0,0,0,0,0,0,0,50,0,0,0,0,0,0,0,0,0,0,0,0,0,0,0,0,0,0,0,0,0
Rhizomnium pseudopunctatum,Rhizomnium pseudopunctatum (Bruch & Schimp.) T. Kop.,Rhizomnium pseudopunctatum,0,0,0,0,0,0,0,0,0,0,0,0,0,0,0,0,0,0,0,0,0,0,0,0,0,0,0,0,0,0,0,0,0,0,0,0,0,0,0,0,1,0,0,0,0,0,0,0,0,0,0,0,0,0,0,0,0,0,0,0,0,0
Juncus biglumis,Juncus biglumis L.,Juncus biglumis,0,0,0,0,0,0,0,0,0,0,0,0,0,0,0,0,0,0,0,0,0,0,0,0,0,0,0,0,0,0,0,0,0,0,0,0,0,0,0,0,0,0.5,0,0,0,0,0,0,0,0,0,0,0,0,0,0,0,0,0,0,0,0
Andromeda polifolia,Andromeda polifolia L.,Andromeda polifolia,0,0,0,0,0,0,0,0,0,0,0,0,0,0,0,0,0,0,0,0,0,0,0,0,0,0,0,0,0,0,0,0,0,0,0,0,0,0,0,0,0,0.5,0,0,0,0,0,0,0,0,0,0,0,0,0,0,0,0,0,0,0,0
Poa species,Poa species,Poa species,0,0,0,0,0,0,0,0,0,0,0,0,0,0,0,0,0,0,0,0,0,0,0,0,0,0,0,0,0,0,0,0,0,0,0,0,0,0,0,0,0,0.5,0,0,0,0,0,0,0,0,0,0,0,0,0,0,0,0,0,0,0,0
Brachythecium nelsonii,Brachythecium nelsonii Grout,Brachythecium nelsonii,0,0,0,0,0,0,0,0,0,0,0,0,0,0,0,0,0,0,0,0,0,0,0,0,0,0,0,0,0,0,0,0,0,0,0,0,0,0,0,0,0,1,0,0,0,0,0,0,0,0,0,0,0,0,0,0,0,0,0,0,0,0
Philonotis fontana,Philonotis fontana (Hedw.) Brid.,Philonotis fontana,0,0,0,0,0,0,0,0,0,0,0,0,0,0,0,0,0,0,0,0,0,0,0,0,0,0,0,0,0,0,0,0,0,0,0,0,0,0,0,0,0,1,0,0,0,0,0,0,0,0,0,0,0,0,0,0,0,0,0,0,0,0
Tayloria lingulata,Tayloria lingulata (Dicks.) Lindb.,Tayloria lingulata,0,0,0,0,0,0,0,0,0,0,0,0,0,0,0,0,0,0,0,0,0,0,0,0,0,0,0,0,0,0,0,0,0,0,0,0,0,0,0,0,0,0.5,0,0,0,0,0,0,0,0,0,0,0,0,0,0,0,0,0,0,0,0
Lycopodium annotinum s. alpestre,Lycopodium annotinum s. alpestre (Hartm.) A. L?ve & D. L?ve,Lycopodium annotinum s. alpestre,0,0,0,0,0,0,0,0,0,0,0,0,0,0,0,0,0,0,0,0,0,0,0,0,0,0,0,0,0,0,0,0,0,0,0,0,0,0,0,0,0,0,0.5,0.5,0,0,0,0,0,0,0,0,0,0,0,0,0,0,0,0,0,0
Diphasiastrum complanatum,Diphasiastrum complanatum (L.) Holub,Diphasiastrum complanatum,0,0,0,0,0,0,0,0,0,0,0,0,0,0,0,0,0,0,0,0,0,0,0,0,0,0,0,0,0,0,0,0,0,0,0,0,0,0,0,0,0,0,1,0,0,0,0,0.5,0,0,0,0,0,0,0,0,0,0,0,0,0,0
Cladonia stellaris,Cladonia stellaris (Opiz) Pouzar & Vezda,Cladonia stellaris,0,0,0,0,0,0,0,0,0,0,0,0,0,0,0,0,0,0,0,0,0,0,0,0,0,0,0,0,0,0,0,0,0,0,0,0,0,0,0,0,0,0,0.5,0,0,0,0,0,0,0,0,0,0,0,0,0,0,0,0,0,0,0
Thalictrum alpinum,Thalictrum alpinum L.,Thalictrum alpinum,0,0,0,0,0,0,0,0,0,0,0,0,0,0,0,0,0,0,0,0,0,0,0,0,0,0,0,0,0,0,0,0,0,0,0,0,0,0,0,0,0,0,0,0.5,0,0,0,0,0,0,0,0,0,0,0,0,0,0,0,0,0,0
Potentilla species,Potentilla species,Potentilla species,0,0,0,0,0,0,0,0,0,0,0,0,0,0,0,0,0,0,0,0,0,0,0,0,0,0,0,0,0,0,0,0,0,0,0,0,0,0,0,0,0,0,0,0.5,0,0,0,0,0,0,0,0,0,0,0,0,0,0,0,0,0,0
Festuca rubra s. richardsonii,Festuca rubra s. richardsonii (Hook.) Hult?n,Festuca rubra s. richardsonii,0,0,0,0,0,0,0,0,0,0,0,0,0,0,0,0,0,0,0,0,0,0,0,0,0,0,0,0,0,0,0,0,0,0,0,0,0,0,0,0,0,0,0,0,5,0,0,0,0,0,3,0,0,0,0,0,0,0,0,0,0,0
Cladonia furcata,Cladonia furcata (Huds.) Schrad.,Cladonia furcata,0,0,0,0,0,0,0,0,0,0,0,0,0,0,0,0,0,0,0,0,0,0,0,0,0,0,0,0,0,0,0,0,0,0,0,0,0,0,0,0,0,0,0,0,1,0,0,0,0,0,0,0,0,0,0,0,0,0,0,0,0,0
Peltigera neckeri,Peltigera neckeri M?ll.Arg.,Peltigera neckeri,0,0,0,0,0,0,0,0,0,0,0,0,0,0,0,0,0,0,0,0,0,0,0,0,0,0,0,0,0,0,0,0,0,0,0,0,0,0,0,0,0,0,0,0,1,0,0,0,0,0,0,0,0,0,0,0,0,0,0,0,0,0
Trisetum species,Trisetum species,Trisetum species,0,0,0,0,0,0,0,0,0,0,0,0,0,0,0,0,0,0,0,0,0,0,0,0,0,0,0,0,0,0,0,0,0,0,0,0,0,0,0,0,0,0,0,0,0,0.5,0,0.5,0,0,0,0,0,0,0,0.5,0,0,0,0,0,0
Arctocetraria andrejevii,Arctocetraria andrejevii (Oxner) K?rnefelt & Thell,Arctocetraria andrejevii,0,0,0,0,0,0,0,0,0,0,0,0,0,0,0,0,0,0,0,0,0,0,0,0,0,0,0,0,0,0,0,0,0,0,0,0,0,0,0,0,0,0,0,0,0,0.5,0,0,0,0,0.5,0,0.5,0,0,0,0,0,0,0,0,0
Pertusaria panyrga,Pertusaria panyrga (Ach.) A. Massal.,Pertusaria panyrga,0,0,0,0,0,0,0,0,0,0,0,0,0,0,0,0,0,0,0,0,0,0,0,0,0,0,0,0,0,0,0,0,0,0,0,0,0,0,0,0,0,0,0,0,0,0,0,1,0,0,0,0,0,0,0,0,0,0,0,0,0,0
Juncus trifidus,Juncus trifidus L.,Juncus trifidus,0,0,0,0,0,0,0,0,0,0,0,0,0,0,0,0,0,0,0,0,0,0,0,0,0,0,0,0,0,0,0,0,0,0,0,0,0,0,0,0,0,0,0,0,0,0,0,0,3,0,0,0,0,0,0,0,0,0,0,0,0,0
Calamagrostis phragmitoides,Calamagrostis phragmitoides Hartm.,Calamagrostis phragmitoides,0,0,0,0,0,0,0,0,0,0,0,0,0,0,0,0,0,0,0,0,0,0,0,0,0,0,0,0,0,0,0,0,0,0,0,0,0,0,0,0,0,0,0,0,0,0,0,0,0,0,1,0,0,0,0,0,0,0,0,0,0,0
Agonimia gelatinosa,Agonimia gelatinosa (Ach.) Th. Fr.,Agonimia gelatinosa,0,0,0,0,0,0,0,0,0,0,0,0,0,0,0,0,0,0,0,0,0,0,0,0,0,0,0,0,0,0,0,0,0,0,0,0,0,0,0,0,0,0,0,0,0,0,0,0,0,0,3,0,0,0,0,0,0,0,0,0,0,0
Cladonia macilenta v. bacillaris,Cladonia macilenta v. bacillaris (Genth) Schaerer,Cladonia macilenta v. bacillaris,0,0,0,0,0,0,0,0,0,0,0,0,0,0,0,0,0,0,0,0,0,0,0,0,0,0,0,0,0,0,0,0,0,0,0,0,0,0,0,0,0,0,0,0,0,0,0,0,0,0,0,2,0,0,0,0,0,0,0,0,0,0
Festuca rubra s. richardsonii,Festuca rubra s. richardsonii (Hook.) Hult?n,Festuca rubra s. richardsonii,0,0,0,0,0,0,0,0,0,0,0,0,0,0,0,0,0,0,0,0,0,0,0,0,0,0,0,0,0,0,0,0,0,0,0,0,0,0,0,0,0,0,0,0,0,0,0,0,0,0,0,0,2,0,0,0,0,0,0,0,0,0
Dicranoweisia species,Dicranoweisia species,Dicranoweisia species,0,0,0,0,0,0,0,0,0,0,0,0,0,0,0,0,0,0,0,0,0,0,0,0,0,0,0,0,0,0,0,0,0,0,0,0,0,0,0,0,0,0,0,0,0,0,0,0,0,0,0,0,4,0,0,0,0,0,0,0,0,0
Thamnolia vermicularis s. subuliformis,Thamnolia vermicularis s. subuliformis (Sw.) Schaer.,Thamnolia vermicularis s. subuliformis,0,0,0,0,0,0,0,0,0,0,0,0,0,0,0,0,0,0,0,0,0,0,0,0,0,0,0,0,0,0,0,0,0,0,0,0,0,0,0,0,0,0,0,0,0,0,0,0,0,0,0,0,2,0,0,0,0,0,0,0,0,0
Polemonium boreale,Polemonium boreale Adams,Polemonium boreale,0,0,0,0,0,0,0,0,0,0,0,0,0,0,0,0,0,0,0,0,0,0,0,0,0,0,0,0,0,0,0,0,0,0,0,0,0,0,0,0,0,0,0,0,0,0,0,0,0,0,0,0,0,0.5,0,0,0,0,0,0,0,0
Kiaeria species,Kiaeria species,Kiaeria species,0,0,0,0,0,0,0,0,0,0,0,0,0,0,0,0,0,0,0,0,0,0,0,0,0,0,0,0,0,0,0,0,0,0,0,0,0,0,0,0,0,0,0,0,0,0,0,0,0,0,0,0,0,35,0,0,0,0,0,0,0,0
Polytrichum species,Polytrichum species,Polytrichum species,0,0,0,0,0,0,0,0,0,0,0,0,0,0,0,0,0,0,0,0,0,0,0,0,0,0,0,0,0,0,0,0,0,0,0,0,0,0,0,0,0,0,0,0,0,0,0,0,0,0,0,0,0,3,0,0,0,0,0,0,0,0
Cladonia subfurcata,Cladonia subfurcata (Nyl.) Arn.,Cladonia subfurcata,0,0,0,0,0,0,0,0,0,0,0,0,0,0,0,0,0,0,0,0,0,0,0,0,0,0,0,0,0,0,0,0,0,0,0,0,0,0,0,0,0,0,0,0,0,0,0,0,0,0,0,0,0,1,0,0,0,0,0,0,0,0
Cladonia phyllophora,Cladonia phyllophora Hoffm.,Cladonia phyllophora,0,0,0,0,0,0,0,0,0,0,0,0,0,0,0,0,0,0,0,0,0,0,0,0,0,0,0,0,0,0,0,0,0,0,0,0,0,0,0,0,0,0,0,0,0,0,0,0,0,0,0,0,0,0,0,0,0,1,0,0,0,0
Pohlia nutans,Pohlia nutans (Hedw.) Lindb.,Pohlia nutans,0,0,0,0,0,0,0,0,0,0,0,0,0,0,0,0,0,0,0,0,0,0,0,0,0,0,0,0,0,0,0,0,0,0,0,0,0,0,0,0,0,0,0,0,0,0,0,0,0,0,0,0,0,0,0,0,0,0,0.5,0,0,0
Silene paucifolia,Silene paucifolia Ledeb.,Silene paucifolia,0,0,0,0,0,0,0,0,0,0,0,0,0,0,0,0,0,0,0,0,0,0,0,0,0,0,0,0,0,0,0,0,0,0,0,0,0,0,0,0,0,0,0,0,0,0,0,0,0,0,0,0,0,0,0,0,0,0,0,0.5,0,0
Gentiana species,Gentiana species,Gentiana species,0,0,0,0,0,0,0,0,0,0,0,0,0,0,0,0,0,0,0,0,0,0,0,0,0,0,0,0,0,0,0,0,0,0,0,0,0,0,0,0,0,0,0,0,0,0,0,0,0,0,0,0,0,0,0,0,0,0,0,0.5,0,0
Dactylina ramulosa,Dactylina ramulosa (Hook.) Tuck.,Dactylina ramulosa,0,0,0,0,0,0,0,0,0,0,0,0,0,0,0,0,0,0,0,0,0,0,0,0,0,0,0,0,0,0,0,0,0,0,0,0,0,0,0,0,0,0,0,0,0,0,0,0,0,0,0,0,0,0,0,0,0,0,0,0.5,0,0
Peltigera membranacea,Peltigera membranacea (Ach.) Nyl.,Peltigera membranacea,0,0,0,0,0,0,0,0,0,0,0,0,0,0,0,0,0,0,0,0,0,0,0,0,0,0,0,0,0,0,0,0,0,0,0,0,0,0,0,0,0,0,0,0,0,0,0,0,0,0,0,0,0,0,0,0,0,0,0,0,1,0
