AVARU_G2_Northern_Gydan_mtelyatnikov_2017_species_data,,,,,,,,,,,,,,,,,,,,,,,,,,,,,,,,,,,,,,,,,,,,,,,,,,,,,,,,,,,,,,,,,,,,,,,,,,,,,,,,,
Dataset Title: Russian Arctic Vegetation Archive: Northern Gydan (G2) Vegetation Plots,,,,,,,,,,,,,,,,,,,,,,,,,,,,,,,,,,,,,,,,,,,,,,,,,,,,,,,,,,,,,,,,,,,,,,,,,,,,,,,,,
Dataset Author: Mikhail Telyatnikov,,,,,,,,,,,,,,,,,,,,,,,,,,,,,,,,,,,,,,,,,,,,,,,,,,,,,,,,,,,,,,,,,,,,,,,,,,,,,,,,,
"Dataset Reference: Telyatnikov, M. Y., Troeva, E. I., Ermokhina, K. A., & Pristyazhnyuk, A. (2019). Vegetation of the two regions of the northern part of the Gydan Peninsula (the subzone of typical tundras). Turczaninowia, 22(4), 128–144. https://doi.org/10.14258/turczaninowia.22.4.14 ",,,,,,,,,,,,,,,,,,,,,,,,,,,,,,,,,,,,,,,,,,,,,,,,,,,,,,,,,,,,,,,,,,,,,,,,,,,,,,,,,
Dataset Table: Modified Species Cover Data for Northern Gydan (G2) ,,,,,,,,,,,,,,,,,,,,,,,,,,,,,,,,,,,,,,,,,,,,,,,,,,,,,,,,,,,,,,,,,,,,,,,,,,,,,,,,,
Dataset Notes: Percentage species cover scale is used. Taxa are listed in alphabetical order. Both the dataset author determinations and the current nomenclature according to the Panarctic Species List (PASL) are listed.,,,,,,,,,,,,,,,,,,,,,,,,,,,,,,,,,,,,,,,,,,,,,,,,,,,,,,,,,,,,,,,,,,,,,,,,,,,,,,,,,
,,,,,,,,,,,,,,,,,,,,,,,,,,,,,,,,,,,,,,,,,,,,,,,,,,,,,,,,,,,,,,,,,,,,,,,,,,,,,,,,,
,,AUTHOR PLOT NUMBER,G2-1,G2-3,G2-5,G2-7,G2-9,G2-10,G2-13,G2-15,G2-18,G2-20,G2-21,G2-23,G2-25,G2-27,G2-29,G2-32,G2-34,G2-37,G2-39,G2-42,G2-44,G2-46,G2-48,G2-50,G2-53,G2-54,G2-56,G2-58,G2-60,G2-61,G2-63,G2-65,G2-67,G2-69,G2-71,G2-74,G2-76,G2-77,G2-79,G2-81,G2-83,G2-85,G2-87,G2-89,G2-91,G2-93,G2-96,G2-98,G2-100,G2-102,G2-103,G2-106,G2-108,G2-110,G2-111,G2-113,G2-115,G2-117,G2-119,G2-122,G2-124,G2-126,G2-128,G2-129,G2-133,G2-134,G2-138,G2-141,G2-142,G2-145,G2-147,G2-149,G2-151,G2-153,G2-155,G2-157,G2-159,G2-161,G2-163
,,TURBOVEG PLOT NUMBER,,,,,,,,,,,,,,,,,,,,,,,,,,,,,,,,,,,,,,,,,,,,,,,,,,,,,,,,,,,,,,,,,,,,,,,,,,,,,,,
PASL TAXON SCIENTIFIC NAME NO AUTHOR(S),PASL TAXON SCIENTIFIC NAME WITH AUTHOR(S),DATASET TAXON,,,,,,,,,,,,,,,,,,,,,,,,,,,,,,,,,,,,,,,,,,,,,,,,,,,,,,,,,,,,,,,,,,,,,,,,,,,,,,,
Abietinella abietina,Abietinella abietina,Abietinella abietina (Hedw.) Fleisch.,0,0,0,0,0,0,2,0,0,0,0,0,0,0,0,0,0,0,0,0,0,0,0,0,0,0,0,0,0,0,0,0,0,0,0,0,0,0,0,0,0,0,0,0,0,0,0,0,0,0,0,0,0,0,0,0,0,0,0,0,0,0,0,0,0,0,0,0,0,0,0,0,0,0,0,0,2,4,0
Achoriphragma nudicaule,Achoriphragma nudicaule,Parrya nudicaulis (L.) Regel,0,1,0,0,0.5,0,1,0,0,0,0,0,0,0,0,0,0,0,0,0,0,0,0,0,0,1,0,0,1,0,0,0,0,2,0,0,0,0,0,0,0,0,0,0,0,0,0,0,0,0,0,0,0,1,0,0,0,0,0,0,0,1,0,0,0,2,1,0,0,0,0,0,0,0,0,0,0,0,0
Alectoria nigricans,Gowardia nigricans,Gowardia nigricans (Ach.) P.Halonen,0,0,0,0,0,0,2,0,0.5,2,0,0,0,0,0,0,0,1,0,2,0,0,0,0,0,0,0,0,0,0,0,0,0,1,0,0,0,0,0,0,0,0,0,0,0,0,0,0,0,0,0,0,0,2,0,0,1,0,0,0,0,0,0,2,2,0,0,0,0.5,0,0,0,0,0,0,0,0,0,0
Alectoria ochroleuca,Alectoria ochroleuca,Alectoria ochroleuca (Hoffm.) Massal.,0,0,0,0,0,0,0,0,0,3,0,0,0,0,0,0,0,1,0,2,0,0,0,0,0,0,2,0,0,0,0,0,0,0,0,0,0,0,0,0,0,0,0,0,0,0,0,0,0,0,0,0,0,0,0,0,0,0,0,0,0,0,0,0,2,0.5,2,0,0,0,0,0,0,0,0,0,0,0,2
Alopecurus alpinus,Alopecurus alpinus,Alopecurus borealis Trin.,0,2,2,6,0.5,3,4,2,1,2,6,1,0,0,0,0,2,0,2,0,0,0,0,0,0,3,3,0,1,0,0,0,0,1,0,0,0,0,2,0,1,4,5,2,0,2,0,3,0,0,0,0,0.5,1,0,1,2,0.5,0.5,1,2,1,0,0,2,2,0,0,0,5,2,0,0,0,0,0,6,3,2
Arctagrostis arundinacea,Arctagrostis arundinacea,Arctagrostis arundinacea (Trin.) Beal,0,0,0,0,4,0,0,0,0,0,0,0,0,0,0,0,0,0,0,0,0,0,0,0,0,0,0,0,0,0,0,0,0,0,0,0,0,0,0,2,0,0,0,0,0,0,0,0,0,0,0,0,0,0,0,0,0,0,0,0,0,0,0,0,0,0,0,0,0,0,0,0,0,0,0,0,0,4,0
Arctagrostis latifolia,Arctagrostis latifolia,Arctagrostis latifolia (R. Br.) Griseb.,0,10,4,0,3,5,0,2,0,0,4,2,5,0,0,12,4,6,4,0,0,0,0,0.5,5,0,0,0,3,0,3,2,0,2,0,0,4,0,2,0,2,15,4,0,2,0,5,0,0,0,6,0,1,6,0,2,2,0,3,0,0,2,0,3,0,3,5,0,0,2,0,0,2,0,3,0.5,0,0,3
Arctophila fulva,Arctophila fulva,Arctophila fulva (Trin.) Andersson,0,0,0,0,0,0,0,0,0,0,0,0,0,0,0,0,0,0,0,0,0,0,0,0,0,0,0,0,0,0,0,0,0,0,0,0,0,0,0,0,0,4,0,0,0,0,0,0,0,0,0,0,0,0,0,0,0,0,0,0,0,0,0,0,0,0,0,0,0,0,0,0,0,30,0,0,0,0,0
Arnica iljinii,Arnica iljinii,Arnica angustifolia s. iljinii (Maguire) I.K. Ferguson,0,0,0,0,0,0,0,0,0,0,0,0,0,0,0,0,0,0,0,0,0,0,0,0,0,0,1,0,0,0,0,0,0,0,0,0,0,0,0,0,0,0,0,0,0,0,0,0,0,0,0,0,0,0,0,0,0,0,0,0,0,0,0,0,0,0,0,0,0,0,0,0,0,0,0,0,3,2,1
Artemisia tilesii,Artemisia tilesii,Artemisia tilesii Ledeb.,0,0,0,5,2,0,0,0,0,0,0,0,0,0,0,0,0,0,0,0,0,1,0,0,0,0,0,0,0,0,0,0,0,0,0,0,0,0,0,0,0,2,0,0,0,0,0,0,0,0,0,0,0,0,0,0,0,0,2,0,0,0,0,0,0,0,0,0,0,0,0,0,0,0,0,0,1,2,0
Astragalus norvegicus,Astragalus norvegicus,Astragalus norvegicus Grauer,0,0,0,0,0,0,0,0,0,0,0,0,0,0,0,0,0,0,0,0,0,0,0,0,0,0,0,0,0,0,0,0,0,0,0,0,0,0,0,0,0,1,0,2,0,0,0,0,0,0,0,0,0,0,0,0,0,0,0,0,0,0,0,0,0,0,0,0,0,0,0,0,0,0,0,0,0,0,0
Astragalus subpolaris,Astragalus subpolaris,Astragalus alpinus v. arcticus (SondÂn) Lindm.,0,3,2,7,0,4,3,2,0,3,4,2,0,0,0,3,3,2,5,0,0,0,0,0,0,1,5,0,2,0,0,0,0,0,0,0,0,0,2,0,0,0,0,0,0,0,0,0,0,0,0,0,1,1,0,2,2,6,0,2,0,0,0,0,4,2,2,0,0,0,0,0,0,0,0,0,2,0,3
Aulacomnium palustre,Aulacomnium palustre,Aulacomnium palustre (Hedw.) Schwaegr.,5,3,0,0,0,0,0,0,0,0,0,0,0,0,0,4,5,0,0,0,0,0,0,0,3,0,0,0,0,0,0,5,0,0,0,3,0,1,0,0,0,0,0,0,0,0,0,0,0,0,10,0,5,0,0,0,0,0,0,0,0,0,0,0,0,0,0,0,0,0,0,3,3,0,7,4,0,0,0
Aulacomnium turgidum,Aulacomnium turgidum,Aulacomnium turgidum (Wahlenb.) Schwaegr.,3,0,40,1,0,5,3,6,0,4,10,25,0,0,5,0,50,17,7,5,5,0,0,1,5,5,0,0,6,0,0,0,15,6,10,0,0,10,10,0,10,0,0,0,7,0,0,0,0,0,10,0,5,12,0,10,17,0,0,6,0,7,0,10,0,6,15,10,0,0,4,3,2,0,35,1,0,0,0
Betula nana,Betula nana,Betula nana L.,0.5,0,0,0,0,0,0,0,0,0,0,0,0,0,0,0,0,0,0,0,0,0,0,0,0,0,0,0,0,0,0,0,0,0,0,0,0,0,0,0,0,0,0,0,0,0,0,0,0,0,0,0,0,0,0,0,0,0,0,0,0,0,0,0,0,0,0,0,0,0,0,0,5,0,0,0,0,0,0
Bistorta elliptica,Bistorta elliptica,Bistorta elliptica (Willd. ex Spreng.) Kom. ex V.V. Petrovsky,0,0,0,0,0,0,0,0,0,0,0,0,0,0,0,0,0,0,0,0,0,0,0,0,0,0,0,0,0,0,0,0,0,0,0,0,3,0,0,0,0,0,0,0,0,0,0,0,0,0,0,0,0,0,0,0,0,0,0,0,0,0,0,0,3,0,0,0,0,0,0,0,0,0,0,0,0,0,1
Bistorta elliptica,Bistorta elliptica,Bistorta elliptica (Willd. ex Spreng.) Kom. ex V.V. Petrovsky,0,1,3,3,0,5,0,2,0,0,0,0,0,2,0,0,0,1,0,1,1,0,0,0,0,2,2,0,0,0,0,0,1,0,0,0,0,0,0,0,9,0,0,0,1,0,3,0,0,0,0,4,1,0,0,1,0,0,0,0,0,0,0,2,0,4,5,0.5,0,2,1,0,0,0,0,0,4,3,0
Bistorta vivipara,Bistorta vivipara,Bistorta vivipara (L.) Delarbre,3,3,10,6,5,5,3,5,2,3,4,3,5,3,5,4,5,3,4,3,5,5,0,4,2,5,6,2,3,5,8,4,4,3,4,3,0,4,4,4,3,4,6,3,6,4,3,3,0,5,4,4,5,3,2,5,6,4,4,4,0,4,3,3,3,4,3,0,0,3,3,4,0,0,4,4,8,5,2
Brachythecium albicans,Brachythecium albicans,Brachythecium albicans (Hedw.) B.S.G.,0,0,0,0,0,2,0,0,1,0,0,0,0,0,0,0,0,0,0,0,0,0,0,0,0,0,0,0,0,0,0,0,0,0,2,0,0,0,0,0,0,0,0,0,0,0,0,0,0,0,0,0,0,0,0,0,0,0,0,0,0,0,0,0,0,0,0,0,0,0,0,0,0,0,0,0,0,0,0
Brachythecium mildeanum,Brachythecium mildeanum,Brachythecium mildeanum (Schimp.) Schimp.,2,0,0,2,0,0,0,0,0,0,2,0,0,0,0,0,0,0,0,0,0,0,0,2,0,0,0,0,0,0,0,2,0,0,0,2,2,0,0,0.2,2,0,0,0,0,0,0,0,0,2,0,2,0,0,0,0,0,0,0,2,0,0,0,0,0,0,0,0,0,1,0,0,0,0,0,35,0,2,0
Brachythecium salebrosum,Brachythecium salebrosum,Brachythecium salebrosum (Hoffm. ex Web. & D. Mohr) B.S.G.,0,0,0,0,0,0,0,0,0,0,0,0,1,0,0,0,0,0,0,0,0,0,0,0.2,0,0,0,0,0,0,0,0,0,0,0,0,0,0,0,0,0,0,0,0,0,0,0,0,0,0,0,0,0,0,0,0,0,0,1,0,0,0,0,0,0,0,0,0,0,0,1,0,0,0,0,0,0,0,0
Brachythecium turgidum,Brachythecium turgidum,Brachythecium turgidum (C.J. Hart.) Kindb.,0,0,0,0,2,0,0,0,0,0,0,0,1,0,0,0,0,0,0,0,0,0,0,0,0,0,0,0,0,0,0,0,0,0,0,0,0,0,0,0,0,0,0,0,0,2,0,0,2,0,0,1,0,0,0,0,0,0,0,0,0,0,0,0,0,0,0,0,0,0,0,0,0,0,0,0,0,0,0
Bredleria pratensis,Breidleria pratensis,Hypnum pratense J. Koch ex Spruce,0,0,0,0,0,0,0,0,0,0,0,0,0,0,0,0,0,0,0,0,0,0,0,0,0,0,0,0,0,0,0,0,0,0,0,0.2,0,0,0,0,0,0,0,0,0,0,0,0,20,0,0,0,0,0,0,0,0,0,0,0,0,0,0,0,0,0,0,0,0,0,0,0,0,0,0,0,0,0,0
Bryocaulon divergens,Bryocaulon divergens,Bryocaulon divergens (Ach.) KÄrnefelt,0,0,0,0,0,2,2,0,0.5,3,1,2,0,0,3,0,0,1,0,3,1,0,0,0,0,0,0.5,0,3,0,0,0,0,2,0,0,0,0,0,0,0,0,0,0,0,0,0,0,0,0,0,0,0,2,0,0,1,0,0,0,0,2,0,0.5,0,0,0,0,0.5,0,0,0,0,0,0,0,0,0,0
Bryoria nitidula,Bryoria nitidula,Bryoria nitidula (Th. Fr.) Brodo & Hawksw.,0,0,0,0,0,0,0,0,0,0,0,0,0,0,0,0,0,0,0,0,0,0,0,0,0,0,0,0,0,0,0,0,0,0,0,0,0,0,0,0,0,0,0,0,0,0,0,0,0,0,0,0,0,0,0,0,0,0,0,0,0,0,0,0.5,0,0,0,0,0,0,0,0,0,0,0,0,0,0,0
Bryum caespiticium,Bryum caespiticium,Bryum caespiticium Hedw.,0,0,0,0,0,0,0,0,0,0,1,0,0,0,0,0,0,0,0,0,0,0,0,0,0,0,0,0,0,0,0,0,0,0,0,0,0,0,0,0,0,0,0,0,0,0,0,0,0,0,0,0,0,0,0,0,0,0,0,0,0,0,0,0,0,0,0,0,0,0,0,0,0,0,0,0,0,0,0
Bryum cryophilum,Bryum cryophilum,Bryum cyclophyllum (Schwaegr.) Bruch & Schimp.,0,0,0,0,0,0,0,0,0,0,0,0,0,0,0,0,0,0,0,0,0,0,0,0,0,0,0,0,0,0,0,0,0,0,0,12,0,0,0,6,0,2,0,0,0,0,0,0,0,0,0,0,0,0,0,0,0,0,0,0,0,0,0,0,0,0,1,0,0,0,6,0,0,0,0,0,0,0,0
Bryum cyclophyllum,Bryum calophyllum,Bryum calophyllum R. Br.,0,0,0,0,0,0,0,0,0,0,0,0,0,0,0,0,0,0,0,0,0,0,0,0,1,0,0,0,0,0,0,0,0,0,0,0,0,0,0,6,0,0,0,0,0,0,0,0,0,0,0,0,0,0,0,0,0,0,0,0,0,0,0,0,0,0,0,0,0,0,0,0,0,0,0,0.2,0,0,0
Bryum pseudotriquetrum,Bryum pseudotriquetrum,Bryum pseudotriquetrum (Hedw.) P.G. Gaertn.,0,0,2,0,0,0,0,0,0,0,0,0,35,0,0,0,0,0,0,0,0,0,20,0,0,1,0,0,0,10,1,2,0,0,2,10,12,0,0,10,0,0,0,0,0,0,0,0,55,12,0,0,0,0,0,0,0,0,0,0,0,0,30,0,0,0,2,0,0,0,0,7,0,0,0,3,0,0,0
Calamagrostis groenlandica,Calamagrostis groenlandica,Calamagrostis neglecta s. groenlandica (Schrank) Matuszk.,0,0,0,0,0,0,0,0,0,0,0,0,0,0,0,0,0,0,0,0,0,0,0,0,0,0,0,0,0,0,0,0,0,0,0,0,0,0,0,0,0,0,0,0,0,0,0,0,0,0,0,0,0,0,4,0,0,0,0,3,0,0,0,0,0,0,0,0,0,0,0,0,0,0,0,0,0,2,0
Calamagrostis holmii,Calamagrostis holmii,Calamagrostis holmii Lange,0,0,0,0,0,0,0,0,1,0,0,0,4,2,0,0,0,0,0,0,0,0,0,0,4,0,0,0,0,0,1,0,0,0,0,0,0,0,0,0,0,0,0,0,0,0,0,0,1,0,0,0,0,0,0,0,0,0,0,0,5,3,2,0,0,0,0,0,3,0,0,0,3,0,5,0,0,0,0
Calamagrostis neglecta,Calamagrostis neglecta,Calamagrostis neglecta (Ehrh.) P. Gaertn.,2,0,0,0,3,0,0,0,0,0,0,0,0,0,0,0,0,0,0,0,0,0,0,0,0,0,0,0,0,0,0,0,0,0,0,0,0,0,0,0,0,0,0,0,0,0,0,0,0,0,0,0,0,0,0,0,0,0,0,0,0,0,0,0,0,0,0,0,0,0,0,0,0,0,0,0,0,0,0
Calliergon cordifolium,Calliergon cordifolium,Calliergon cordifolium (Hedw.) Kindb.,0,0,0,0,0,0,0,0,0,0,0,0,0,0,0,0,0,0,0,0,0,0,0,0,0,0,0,0,0,0,0,0,0,0,0,0,0,0,0,0,0,0,0,0,0,0,0,0,0,2,0,0,0,0,0,0,0,0,0,0,0,0,0,0,0,0,0,0,0,0,0,0,0,0,0,0,0,0,0
Calliergon giganteum,Calliergon giganteum,Calliergon giganteum (Schimp.) Kindb.,0,0,0,0,0,0,0,0,0,0,0,0,0,0,0,0,0,0,0,0,0,0,0,0,0,0,0,0,0,0,0,0,0,0,0,2,2,0,0,2,0,0,0,0,0,0,0,0,0,0,0,0,2,0,0,0,0,0,0,0,15,0,2,0,0,0,0,0,0,0,0,0,0,0,0,3,0,0,0
Calliergon megalophyllum,Calliergon megalophyllum,Calliergon megalophyllum Mikutowicz,0,0,0,0,0,0,0,0,0,0,0,0,0,0,0,0,0,0,0,0,0,0,0,0,0,0,0,0,0,0,0,0,0,0,0,0,0,0,0,0,0,0,0,0,0,0,0,0,0,0,0,0,0,0,0,0,0,0,0,0,0,0,0,0,0,0,0,0,0,0,0,0,0,15,0,0,0,0,0
Calliergon richardsonii,Calliergon richardsonii,Calliergon richardsonii (Mitt.) Kindb.,0,0,0,0,0,0,0,0,0,0,0,0,0,0,0,0,0,0,0,0,0,0,1,0,0,0,0,0,0,0,0,1,0,0,0,0,0,0,0,0,0,0,0,0,0.2,0,0,0,2,0,0,0,0,0,0,0,0,0,0,0,0,0,0,0,0,0,0,0,0,0,0,0,0,0,0,0,0,0,0
Caltha arctica,Caltha arctica,Caltha palustris s. radicans (T.F. Forst.) Syme,0,0,0,0,0,0,0,0,0,0,0,0,0,0,0,0,0,0,0,0,0,0,0,0,0,0,0,0.5,0,0.2,0,0,0,0,0,0.5,1,0,0,0,0,0,0,0,0,0,0,0,1,3,0,0,0,0,1,0,0,0,0,0,1,0,2,0,0,0,0,0,1,0,0,0,0,0,0,0.5,0,0,0
Campylium stellatum,Campylium stellatum,Campylium stellatum (Hedw.) C. Jens.,0,0,0,0,0,0,0,0,0,0,0,0,0,0,0,0,0,0,0,0,0,0,1,0,0,0,0,0,0,0,0,0,0,0,0,0,0,0,0,0,0,0,0,0,0,0,0,0,0,0,0,0,0,0,0,0,0,0.5,0,0,0,0,0,0,0,0,0,0,0,0,0,0,0,0,0,0,0,0,0
Cardamine bellidifolia,Cardamine bellidifolia [s. bellidifolia],Cardamine bellidifolia [s. bellidifolia] L.,0,0,0.5,0,0,0,0,0,0,0,0,0,0,1,0,0,0,0,0,0,0,0,0,0,0,0,0,0,0,0,0,0,0,0,0,0,0,0,0,0,0,0.5,0,0,0,0,0,0,0,0,0,0,0,0,0,0,0,0,0,0,0,0,0,0,0,0,0,0,0,0,0,0,0,0,0,0,0,0,0
Cardamine pratensis,Cardamine pratensis s. polemonioides,Cardamine polemonioides Rouy,1,0,0,0,0,0,0,0.3,0,0,0,0,0,0,0,0,0,0,0,0,0,0,1,2,0,0,0,1,0,2,0,2,0,0,0,2,1,0,0,2,0,0,0,0,0,0,0,0,30,3,0,0,0.5,0,0,0,0,0,0,1,2,0,2,0,0,0,0,0,0,0,0,0,0,0,0,0,0,0,0
Cardaminopsis species,Cardaminopsis species,Cardaminopsis species,0,0,0,0,0,0,0,0,0,0,0,0,0,0,0,0,0,0,1,0,0,0,0,0,0,0,0,0,0,0,0,0,0,0,0,0,0,0,0,0,0,0,0,0,0,0,0,0,0,0,0,0,0,0,0,0,0,0,0,0,0,0,0,0,0,0,0,0,0,0,0,0,0,0,0,0,0,0,0
Carex arctisibirica,Carex arctisibirica,Carex bigelowii s. ensifolia (Turcz. ex Ledeb.) ined. ,0,10,6,0,0,0,0,13,0,1,4,6,0,8,8,5,5,8,10,4,4,0,0,0,6,5,0,0,3,0,0,0,11,10,12,15,0,0,11,0,17,0,0,0,6,0,0,4,0,0,6,0,2,3,0,11,12,0,0,4,0,12,0,7,3,4,15,3,0,0,0,0,0,0,0,0,4,0,1
Carex chordorrhiza,Carex chordorrhiza,Carex chordorrhiza Ehrh. ex L. f.,0,0,0,0,0,0,0,0,0,0,0,0,0,0,0,0,0,0,0,0,0,0,0,0,0,0,0,0,0,0,0,0,0,0,0,0,0,0,0,0,0,0,0,0,0,0,0,0,0,0,0,0,0,0,0,0,0,0,0,0,0,0,0,0,0,0,0,0,0,0,0,4,0,0,0,11,0,0,0
Carex concolor,Carex concolor,Carex concolor R. Br.,0,0,0,0,0,0,0,0,0,0,0,0,0,0,0,0,0,0,0,0,0,0.5,11,0,8,0,0,10,0,17,0,12,0,0,0,0,20,4,0,20,0,0,0,0,0,0,1,0,20,15,0,0,0,0,20,0,0,0,0,0,10,0,17,0,0,0,0,3,0,0,2,15,3,5,6,20,0,0,0
Carex lachenalii,Carex lachenalii,Carex lachenalii Schkuhr,0,0,0,0,2,0,0,0,0,0,0,0,10,0,0,0,0,0,0,0,0,4,0,0,0,0,0,0,0,0,8,0,0,0,0,0,0,0,0,0,0,0,0,0,0,4,0,0,0,0,0,2,2,0,0,0,0,0,0,0,0,0,0,0,0,0,0,1,12,0,0,0,0,0,0,0,2,5,0
Carex quasivaginata,Carex quasivaginata,Carex vaginata s. vaginata Tausch,0,0,0,0,0,0,0,1,0,0,0,0,0,0,0,0,0,0,0,0,0,0,0,1,0,0,0,0,0,0,0,0,1,0,2,0,0,0,0,0,0,0,0,0,0,0,0,0,0,0,0,0,0,0,0,0,0,0,0,0,0,0,0,0,0,0,0,0,0,0,0,0,0,0,0,0,0,0,0
Carex rariflora,Carex rariflora,Carex rariflora (Wahlenb.) Sm.,0,0,0,0,0,0,0,0,0,0,0,0,0,0,0,0,0,0,0,0,0,0,0,0,0,0,0,0,0,0,0,0,0,0,0,0,0,0,0,0,0,0,0,0,0,0,0,0,0,0,0,0,0,0,0,0,0,0,0,0,0,0,0,0,0,0,0,0,0,0,0,3,0,0,0,14,0,0,0
Cassiope tetragona,Cassiope tetragona [s. tetragona],Cassiope tetragona [s. tetragona] (L.) D. Don,0,0,0,0,0,0,3,2,0,0,0,0,0,0,0,0,0,0,0,5,0,4,0,0,0,1,4,0,0,0,0,0,0,0,0,0,0,0,0,0,0,0,0,0,0,0,0,0,0,0,0,0,0,0,0,0,0,0,0,0,0,0,0,0,0,0,0,0,0,0,0,0,0,0,0,0,0,0,17
Cerastium arvense,Cerastium arvense,Cerastium arvense L.,0,0,0,0,0,0,0,0,0,0,0,0,0.5,0,0,0,0,0,0,0,0,0,0,0,0,0,0,0,0,0,0,0,0,0,0,0,0,0,0,0,0,0,0,0,0,0,0,0,0,0,0,0,0,0,2,0,0,0,0,0,0,0,0,0,0,0,0,0,0,0,0,0,0,0,0,0,0,0,0
Cerastium maximum,Cerastium maximum,Cerastium maximum L.,0,0,0,4,0,0,0,0,0,0,1,0,0,0,0,0,0,0,0,0,0,0,0,0,0,0,1,0,0,0,0,0,0,0,0,0,0,0,0,0,0,0,0,1,0,0,0,1,0,0,0,2,0,0,0,0,0,0,1,0,0,0,0,0,1,0,0,0,0,0,0,0,0,0,0,0,6,3,0
Cerastium regelii,Cerastium regelii,Cerastium regelii Ostenf.,0.5,0,0,0,0,0,0,0,0,0,0,0,0,0,0,0,0,0,0,0,0,0.5,1,0,0,1,2,1,0,0,0,1,0,0,0,1,1,0,0,2,0,3,0,0,0,1,0,0,1,3,0,0,1,0,3,0,0,0.5,0,2,0,0,3,0,0,0,0,0,0,0,0,2,0,0,0,2,0,0,0
Cerastium species,Cerastium species,Cerastium species ,0,0,0,0,0,0,0,0,0,0,0,0,0,0,0,0,0,0,0,0,0,0,0,0,0,0,0,0,0,0,0,0,0,0,0,0,0,0,0,0,0,0,0,0,0,0,0,0,0,0,0,0,0.5,0,1,0,0,0,0,0,0,0,0,0,0,0,0,0,0,0,0,0,0,0,0,0,0,0,0
Ceratodon purpureus,Ceratodon purpureus,Ceratodon purpureus (Hedw.) Brid.,0,0,0,0.5,0,0,0,0,0,0,0,0,0,0,0,0,0,0,0,0,0,0,0,0,2,0,0,0,0,0,0,0,0,0,0,0,0,0,0,0,0,0,0,0,0,0,0,0,0,0,0,0,0,0,0,0,0,0,0,0,0,0,0,0,0,0,0,0,0,0,0,0,0,0,0,0,0,3,2
Cetraria ericetorum,Cetraria ericetorum,Cetraria ericetorum Opiz,0,0,1,0,0,0,0,0,0,0,0,0,0,0,0,0,0,0,0,0,0,0,0,0,0,0,0,0,0,0,0,0,0,0,0,0,0,0,0,0,0,0,0,0,0,0,0,0,0,0,0,0,0,0,0,0,0,0,0,0,0,0,0,0,0,0,0,0,0,0,0,0,0,0,0,0,0,0,0
Cetraria islandica,Cetraria islandica,Cetraria islandica (L.) Ach.,0,5,2,0,4,3,2,2,2,5,3,3,0,0,0,3,0,2,3,0,1,3,0,0,2,2,3,0,0,0,0,0,3,0,2,0,0,0,2,0,0,1,0,2,2,2,2,0,0,0,2,2,2,3,0,0.5,2,1,0,3,0,5,0,0.5,3,3,2,2,2,1,0.5,0,2,0,0,0,1,1,3
Cetraria laevigata,Cetraria laevigata,Cetraria laevigata Rass.,0,1,0,0,0,1,1,0,1,2,0,0,0,2,0,0,2,0,0,0,0,0,0,0,0,2,0,0,0,0,0,0,0,0,1,0,0,2,0,0,2,2,0,0,0,1,0,2,0,0,2,0,3,0,0,0,2,2,0,0,0,0,0,0,0,0,0,2,0,0,1,0,0,0,0,0,0,0,0
Cetrariella delisei,Cetrariella delisei,Cetrariella delisei (Bory ex Schaer.) KÄrnef.,0,0,0,0,0,0,0,0,0,0,0,0,0,0,0,0,0,0,0,0,0,2,0,0,0,0,0,0,0,0,0,0,0,0,0,0,0,0,0,0,0,0,0,0,0,0,0,0,0,0,0,0.5,4,0,0,0,0,0,0,0,0,0,0,0,0,2,0,6,5,0,0,0,0,0,0,0,2,0,3
Cetrariella fastigiata,Cetrariella fastigiata,Cetrariella fastigiata (Bory ex Schaerer) KÄrnefelt & Thell,0,0,0,0,0,0,0,0,0,0,0,0,0,0,0,0,0,0,0,0,0,1,0,0,0,0,0,0,0,0,0,0,0,0,0,0,0,0,0,0,0,0,0,0,0,0,0,0,0,0,0,0.5,0.5,0,0,0,0,0,0,0,0,0,0,0,0,0,0,0,5,0,0,0,0,0,0,0,0,0,0
Chrysosplenium alternifolium,Chrysosplenium alternifolium,Chrysosplenium alternifolium L.,0,0,0,0,0,0,0,0,0,0,0,0,1,0,0,0,0.5,0,0,0,0,0,1,1,0,0,0,0,0,0,1,0.5,0,0,0,0,0.5,0,0,0,0,0,0,0,0,1,0.5,0,1,4,0,5,0.5,0,2,0,0,2,0,0,0,0,1,0,0,0,0,0,1,1,0.5,0,0,0,0,0,0,0,0
Cinclidium latifolium,Cinclidium latifolium,Cinclidium latifolium Lindb.,0,0,0,0,0,0,0,0,0,0,0,0,0,0,0,0,0,0,0,0,0,0,1,0,0,0,0,0,0,0,0,0,0,0,0,0,0,0,0,0,0,0,0,0,0,0,0,0,0,0,0,0,0,0,0,0,0,0,0,0,0,0,0,0,0,0,0,0,0,0,0,1,0,0,0,0,0,0,0
Cinclidium subrotundum,Cinclidium subrotundum,Cinclidium subrotundum Lindb.,0,0,0,0,0,0,0,0,0,0,0,0,0,0,0,0,0,0,0,0,0,0,0,0,0,0,0,0,0,2,0,0,0,0,0,0,0.5,0,0,2,0,0,0,0,0,0,0,0,0,0,0,0,0,0,0,0,0,0,0,0,0,0,0,0,0,0,0,0,0,0,0,1,0,0,0,2,0,0,0
Cladonia alascana,Cladonia alaskana,Cladonia alaskana A. Evans,0,0,0,0,0,0,0,0,0,0.5,0,0,0,0,0,0,0,0,0,0,0,0,0,0,0,0,0,0,0,0,0,0,0,0,0,0,0,0,0,0,0,0,0,0,0,0,0,0,0,0,0,0,0,0,0,0,0,0,0,0,0,0,0,0,0,0,0,0,0,0,0,0,0,0,0,0,0,0,0
Cladonia amaurocraea,Cladonia amaurocraea,Cladonia amaurocraea (FlÔrke) Schaer.,0,0,0,0,0,0.5,5,0,2,2,3,2,0,4,4,5,0,5,0,0,0,0,0,0,2,0,0,0,2,0,0,0,4,3,0,0,0,3,0,0,2,0,0,0,0,0,0,0,0,0,0,0,0,3,0,5,2,0,0,2,0,5,0,0,0,0,0,2,0,0,0,0,0,0,0,0,0,0,2
Cladonia arbuscula,Cladonia arbuscula s. lat.,Cladonia arbuscula s. lat. (Wallr.) Hale & W.Culb.,0,11,0,0,2,2,3,0,3,0,0,4,0,4,7,0,0,5,0,4,0.5,5,0,0,2,0,0,0,3,0,0,0,4,5,0,0,0,0,0,0,4,0,0,0,0,0,0,0,0,0,6,0,0,4,0,4,5,0,0,0,0,11,0,8,4,3,2,4,1,0,0,0,0,0,0,0,0,1,4
Cladonia bacillaris,Cladonia bacilliformis,Cladonia bacilliformis (Nyl.) GlÁck,0,0,0,0,0,0,0,0,0,0,0,0,0,0,0,0,0,0,0,0,0,0,0,0,0,0,0,0,0,0,0,0,0,0,0,0,0,0,0,0,0,0,0,0,0,0,0,0,0,0,0,0,0,0,0,0,0,0,0,0,0,0,0,0,0,0,0,0,0,0,0,0,0,0,1,0,0,0,0
Cladonia bellidiflora,Cladonia bellidiflora,Cladonia bellidiflora (Ach.) Schaer.,0,0,0,0,0,0,0,0,0,0,0,0,0,0,0,0,0,0,0,0,0,1,0,0,0,0,0,0,0,0,0,0,0,0,0,0,0,0,0,0,0,0,0,0,0,0,0,0,0,0,0,0,0,0,0,0,0,0,0,0,0,0,0,0,0,0,0,0.5,0,0,0,0,0,0,0,0,0,0,0
Cladonia cenotea,Cladonia cenotea,Cladonia cenotea (Ach.) Schaerer,0,0,0,0,0.5,0,0,0,0,0,0,0,0,0,0,0,0,0,0,0,0,0,0,0,0,0,0,0,0,0,0,0,0,0,0,0,0,0,0,0,0,0,0,0,0,0,0,0,0,0,0,0,0,0,0,0,0,0,0,0,0,0,0,0,0,0,0,0,0,0,0,0,0,0,0,0,0,0,0
Cladonia chlorophaea,Cladonia chlorophaea,Cladonia chlorophaea (Somm.) Spreng.,0,0,0,0.5,0,0,0,0,1,0,0,3,0,0,0,0,0,0,0,0,0,0,0,0,0,0,0,0,1,0,0,0,0,0,0,0,0,0,0,0,0,0,0,0,0,1,0,0,0,0,0,0,0,0,0,0,0,0,0,0,0,0,0,0,0,0,0,0,0,0,0,0,0,0,0,0,0,0,0
Cladonia coccifera,Cladonia coccifera s. lat.,Cladonia coccifera s. lat. (L.) Willd.,0,0,0,0,2,0.5,0,0,0.5,1,2,0,0,0,0,0,0,0,1,0,0,2,0,0,0,0,0,0,1,0,0,0,0,0,1,0,0,0,2,0,0,0,0,0,0,0,0,0,0,0,0,0,0,3,0,1,0,0,0,0,0,5,0,2,1,0.5,0,0,2,0,0,0,0,0,0,0,1,1,2
Cladonia crispata v. cetrariiformis,Cladonia crispata s. lat.,Cladonia crispata s. lat. (Ach.) Flot.,0,0,0,0,0,0,0,0,0,0,0,0,0,0,0,0,0,1,0,0,0,0.5,0,0,0,0,0,0,0,0,0,0,0,0,0,0,0,0,0,0,0,0,0,0,0,0,0,0,0,0,0,0,0,0,0,0,0,0,0,0,0,0,0,0,0,0,0,0.5,0,0,0,0,0,0,0,0,0,0,0
Cladonia ecmocyna,Cladonia ecmocyna,Cladonia ecmocyna Leight.,0,0,0,0,0,0,0,0,0,0,0,0,0,0,0,0,0,0,0,0,0,0.5,0,0,0,0,0,0,0,0,0,0,0,0,0,0,0,0,0,0,0,0,0,0,0,0,0,0,0,0,0,0,0,0,0,0,0,0,0,0,0,0,0,0,0,0,0,0,0,0,0,0,0,0,0,0,0,0,0
Cladonia furcata,Cladonia furcata,Cladonia furcata (Huds.) Schrad.,0,0,0,0,0,0,0,0,0,0,0,0.5,0,0,0,0,0,0,0,0,0,1,0,0,0,0,0,0,0,0,0,0,0,0,0,0,0,0,0,0,0,0,0,0,0,0,0,0,0,0,0,0,0,0,0,0,0,0,0,1,0,0,0,0,0,0,0,0,0,0,0,0,0,0,0,0,0,0,0
Cladonia gracilis,Cladonia gracilis s. lat.,Cladonia gracilis s. lat. (L.) Willd.,0,2,0,0,0,0,4,0,0,3,0,2,0,0,4,0,5,0,0,2,5,0,0,0,2,0,0,0,2,0,0,0,5,4,0,0,0,3,3,0,3,1,0,0,2,0,0,0,0,0,2,0,0,3,0,4,3,0.5,0,2,0,6,0,5,3,0,1,2,1,0,0,0,0,0,0,0,0,0,3
Cladonia gracilis s. gracilis,Cladonia gracilis s. lat.,Cladonia gracilis s. lat. (L.) Willd.,0,0,0,0,0,0,0,0,0,0,0,0,0,0,0,0,0,0,0,0,0,0,0,0,0,0,0,0,0,0,0,0,0,0,0,0,0,0,0,0,0,0,0,0,0,0,0,0,0,0,0,0,0,0,0,0,0,0,0,0,0,0,0,0,0,0.5,0,0,0,0,0,0,0,0,0,0,0,0,0
Cladonia gracilis v. elongata,Cladonia macroceras,Cladonia macroceras (FlÔrke) Ahti,0,0,0,0,0,0,0,0,0,0,0,0,0,4,0,0,0,0,0,0,0,0,0,0,0,0,0,0,0,0,0,0,0,0,0,0,0,0,0,0,0,0,0,0,0,0,0,0,0,0,0,0,0,0,0,0,0,0,0,0,0,0,0,0,0,0,0,0,0,0,0,0,0,0,0,0,0,0,0
Cladonia gracilis v. gracilis,Cladonia gracilis s. lat.,Cladonia gracilis s. lat. (L.) Willd.,0,0,0,0,0,0,0,0,0,0,0,0,0,0,0,0,0,0.5,0,0,5,0,0,0,0,0,0,0,0,0,0,0,0,0,0,0,0,0,0,0,0,0,0,0,0,0,0,0,0,0,0,0,0,0,0,0,0,0,0,0,0,0,0,0,0,0,0,0,0,0,0,0,0,0,0,0,0,0,0
Cladonia macroceras,Cladonia macroceras,Cladonia macroceras (FlÔrke) Ahti,0,0,0,1,1,0,0,2,1,0,0,0,0,0,0,0,0,0,0,0,0,0,0,0,0,0,0,0,0,0,3,0,0,0,0,0,0,0,0,0,0,0,0,0,0,2,0,0,0,0,0,0,0,0,0,0,0,0,0.5,0,0,0,0,0,0.5,0,0,1,0,0,0,0,0,0,0,0,1,0,0
Cladonia phyllophora,Cladonia phyllophora,Cladonia phyllophora Hoffm.,0,0,0,0,0,0,0,0,0,0,0,0.5,0,0,0,0,0,0,0,0,0,0,0,0,0,0,0,0,0,0,0,0,0,0,0,0,0,0,0,0,0,0,0,0,0,0,0,0,0,0,0,0,0,0,0,0,2,0,0,0,0,0,0,0,0,0,0,0,0,0,0,0,0,0,0,0,0,0,0
Cladonia pleurota,Cladonia pleurota,Cladonia pleurota (FlÔrke) Schaer.,0,1,0,0,0,0,0,0.5,0,1,0,2,0,0,2,0,2,0,0.5,2,0,2,0,0,0,0,0,0,0,0,0,0,0,0,0,0,0,0,0,0,0,0,0,0,0,0,0,0,0,0,2,0,0,1,0,0,0,0,0,0,0,0,0,0,0,0,0,0,0,0,0,0,0,0,0,0,0,0,0
Cladonia pocillum,Cladonia pocillum,Cladonia pocillum (Ach.) O.Rich,0,0,0,0,0,0,0,0,0,0,0,0,0,0,0,0,0,0,0,0,0,0,0,0,0,0,0,0,0,0,0,0,0,0,0,0,0,0,0.5,0,0,0,0,0,0,0,0,0,0,0,0,0,0,0,0,0,0,0,0,0,0,0,0,0,0,0,0,0,0,0,0,0,0,0,0,0,0,0,0
Cladonia pyxidata,Cladonia pyxidata,Cladonia pyxidata (L.) Hoffm.,0,0,0,0,0,0,0,0,0.5,1,0,0,0,0,0,0,0,0,0,0,0,0,0,0,0,0,0,0,0,0,0,0,0,0,0,0,0,0,0,0,0,0,0,0,0,0,0,0,0,0,0,0,0,0,0,0,0,0,0,0,0,0,0,0,0.5,0,0,0,0,0,0,0,0,0,0,0,0,0,0
Cladonia rangiferina,Cladonia rangiferina,Cladonia rangiferina (L.) Nyl.,0,0,0,0,0,1,0,0,1,2,0,0,0,4,3,0,0,4,0,3,2,2,0,0,2,0,0,0,0,0,0,0,3,3,0,0,0,0,0,0,2,0,0,0,0,0,0,0,0,0,3,0,0,5,0,2,3,0,0,0,0,0,0,15,3,0,0,2,2,0,0,0,0,0,0,0,0,0,3
Cladonia stricta,Cladonia stricta s. lat.,Cladonia stricta s. lat. (Nyl.) Nyl.,0,0,0,0,0.5,0,0,0,0,0,0,0,0,0,0,0,0,0,0,0,0,0,0,0,0,0,0,0,0,0,0,0,0,0,0,0,0,0,0,0,0,0,0,0,0,0,0,0,0,0,0,0,0,0.5,0,0,0,0,0,0,0,0,0,0,0,0,0.5,0,0,0,0,0,0,0,0,0,0,0,0
Cladonia stygia,Cladonia stygia,Cladonia stygia (Fr.) Ruoss,0,0,0,0,0,0,0,0,0,0,0,0.5,0,2,3,0,0,0,0,0,0,0,0,0,0,0,0,0,0,0,0,0,2,3,0,0,0,0,0,0,0,2,0,0,0,0,0,0,0,0,4,0,0,0,0,0,0,0,0,0,0,2,0,1,0,0,0,0,0.5,0,0,0,2,0,0,0,0,0,0
Cladonia sulphurina,Cladonia sulphurina,Cladonia sulphurina (Michx.) Fr.,0,0,0,0,0,0,0,0,0,0,0,0,0,0,3,0,0,0,0,0,0,0,0,0,0,0,0,0,0,0,0,0,0.5,0,0,0,0,0,0,0,0,0,0,0,0,0,0,0,0,0,0,0,0,0,0,0,0,0,0,0,0,0,0,0,0,0,0,0,0,0,0,0,0,0,0,0,0,0,0
Cladonia uncialis,Cladonia uncialis,Cladonia uncialis (L.) Wigg.,0,0,0,0,0,0,0,0,1,0,0,1,0,2,0,0,0,0,0,0,0,0,0,0,0,0,0,0,2,0,0,0,3,2,1,0,0,0,0,0,2,0,0,0,0,0,0,0,0,0,2,0,0,0,0,0,0,0,0,1,0,6,0,6,0,2,0,2,2,0,0,0,0,0,0,0,0,0,2
Cochlearia arctica,Cochlearia arctica,Cochlearia arctica Schltdl.,0,0,0,0,0,0,0,0,0,0,0,0,0,0,0,0,0,0,0,0,0,0,0,0,0,0,0,0,0,0,0,0,0,0,0,0,0,0,0,0,0,0,3,0,0,0,0,0,0,0,0,0,0,0,0,0,0,0,0,0,0,0,0.5,0,0,0,0,0,0,0,0,0,0,0,0,0,0,0,0
Cochlearia groenlandica,Cochlearia groenlandica,Cochlearia groenlandica L.,0,0,0,0,0,0,0,0,0,0,0,0,0,0,0,0,0,0,0,0,0,0,0,0,0,0,0,0,0,0,0,0,0,0,0,0,0,0,0,0,0,2,0,0,0,0,0,0,0,0,0,0,0,0,0,0,0,0,0,0,0,0,0,0,0,0,0,0,0,0,0,0,0,0,0,0,0,0,0
Comarum palustre,Comarum palustre,Comarum palustre L.,0,0,0,0,0,0,0,0,0,0,0,0,0,0,0,0,0,0,0,0,0,0,0,0,0,0,0,0,0,0,0,4,0,0,0,2,2,0,0,0,0,0,0,0,0,0,0,0,0,0,0,0,0,0,0,0,0,0,0,0,0,0,0,0,0,0,0,0,0,0,0,3,0,6,2,3,0,0,0
Comastoma tenellum,Comastoma tenellum,Comastoma tenellum (Rottb.) Toyok.,0,0,0,0,0,0,0,0,0,0,0,0,0,0,0,0,0,0,0,0,0,0,0,0,0,0,0,0,0,0,0,0,0,0,0,0,0,0,0,0,0,0,1,0,0,0,0,0,0,0,0,0,0,0,0,0,0,0,0,0,0,0,0,0,0,0,0,0,0,0,0,0,0,0,0,0,0,0,0
Dactylina arctica,Dactylina arctica,Dactylina arctica (Richardson) Nyl.,0,1,1,0,0,2,2,0,2,2,2,0,0,2,1,0,2,2,0,1,2,0,0,0,1,0,2,0,2,0,0,0,2,1,1,0,0,0,2,0,1,0.5,0,0,2,0,0.5,2,0,0,2,0,0,4,0,2,2,0,1,1,0,2,0,2,3,2,0,2,0,0,0,0,1,0,0,0,0,2,1
Dactylina ramulosa,Dactylina ramulosa,Dactylina ramulosa (Hook.) Tuck.,0,0,0,0,0,0,0,0,0,0,0,2,0,0,0,0,0,0,0,0,0,0,0,0,0,0,0,0,0,0,0,0,0,0,0,0,0,0,0,0,0,0,0,0,0,0,0,0,0,0,0,0,0,0,0,0,0,0,0,0,0,0,0,0,0,0,0,0,0,0,0,0,0,0,0,0,0,0,0
Delphinium middendorffii,Delphinium middendorffii,Delphinium middendorffii Trautv.,0,0,0,1,0,0,0,0,0,0,0,0,0,0,0,0,0,0,0,0,0,0,0,0,0,0,0,0,0,0,0,0,0,0,0,0,0,0,0,0,0,0,0,0,0,0,0,0,0,0,0,0,0,0,0,0,0,0,0,0,0,0,0,0,0,0,0,0,0,0.5,0,0,0,0,0,0,0,1,0
Deschampsia borealis,Deschampsia borealis,Deschampsia sukatschewii s. borealis (Trautv.) Tzvelev,0,0,0,0,0,0,0,0,0,0,0,0,3,0,0,0,0,0,8,0,0,1,0,0,0,0,0,0,0,0,2,0,0,0,0,0,0,0,0,0,0,0,15,0,0,0,0,0,0,0,0,0,0,0,0,0,0,0,0,0,0,0,0,0,0,0,0,0,0,0,0,0,0,0,0,0,0,0,0
Deschampsia glauca,Deschampsia glauca,Deschampsia anadyrensis V.N. Vassil.,0,0,0,0,0,0,0,0,0,0,0,0,0,0,0,0,0,0,0,0,0,0,0,0,0,0,0,0,0,0,0,0,0,0,0,0,0,0,0,0,0,10,0,0,0,0,0,0,0,0,0,0,0,0,0,0,0,0,0,0,0,0,0,0,0,0,0,0,0,0,0,0,0,0,0,0,0,0,0
Dicranella schreberiana,Dicranella schreberiana,Dicranella schreberiana (Hedw.) Hilferty ex H. Crum & L.E. Anders.,0,0,0,0,0,0,0,0,0,0,0,0,0,0,0,0,0,0,0,0,0,0,0,0,0,0,0,0,0,0,0,0,0,0,0,0,0,0,0,0,0,0,0,0,0,0,0,0,0,0,0,0,0,0,0,0,0,0,0,0,0,0,0,0,0,0,0,0,0,0,0,0,0,0,0,0.5,0,0,0
Dicranum angustum,Dicranum angustum,Dicranum spadiceum J. E. Zetterst.,0,0,0,0,0,0,0,0,3,0,2,0,0,2,0,0,0,0,0,0,2,3,0,0,6,2,2,0,0,0,0,0,0,0,0,0,0,10,3,0,0,0,0,0,0,0,0,0,0,0,3,0,2,8,0,0,0,0,0,0,0,3,0,10,0,0,0,3,15,0,0,0,3,0,5,2,0,0,4
Dicranum elongatum,Dicranum elongatum,Dicranum elongatum Schleich. ex Schwaegr.,0,0,0,0,0,0,2,0,2,3,0,0,0,2,5,0,0,0,0,0,0,0,0,0,6,0,0,0,6,0,0,0,7,0,2,0,0,0,0,0,0,0,0,0,0,0,0,0,0,0,3,0,1,7,0,0,0,0,0,0,0,2,0,0,0,0,0,1,0,0,0,0,0,0,0,0,0,0,3
Dicranum flexicaule,Ditrichum flexicaule,Ditrichum flexicaule (Schwaegr.) Hampe,0,0,0,0,0,0,3,0,0,3,2,2,0,0,0,1,0,0,0,0,2,0,0,0,0,0,0,0,6,0,0,0,0,0,0,0,0,0,3,0,0,0,0,0,0,0,0,5,0,0,0,0,0,0,0,0,0,0,0,0,0,0,0,5,0,0,0,0,0,0,0,0,0,0,0,0,0,0,3
Dicranum spadiceum,Dicranum spadiceum,Dicranum spadiceum J. E. Zetterst.,0,0,0,0,0,0,3,0,2,4,2,2,0,0,5,1,5,2,2,0,3,3,0,0,0,0,0,0,0,0,0,0,0,0,0,0,0,10,3,0,2,0,0,0,0,0,0,0,0,0,3,0,0,0,0,0,0,0,0,0,0,0,0,0,7,0,0,2,15,0,0,0,0,0,0,0,0,0,0
Dicranum species,Dicranum species,Dicranum species ,0,0,0,0,0,0,0,0,0,0,0,0,0,0,0,0,0,0,0,0,0,0,0,0,0,0,0,0,0,0,0,0,0,0,0,0,0,0,0,0,0,0,0,0,0,0,0,0,0,0,0,0,0,0,0,0,0,0,0,0,0,0,0,0,0,7,0,0,0,0,0,0,0,0,0,0,0,0,0
Distichium capillaceum,Distichium capillaceum,Distichium capillaceum (Hedw.) Bruch & Schimp.,0,0,0,0,0,0,0,0,0,0,0,0,1,0,0,0,0,0,0,0,0,0,0,0,0,1,0,0,0,0,35,0,0,0,2,0,0,0,0,0,0,0,2,0,0,0,0,0,0,0,0,0,0,0,0,0,0,0,0,0,0,0,0,0,0,0,0,0,0,0,0,0,0,0,0,0,0,0,0
Ditrichum capollaceum,Distichium capillaceum,Distichium capillaceum (Hedw.) Bruch & Schimp.,0,0,0,1,0,0,0,0,0,0,1,0,0,0,0,0,0,0,0,0,0,0,0,0,0,0,0,0,0,0,0,0,0,0,0,0,0,0,0,0,0,0,0,0,0,0,0,0,0,0,0,0,0,0,0,0,0,0,0,0,0,0,0,0,0,0,0,0,0,0,0,0,0,0,0,0,0,0,0
Ditrichum cylindricum,Ditrichum cylindricum,Trichodon cylindricus (Hedw.) Schimp.,0,0,0,0,0,0,0,0,0,0,0,0,0,0,2,0,0,0,0,0,0,0,0,0,0,0,0,0,0,0,0,0,0,0,2,0,0,0,0,0,0,0,0,0,0,0,0,0,0,0,0,0,0,0,0,0,0,0,0,0,0,0,0,0,0,0,0,0,0,0,0,0,0,0,0,0,0,0,0
Ditrichum flexicaule,Ditrichum flexicaule,Ditrichum flexicaule (Schwaegr.) Hampe,0,0,0,0,0,0,0,1,1,0,0,0,0,1,0,1,0,0,2,1,0,0,0,0,1,2,0,0,0,0,1,0,0,0,0,0,0,0,0,0,0,0,0,0,0,0,0,0,0,0,0,0,0,0,0,0,0,0,0,2,0,0,0,0,0,0,1,0,0,0,0,0,0,0,0,0,0,0,0
Draba glacialis,Draba glacialis,Draba glacialis Adams,0,0,0,0,0,0,0,0,0,0,0,0,0,0,0,0,0,0,0,0,0,0,0,0,0,0,0,0,0,0,0,0,0,0,0,0,0,0,0,0,0,0,0,0,0,0,0,0,0,0,0,0.5,0,0,0,0,0,0,2,0,0,0,0,0,0,0,0,0,0,0,0,0,0,0,0,0,0,0,0
Draba hirta,Draba hirta ?,Draba glabella Pursh,0,0,0,0,0,0,0,0,0,0,0,0,0,0,0,0,0,0,0,0,0,0,0,0,0,0,0,0,0,0,0,0,0,0,0,0,0,0,0,0,0,2,0,0,0,0,0,0,0,0,0,0,0,0,0,0,0,0,1,0,0,0,0,0,0,0,0,0,0,0.5,0,0,0,0,0,0,0,1,0
Draba nivalis,Draba nivalis,Draba nivalis Lilj.,0,0,0,0,0,0,0,0,0,0,0,0,0,0,0,0,0,0,0,0,0,0,0,0,0,0,0,0,0,0,0,0,0,0,0,0,0,0,0,0,0,0,0,0,0,0,0,0,0,0,0,0,0,0,0,0,0,0,0,0,0,0,0,0,0,0,0,0,0,0,0,0,0,0,0,0,0,1,0
Draba oblongata,Draba oblongata,Draba pauciflora R. Br.,0,0,0,0,0,0,0,0,0,0,0,0,0,0,0,0,0,0,0,0,0,0,0,0,0,0,0,0,0,0,0,0,0,0,0,0,0,0,0,0,0,0,0,0,0,0,0,1,0,0,0,0,0,0,0,1,0,0,0,0,0,0,0,0,0,0,0,0,0,0,0,0,0,0,0,0,0,0,0
Draba sibirica,Draba sibirica,Draba sibirica (Pall.) Thell.,0,0,0,0,0.5,0,0,0,0,0,0,0,0,0,0,0,0,0,0,0,0,0,0,0,0,0,0,0,0,0,0,0,0,0,0,0,0,0,0,0,0,0,0,0,0,0,0,0,0,0,0,0,0,0,0,0,0,0,0,0,0,0,0,0,0,0,0,0,0,2,0,0,0,0,0,0,0,0,0
Draba species,Braya species,Braya species ,0,0,0,0,0,0,0,0,0,0,0,0,0,0,0,0,0,0,0,0,0,0,0,0,0,0,0,0,0,0,0,0,0,0,0,0,0,0,0,0,0,0,0,1,0,0,0,0,0,0,0,0,0,0,0,0,0,0,0,0,0,0,0,0,0,0,0,0,0,0,0,0,0,0,0,0,1,0,0
Drepanocladus aduncus,Drepanocladus aduncus,Drepanocladus aduncus (Hedw.) Warnst.,2,0,0,0,0,0,0,0,0,0,0,0,2,0,0,0,0,0,0,0,0,0,0,0,0,0,0,0,0,0,0,0,0,0,0,0,1,0,0,0,0,0,0,0,0,0,0,0,0,0,0,0,0,0,0,0,0,0,0,0,0,0,0,0,0,0,0,0,0,0,0,0,0,0,0,0,0,0,0
Drepanocladus polygamus,Campylium polygamum,Campylium polygamum (Schimp.) C. Jens.,0,0,0,0,0,0,0,1,0,0,0,0,2,0,0,0,0,0,2,0,0,0,0,0,0,1,0,0,0,0,2,0,0,0,0,0,2,0,0,0,0,0,3,0,2,0,0,0,0,0,0,0,0,0,0,0,0,0,0,10,0,0,10,0,0,0,1,0,0,0,2,0,0,0,0,3,0,0,0
Dryas octopetala,Dryas octopetala,Dryas octopetala L.,0,0,0,0,0,0,0,0,0,0,0,0,0,0,0,0,0,0,0,0,0,0,0,0,3,0,0,0,0,0,0,0,0,0,0,0,0,0,0,0,0,0,0,0,0,0,0,0,0,0,0,0,0,0,0,0,0,0,0,0,0,0,0,0,0,0,0,0,0,0,0,0,0,0,0,0,0,3,3
Dryas punctata,Dryas punctata,Dryas punctata Juz.,1,20,11,4,0,15,11,12,10,35,15,11,0,4,6,15,25,6,12,45,6,0,0,0,0,4,6,0,2,0,0,0,5,8,17,0,0,1,30,0,5,0,0,0,6,0,0,7,0,0,1,0,4,6,0,2,2,2,0,2,0,2,0,5,8,6,8,2,0,5,5,0,0,0,0,0,10,3,0
Dryas x vagans,Dryas x vagans,Dryas x vagans Juz.,0,0,0,1,0,2,0,3,2,0,0,0,0,0,0,0,5,2,0,0,0,0,0,0,1,0,0,1,0,0,0,0,0,0,0,0,0,0,0,0,0,0,0,0,0,0,0,0,0,0,0,0,0,0,0,2,2,0,0,0,0,0,0,0,2,0,0,0,0,1,0,0,0,0,0,0,0,0,0
Dupontia fischeri,Dupontia fisheri,Dupontia fisheri R. Br.,0,0,0,0,0,0,0,0,0,0,0,0,0,0,0,0,0,0,0,0,0,0,4,3,0,0,0,3,0,4,0,2,0,0,0,3,3,0,0,0,0,0,0,0,0,0,0,0,2,5,0,0,0,0,3,0,0,0,0,1,5,0,10,0,0,0,0,0,0,0,0,0,0,0,0,0,0,0,0
Encalypta alpina,Encalypta alpina,Encalypta alpina Sm.,0,0,0,0,0,0,0,0,0,0,0,0,0,0,0,0,0,0,0,0,0,0,0,0,0,0,0,0,0,0,1,0,0,0,0,0,0,0,0,0,0,0,0,0,0,0,0,0,0,0,0,0,0,0,0,0,0,0,0,0,0,0,0,0,0,0,0,0,0,0,0,0,0,0,0,0,0,0,0
Epilobium alpinum,Epilobium alpinum,Epilobium lactiflorum Hausskn.,0,0.5,0,0,0,0,0,0,0,0,0,0,0,0,0,0,0,0,0,0,0,0,0,0,0,1,0,0,0,0,0,0,0,0,0,0,0,0,0,0,0,0,0,0,0,0,0,0,0,0,0,0,0,0,0,0,0,0,0,0,0,0,0,0,0,0,0,0,0,0,0,0,0,0,0,0,0,0,0
Equisetum arvense,Equisetum arvense,Equisetum arvense L.,4,5,5,10,6,6,5,10,27,0,6,0,8,0,0,11,3,3,5,2,0,15,0,3,0,15,7,2,5,3,15,0,0,0,5,0,2,0,2,4,0,2,12,4,3,6,0,8,4,0,0,13,8,0,0,3,0,9,9,0,2,4,0,0,4,8,4,7,5,23,7,0,0,0,0,0,4,7,5
Equisetum scirpoides,Equisetum scirpoides,Equisetum scirpoides Michx.,0,0,0,0,0,0,0,0,0,0,0,0,0,0,0,0,0,0,0,0,0,0,0,0,0,0,0,0,0,0,0,0,0,0,0,0,0,0,2,0,0,0,0,0,0,0,0,0,0,0,0,0,0,0,0,0,0,0,0,0,0,0,0,0,0,0,0,0,0,0,0,0,0,0,0,0,0,0,0
Erigeron eriocephalus,Erigeron eriocephalus,Erigeron eriocephalus J. Vahl.,0,0,0,0,0,0,0,0,0,0,0,0,0,0,0,0,0,0,0,0,0,0,0,0,0,0,0,0,0,0,0,0,0,0,0,0,0,0,0,0,0,0,1,0,0,0,0,0,0,0,0,0,0,0,0,0,0,0,0.5,0,0,0,0,0,0,0,0,0,0,0,0,0,0,0,0,0,0,2,0
Eriophorum brachyantherum,Eriophorum brachyantherum,Eriophorum brachyantherum Trautv. & C.A. Mey.,0,4,0,0,0,0,0,0,0,0,0,0,0,0,0,0,0,0,0,0,0,0,0,0,0,3,0,0,0,0,0,0,0,2,3,0,0,0,0,0,10,0,0,0,3,0,0,0,0,0,0,0,0,0,0,0,0,0,0,0,0,0,0,0,0,1,6,0,0,0,0,0,0,0,0,0,0,0,0
Eriophorum polystachyon,Eriophorum polystachion,Eriophorum angustifolium Honck.,35,2,0,0,0,0,0,2,0,0,0,7,0,17,7,0,1,0,0,0,27,0,30,0,30,1,0,15,0,15,2,17,11,0,5,20,10,3,0,10,25,2,0,0,10,1,1,0,10,35,30,0,0,1,10,0,0,0,0,4,20,0,7,0,0,0,0,0,2,0,2,0,0,0,2,8,0,0,0
Eriophorum russeolum,Eriophorum russeolum,Eriophorum russeolum Fr. ex Hartm.,0,0,0,0,0,0,0,0,0,0,0,0,0,0,0,0,0,0,0,0,0,0,6,0,0,0,0,0,0,0,0,0,0,0,0,0,0,0,0,0,0,0,0,0,0,0,0,0,4,10,0,0,0,0,0,0,0,0,0,0,0,0,0,0,0,0,0,0,0,0,0,3,0,5,0,6,0,0,0
Eriophorum scheuchzeri,Eriophorum scheuchzeri,Eriophorum scheuchzeri Hoppe,0,0,0,0,2,0,0,2,0,0,0,0,0,0,0,0,0,0,1,0,0,3,0,0,0,0,0,0,0,0,4,0,0,0,0,0,0,0,0,0,0,0,0,0,0,0,0,0,0,0,0,0,0,0,0,0,0,0,0,0,0,0,3,3,0,0,0,0,0,0,0,0,0,0,0,0,0,0,0
Eriophorum vaginatum,Eriophorum vaginatum,Eriophorum vaginatum L.,2,0,0,0,0,0,0,0,0,0,0,0,0,0,2,0,0,0,0,0,0,0,0,0,7,0,0,0,0,0,0,0,0,2,0,0,0,0,0,0,0,0,0,0,0,0,0,0,0,0,0,0,0,0,0,0,0,0,0,0,0,0,0,0,0,0,0,0,0,0,0,0,0,0,0,0,0,0,0
Eritrichium villosum,Eritrichium villosum,Eritrichium villosum (Ledeb.) Bunge,0,0,0,0,0,0,0,0,0,0,0,0,0,0,0,0,0,0,0.5,0,0,0,0,0,0,1,0,0,0,0,0,0,0,0,0,0,0,0,0,0,0,0,0,0,0,1,0,0,0,0,0,0,0,0,0,0.5,0,0,0,0,0,0,0,0,0,0,0,0,0,0,0,0,0,0,0,0,0,0,0
Eurynchiastrum pulchellum,Unknown forb,Unknown forb,0,0,0,0,0,0,0,0,0,0,1,0,0,0,0,0,0,0,0,1,0,0,0,0,0,0,0,0,0,0,0,0,0,0,0,0,0,0,0,0,0,0,0,0,0,0,0,2,0,0,0,0,0,0,0,0,0,0,0,0,0,0,0,0,0,0,0,0,0,0,0,0,0,0,0,0,0,0,0
Eutrema edwardsii,Eutrema edwardsii,Eutrema edwardsii R. Br.,0,0,0.5,0,0,0.5,0,1,0,0,1,0,0,0,0.5,1,0,2,1,0,0,0,0,0,0,1,0,0,0,0,0,0,0,0,0,0,0,0,1,0,0,0,0,0,0,0,0,1,0,0,0,0,1,0,0,0,1,2,0.5,0,0,0,0,0,0,0,0,0,0,0.5,0.5,0,0,0,0,0,0,0,0
Festuca brachyphylla,Festuca brachyphylla,Festuca brachyphylla Schult.,0,0,0,0,0,0,0,0,1,0,0,0,0,0,0,0,0,0,0,0,0,0,0,0,0,0,0,0,0,0,0,0,0,0,0,0,0,0,0,0,0,0,0,0,0,0,0,0,0,0,0,0,0,0,0,0,0,0,0,0,0,0,0,0,0,0,0,0,0,0,0,0,1,0,0,0,0,3,0
Festuca ovina,Festuca ovina [s. ovina],Festuca ovina [s. ovina] L.,0,1,0,3,0,1,2,0,0,2,0,2,0,0,0,0,0,0,0,4,0,0,0,0,0,0,2,0,5,0,0,0,0,2,0,0,0,0,2,0,0,0,0,3,0,0,0,0,0,0,0,0,0,2,0,0,0,0,0,0,0,0,0,0,2,1,0,0,0,0,0,0,0,0,0,0,0,0,0
Festuca rubra,Festuca rubra,Festuca rubra L.,0,0,0,0,0,0,0,0,0,0,0,0,0,0,0,0,0,0,0,0,0,0,0,0,0,0,0,0,0,0,0,0,0,0,0,0,0,0,0,0,0,0,0,2,0,0,0,0,0,0,0,0,0,0,0,0,0,0,0,0,0,0,0,0,0,0,0,0,0,0,0,0,0,0,0,0,3,4,0
Festuca rubra subsp. arctica,Festuca rubra s. arctica ?,Festuca rubra s. richardsonii (Hook.) HultÂn,0,0,0,0,0,0,0,0,0,0,0,0,0,0,0,0,0,0,0,0,0,0,0,0,0,0,0,0,0,0,0,0,0,0,0,0,0,0,0,0,0,0,0,0,0,2,0,0,0,0,0,0,0,0,0,0,0,0,0,0,0,0,0,0,0,0,0,0,0,0,0,0,0,0,0,0,0,0,0
Festuvca ovina var. vivipara,Festuca ovina taxon vivipara,Festuca vivipara (L.) Sm.,0,0,0,0,0,0,0,0,0,0,0,0,0,0,0,0,0,0,0,0,0,0,0,0,0,0,4,0,0,0,0,0,0,0,0,0,0,0,2,0,0,0,4,0,0,0,0,0,0,0,0,0,0,0,0,0,0,0,0,0,0,0,0,0,0,0,0,0,0,0,1,0,0,0,0,0,0,0,0
Flavocetraria cucullata,Flavocetraria cucullata,Flavocetraria cucullata (Bell.) KÄrnefelt & Thell,0,2,1,1,2,1,2,1,2,1,2,2,0,3,2,1,2,2,2,3,0.5,0,0,0,2,2,1,0,2,0,0,0,2,3,0,0,0,0,2,0,2,0.5,0,2,1,1,0,2,0,0,3,1,0,2,0,2,1,0.5,2,2,0,5,0,2,3,0,2,0,1,0.5,1,0,2,0,0,0,0,2,3
Flavocetraria nivalis,Flavocetraria nivalis,Flavocetraria nivalis (L.) KÄrnefelt & Thell,0,0,0,0,0,2,0,0,0,2,0,2,0,0,0,0,0,0,0,2,0,0,0,0,0,0,0,0,0,0,0,0,0,2,0,0,0,0,0,0,0,1,0,0,0,0,0,0,0,0,0,0,0,0,0,0,0,0,0,0,0,0,0,0,2,0,0,0,0,0,0,0,0,0,0,0,1,0.5,4
Gastrolychnis angustiflora,Gastrolychnis angustiflora,Silene involucrata s. involucrata (Cham. & Schltdl.) Bocquet,0,0,0,0,0,0,0,0,0,0,0,0,0,0,0,0,0,0,0,0,0,0,0,0,0,1,1,0,0,0,0,0,0,0,0,0,0,0,0,0,0,0,0,0,0,0,0,0,0,0,0,0,0,0,0,0,0,0,0,0,0,0,0.5,0,0,0,0,0,0,1,0,0,0,0,0,0,0,0,0
Gastrolychnis apetala,Gastrolychnis apetala,Silene wahlbergella Chowdhuri,0,0,0,2,0,0,0,0,0,0,0,0,0,0,0,0,0,0,0,0,0,0,0,0,0,0,0,0,0,0,0,0,0,0,0,0,0,0,0,0,0,0,0,0,0,0,0,0,0,0,0,0,0,0,0,0,0,0,0,0,0,0,0,0,0,0,0,0,0,0,0,0,0,0,0,0,0,0,0
Gastrolychnis involucrata,Gastrolychnis involucrata,Silene involucrata (Cham. & Schltdl.) Bocquet,0,0,0,0,0,0,0,0,0,0,0,0,0,0,0,0,0,0,1,0,0,0,0,0,0,0,0,0,0,0,0,0,0,0,0,0,0,0,0,0,0,0,0,0,0,0,0,0,0,0,0,0,0,0,0,0,0,0,0,0,0,0,0,0,0,0,0,0,0,0,0,0,0,0,0,0,2,0,0
Hamatocaulis vernicosus,Hamatocaulis vernicosus,Hamatocaulis vernicosus (Mitt.) Hedenas,2,0,0,0,0,0,0,0,0,0,0,0,0,0,0,0,0,0,0,0,0,0,1,1,2,0,0,0,0,1,0,4,0,0,0,2,1,0,0,2,0,0,0,0,1,0,0,0,0,0,0,0,0,0,0,0,0,0,0,0,0,0,0,0,0,0,0,0,0,0,0,3,0,0,1,2,0,0,0
Hedysarum arcticum,Hedysarum arcticum,Hedysarum hedysaroides s. arcticum (B. Fedtsch.) P.W. Ball,0,0,0,0,0,0,0,0,0,0,0,0,0,0,0,12,2,0,0,0,0,0,0,0,0,0,0,0,0,0,0,0,0,0,5,0,0,0,2,0,0,0,0,0,0,0,0,0,0,0,0,0,0,0,0,0,0,0,0,0,0,0,0,0,3,0,3,0,0,0,0,0,0,0,0,0,11,8,0
Hierochloe alpina,Hierochloű alpina,Hierochloű alpina (Sw.) Roem. & Schult.,0,0,0,0,0,0,0,0,0,0,0,0,0,0,0,0,0,0,0,4,0,0,0,0,0,0,0,0,0,0,0,0,0,0,0,0,0,0,0,0,0,0,0,0,0,0,0,0,0,0,0,0,0,0,0,0,0,0,0,0,0,0,0,0,4,0,0,0,0,0,0,0,0,0,0,0,0,0,0
Hierochloe pauciflora,Hierochloű pauciflora,Hierochloű pauciflora R. Br.,0,0,0,0,0,0,0,2,0,0,0,0,0,0,0,0,0,0,0,0,0,0,2,0,0,0,0,0,0,2,0,1,0,0,0,2,0,0,0,0,0,0,0,0,0,0,0,0,0,0,0,0,0,0,0,0,0,0,0,0,0,0,0,0,0,0,0,0,0,0,0,0,0,0,0,0,0,0,0
Hippuris vulgaris,Hippuris vulgaris,Hippuris vulgaris L.,0,0,0,0,0,0,0,0,0,0,0,0,0,0,0,0,0,0,0,0,0,0,0,0,0,0,0,0,0,0,0,0,0,0,0,0,0,0,0,0,0,0,0,0,0,0,0,0,0,0,0,0,0,0,0,0,0,0,0,0,0,0,0,0,0,0,0,0,0,0,0,0,0,1,0,0,0,0,0
Huperzia arctica,Huperzia arctica,Huperzia arctica (Grossh. ex Tolm.) Sipliv.,0,0.5,0,0,0,0,0,0.5,0,0,0,0,0,0,0,0,0,0,0,1,0,3,0,0,0,0,0,0,0,0,0,0,0,0,0,0,0,0,0,0,0,0,0,0,0,0,0,0,0,0,0,0,0,0,0,0,0.5,0,0,0,0,0,0,0.5,0,0,0,1,0,0,0,0,0,0,0,0,0,0,0
Hylocomium splendens,Hylocomium splendens,Hylocomium splendens (Hedw.) Schimp.,17,6,2,0,4,7,30,10,6,8,25,25,0,25,15,7,20,5,2,4,10,0,1,10,10,12,12,0,12,0,1,5,40,4,10,0,0,50,45,2,30,0,0,0,45,0,20,5,0,0,10,2,15,30,0,25,25,15,15,12,0,30,0,10,5,20,12,3,10,5,7,0,1,0,35,2,3,4,6
Hypnum cupressiforme,Hypnum cupressiforme,Hypnum cupressiforme Hedw.,0,0,0,0,0,0,0,0,0,0,2,0,0,0,0,1,0,0,0,0,0,0,0,0,0,0,0,0,0,0,0,0,0,0,0,0,0,0,0,0,0,0,0,0,0,0,0,5,0,0,0,0,0,0,0,0,0,0,0,0,0,0,0,0,0,0,0,0,0,0,0,0,0,0,0,0,0,0,0
Hypnum pratense,Hypnum pratense,Hypnum pratense J. Koch ex Spruce,0,0,0,0,0,0,0,0,0,0,0,0,0,0,0,0,0,0,0,0,0,0,0,0,0,0,0,0,0,0,0,0,0,0,0,0,0,0,0,0,0,0,0,0,0,0,0,0,0,0,0,0,0,0,0,0,0,0,0,0,0,0,3,0,0,0,0,0,0,0,0,0,0,0,0,0,0,0,0
Hypogymnia species,Hypogymnia species,Hypogymnia species ,0,0,0,0,0,0,0,0,0,0,0,0,0,0,0,0,0,0,0,1,0,0,0,0,0,0,0,0,0,0,0,0,0,0,0,0,0,0,0,0,0,0,0,0,0,0,0,0,0,0,0,0,0,0,0,0,0,0,0,0,0,0,0,0,0,0,0,0,0,0,0,0,0,0,0,0,0,0,0
Hypogymnia subobscura,Hypogymnia subobscura,Hypogymnia subobscura (Vainio) Poelt,0,0,0,0,0,0,0,0,0,0,0,0,0,0,0,0,0,0,0,0,0,0,0,0,0,0,0,0,0,0,0,0,0,0,0,0,0,0,0,0,0,0,0,0,0,0,0,0,0,0,0,0,0,0,0,0,0,0,0,0,0,0,0,0,0,0,0,0,0.5,0,0,0,0,0,0,0,0,0,0
Juncus arcticus,Juncus arcticus,Juncus arcticus Willd.,0,2,0,0,0,0,0,0,0,0,0,0,0,0,0,0,0,0,0,0,0,0,0,0,0,0,0,0,0,0,0,0,0,0,0,0,0,0,0,0,0,0,0,0,0,0,0,0,0,0,0,0,0,0,0,0,0,0,0,0,0,0,0,0,0,0,0,0,0,0,0,0,0,0,3,0,0,0,0
Juncus biglumis,Juncus biglumis,Juncus biglumis L.,0,0,0,0,0,0,0,0.5,0,0,0,0,0,0,0,0,0,0,0,0,0,0,0,0,0,1,0,1,0,0,1,0,0,0.5,0,0,0,0,0,0,1,0,0,0,0,0,0,0,0,0,0,0,0,0,0,0,0,0,0,0,0,0,0,0,0,0,0,0,1,0,0,0,0,0,0,0.5,0,0,0
Koeleria asiatica,Koeleria asiatica,Koeleria asiatica Domin,0,0,0,0,0,0,1,0,0,1,0,0,0,0,0,0,0,0,0,0,0,0,0,0,0,0,0,0,0,0,0,0,0,0,0,0,0,0,0,0,0,0,0,0,0,0,0,0,0,0,0,0,0,0,0,0,0,0,0,0,0,0,0,0,0,0,0,0,0,0,0,0,0,0,0,0,0,1,0
Lagotis minor,Lagotis minor,Lagotis glauca s. minor (Willd.) HultÂn,1,1,1,0,2,0,1,1,0,0,1,2,1,1,1,0,2,1,2,0,2,1,0,0,0,0.5,0,0,0,1,3,0,2,1,2,0,0,0,1,0,2,0,0,0,2,1,5,1,0,0,0,0,6,2,1,2,1,0,2,1,0,1,0,2,1,5,2,0,5,3,5,0,0,0,0,0,0,0,1
Lecanora epibryon,Lecanora epibryon,Lecanora epibryon (Ach.) Ach.,0,0,0,0.5,0,0,0,0,0,0,0,0,0,0,0,0,0,0,0,0,0,0,0,0,0,0,0,0,0,0,0,0,0,0,0,0,0,0,0,0,0,0,0,0,0,0,0,0,0,0,0,0,0,0,0,0,0,0,0,0,0,0,0,0,0,0,0,0,0,0,0,0,0,0,0,0,0,0,0
Leptobryum pyriforme,Leptobryum pyriforme,Leptobryum pyriforme (Hedw.) Wils.,0,0,0,0,0,0,0,0,0,0,0,0,0,0,0,0,0,0,0,0,0,0,0,0,0,0,0,0,0,0,0,0,0,0,0,0,0,0,0,0,0,1,70,0,0,0,0,0,0,0,0,0,0,0,0,0,0,0,0,0,0,0,0,0,0,0,0,0,0,0,0,0,0,0,0,0,0,0,0
Limprichtia revolvens,Limprichtia revolvens,Limprichtia revolvens (Swartz) Loeske,3,0,0,0,0,0,0,0,0,0,0,0,0,0,0,0,0,0,0,0,0,0,20,0,0,0,0,0,0,0,2,0,0,0,0,0,0,0,0,0,0,0,0,0,0,0,0,0,0,0,0,0,0,0,0,0,0,0,0,0,0,0,0,0,0,0,0,0,0,0,0,3,0,0,0,12,0,0,0
Lloydia serotina,Lloydia serotina,Lloydia serotina (L.) Rchb.,0,0,0,0,0,0,0,0,0,0,0.5,0,0,0,0,0,0,0,0,1,0,0,0,0,0,0,1,0,0,0,0,0,0,0,0,0,0,0,1,0,0,0,0,1,0,0.5,0,1,0,0,0,2,0,0,0,0,0,0,1,0,0,0,0,0,0,0,0,0,0,0.5,0,0,0,0,0,0,1,0,0
Lobaria linita,Lobaria linita,Lobaria linita (Ach.) Rabenh.,0,0,0,0,0.5,0,0,0,0,0,0,0,0,0,0,0,0,0,0.5,0,0.5,0,0,0,0,0,0.5,0,0.5,0,0,0,0,0,0,0,0,0,0,0,0,0.5,0,0,0,0,0,0,0,0,0.5,0.5,0,0.5,0,0,0,0.5,0,0,0,0.5,0,0.5,0,0.5,0,0,0.5,0,0,0,0,0,0,0,0,0,0.5
Lopadium pezizoideum,Lopadium pezizoideum,Lopadium pezizoideum (Ach.) KÔrb.,0,0,0,0,0,0,0,0,0,0,0,0,0,0,0,0,0,0,0,0,0,0,0,0,0,0,0,0,0,0,0,0,0,0,0,0,0,0,0,0,0,0,0,0,0,0,0,0,0,0,0,0,0,0,0,0,0,0,0,0,0,0,0,0.5,0,0,0,0,0,0,0,0,0,0,0,0,0,0,0
Luzula confusa,Luzula confusa,Luzula confusa Lindeb.,0,0,0,1,0,1,0,0,0.5,3,2,0,0,0,2,3,2,0,0,1,0,0,0,0,0,0,2,0,1,0,0,0,2,0,0,0,0,0,0,0,0,0,0,2,0,0,1,2,0,0,1,0,0,2,0,0,0,0,0.5,2,0,2,0,2,0,1,0,0,0,2,2,0,0,0,0,0,2,3,1
Luzula frigida,Luzula frigida,Luzula multiflora s. frigida (Buchenau) V.I. Krecz.,0,0,0,0,0,0,0,0,0,2,0,0,0,0,0,0,0,0,0,0,0,0,0,0,0,0,0,0,0,0,0,0,0,0,0,0,0,0,0,0,0,0,0,0,0,0,0,0,0,0,0,0,0,0,0,0,0,0,0,0,0,0,0,0,0,0,0,0,0,0,0,0,0,0,0,0,0,0,0
Luzula nivalis,Luzula nivalis,Luzula nivalis (Laest.) Spreng.,0,1,0,0,0,0,0,0,0,0,0.5,0,0,0,0,0,0,0,0,0,0,0,0.5,0,0,0,0,0,0,0,0,0,0,2,0,0,0,0,1,0,0,0,0,0,0,0,0,0,0,0,0,0,1,0,0,0,0,1,0,0,0,0,0,3,0,3,0,0,0,0,0,0,0,0,0,0,2,0,0
Luzula tundricola,Luzula tundricola,Luzula kjellmaniana Miyabe & KudÓ,0,0,1,0,0,1,1,0,1,2,0,2,0,0,0,2,2,0,2,0,0,0,0,0,0,3,0,0,0,0,0,0,0,0,2,0,0,0,2,0,2,0,0,0,0,0,0,1,0,0,2,0,2,0,0,1,3,3,0,2,0,0,0,0,2,0,2,0,0,1,1,0,0,0,0,0,0,0,0
Luzula wahlenbergii,Luzula wahlenbergii,Luzula wahlenbergii Rupr.,0.2,0,0,0,0,0,0,0,0,0,0,0,0,0,0,0,0,0,0,0,0,0,1,0,0,0,0,0,0,0,0,0,0,0,0,0,0,0,0,0,0,0,0,0,0,0,0,0,0,0,0,0,0,0,0,0,0,0,0,0,0,0,0,0,0,0,0,0,0,0,0,0,0,0,2,2,0,0,0
Meesia triquetra,Meesia triquetra,Meesia triquetra (H. Richter) Aongstr.,0,0,0,0,0,0,0,0,0,0,0,0,0,0,0,0,0,0,0,0,0,0,0,0,0,0,0,0,0,0,0,0,0,0,0,0,0,0,0,0,0,0,0,0,0,0,0,0,0,0,0,0,0,0,0,0,0,0,0,0,0,0,0,0,0,0,0,0,0,0,0,0,0,0,0,2,0,0,0
Minuartia arctica,Minuartia arctica,Minuartia arctica (Steven ex Ser.) Graebn.,0,0,0,0,0,0,0,0,0,0,0,0,0,0,0,0,0,0,0,0,0,0,0,0,0,1,0,0,0,0,0,0,0,0,0,0,0,0,0,0,0,0,0,0,0,0,0,0,0,0,0,0,0,0,0,0,0,0,0,0,0,0,0,0,0,1,0,0,0,0,0,0,0,0,0,0,0,0,0
Minuartia macrocarpa,Minuartia macrocarpa,Minuartia macrocarpa (Pursh) Ostenf.,0,0,0,0,0,1,0,0,0,3,0,0,0,0,1,0,0,1,0,2,0,0,0,0,0,0,0,0,0,0,0,0,0,0,0,0,0,0,0,0,0,0,0,0,0,0,0,0,0,0,0,0,0,0,0,0,2,0,0,0,0,2,0,2,0,0,0,0,0,0,0,0,0,0,0,0,0.5,0,0
Mnium blyttii,Mnium blyttii,Mnium blyttii Bruch & Schimp.,0,0,0,0,0,0,0,0,0,0,0,0,0,0,0,0,0,0,0,0,0,0,0,0,0,1,0,0,0,0,0,0,0,0,0,0,0,0,0,0,0,0,0,0,0,0,0,0,0,0,0,0,0,0,0,0,0,0,0,0,0,0,0,0,0,0,0,0,0,0,0,0,0,0,0,0,0,0,0
Mnium lycopodioides,Mnium lycopodioides,Mnium ambiguum H. L. H. MÁll.,0,0,0,0,0,0,0,0,0,0,0,0,0,0,0,0,0,0,0,0,0,0,0,1,0,0,0,0,0,0,0,0,0,0,0,0,0,0,0,0,0,0,0,0,0,0,0,0,0,0,0,0,0,0,0,0,0,0,0,0,0,0,0,0,0,0,0,0,0,0,0,0,0,0,0,0,0,0,0
Mnium marginatum,Mnium marginatum,Mnium marginatum (Dicks. ex With.) P. Beauv.,0,0,0,0,0,0,0,0,0,0,0,0,0,0,0,0,0,0,0,0,0,0,0,0,0,0,0,0,0,0,0,0,0,0,0,0,0,0,0,0,0,0,0,0,0.5,0,0,0,0,0,0,0,0,0,0,0,0,0,0,0,0,0,0,0,0,0,0,0,0,0,0,0,0,0,0,0,0,0,0
Mnium species,Milium species,Milium species ,0,0,0,0,0,0,0,0,0,0,0,0,0,0,0,0,0,0,0,0,0,0,0,0,0,0,0,11,0,0,0,0,0,0,0,0,0,0,0,0,0,0,0,0,0,0,0,0,0,0,0,0,0,0,0,0,0,0,0,0,0,0,0,0,0,0,0,0,0,0,0,0,0,0,0,0,0,0,0
Mnium spinosum,Mnium spinosum,Mnium spinosum (Voit) Schwaegr.,0,0,0,0,0,0,0,0,0,0,0,0,0,0,0,0,0,0,0,0,0,0,0,0,0,0,0,0,0,0,0,0,0,0,0,0,0,0,0,0,0,0,0,0,0,0,0,0,0,0,0,0,0,0,0,0,0,0,0,0,0,0,0,0,0,0,0,0,0,0,0,0,0,0,0,0,0,2,0
Myosotis asiatica,Myosotis asiatica,Myosotis alpestris s. asiatica Vestergr.,0,0,0,5,4,2,2,2,0,0,2,0,0,1,1,1,0,0,1,0,1,1,0,0,2,3,1,0,0,0,2,0,0,1,0,1,0,0,2,0,1,0,0,2,2,2,2,1,0,0,0,10,1,0,2,0,0,2,2,1,0,0,0,0,2,2,1,0,0,3,4,0,0,0,0,0,1,1,0
Myosotis palustris,Myosotis palustris,Myosotis scorpioides L.,0,0,0,0,0,0,0,0,0,0,0,0,0,0,0,0,0,0,0,0,0,0,0,3,0,0,0,0,0,0,0,0,0,0,0,0,0,0,0,0,0,0,0,0,0,0,0,0,0,0,0,0,0,0,0,0,0,0,0,0,0,0,0,0,0,0,0,0,0,0,0,0,0,0,0,0,0,0,0
Myurella julacea,Myurella julacea,Myurella julacea (Schwaegr.) Schimp.,0,0,0,0,0,0,0,0,0,0,0,0,0,0,0,0,0,0,0,0,0,0,0,0,0,0,0,0,0,0,1,0,0,0,0,0,0,0,0,0,0,0,0,0,0,0,0,0,0,0,0,0,0,0,0,0,0,0,0,0,0,0,0,0,0,0,0,0,0,0,0,0,0,0,0,0,0,0,0
Myurella julacea,Myurella julacea,Myurella julacea (Schwaegr.) Schimp.,0,0,0,0.1,0,0,0,0,0,0,0,0,0,0,0,0,0,0,0,0,0,0,0,0,0,0,0,0,0,0,0,0,0,0,1,0,0,0,0,0,0,0,0,0,0,0,0,0,0,0,0,0,0,0,0,0,0,0,0,0,0,0,0,0,0,0,0,0,0,0,0,0,0,0,0,0,0,0,0
Nephroma arcticum,Nephroma arcticum,Nephroma arcticum (L.) Torss.,0,0,0,0,1,0,0,0,0,0,0,0,0,0,0,0,0,0,0,0,0,1,0,0,0,0,0,0,0,0,0,0,0,2,0,0,0,0,0,0,0,0,0,0,0,0,0,0,0,0,0,0,0,2,0,0,0,0,0,0,0,0,0,0,0,0,0,0,1,0,0,0,0,0,0,0,0,0,2
Nephroma expallidum,Nephroma expallidum,Nephroma expallidum (Nyl.) Nyl.,0,1,1,0,1,0,2,0,2,2,2,4,0.5,0,2,4,3,2,3,0,2,0,0,0,0,0,1,0,2,0,0,0,2,1,0,0,0,0,2,0,0,1,0,2,2,1,0,2,0,0,2,1,3,2,0,2,2,3,0,4,0,2,0,4,2,2,1,1,2,0.5,2,0,2,0,0,0,0,0,1
Nephroma species,Nephroma species,Nephroma species ,0,0,0,0,0,0,0,0,0,0,0,0,0,0,0,0,0,0,0,0,0,0,0,0,0,0,0,0,0,0,0,0,0,0,0,0,0,0,0,0,0,0,0,0,0,0,0,0,0,0,0,0,0,0,0,0,0,0,0,0,0,0,0,0,0,0,0,0,0,0,1,0,0,0,0,0,0,0,0
Ochrolechia androgyna,Ochrolechia androgyna,Ochrolechia androgyna (Hoffm.) Arn.,0,0,0,0,0,0,0,0,0,0,0,2,0,0,1,0,0,0,0,0,0,1,0,0,0,0,0,0,0,0,0,0,0,0,0,0,0,0,0,0,0,0,0,0,0,0,0,0,0,0,0,0,0,0,0,0,0,0,0,0,0,0,0,0,0,0.5,0,0,0,0,0,0,0,0,0,0,0,0,0
Ochrolechia frigida,Ochrolechia frigida,Ochrolechia frigida (Sw.) Lynge,0,0,0,0,0,2,0,1,1,3,2,0.5,0,0,0,0,0,0,1,0,0.5,1,0,0,0,0,3,0,0.5,0,0,0,0,0,0,0,0,0,0,0,0,0,0,0,0,0,0,0,0,0,0,0,0,3,0,0.5,3,0,0,0,0,0,0,0,0,0,0,0,0,0,0,0,0,0,0,0,0,0,0
Ochrolechia species,Ochrolechia species,Ochrolechia species ,0,0,1,0,0,0,0,0,0,0,0,0,0,0,0,0,0,0,0,5,0,0,0,0,0,0,0,0,0,0,0,0,0,2,0,0,0,0,0,0,0,0,0,0,0,0,0,0,0,0,0,0,0,0,0,0,0,0,0,0,0,0,0,0,0,0,0,0,0,0,0,0,0,0,0,0,0,0,0
Ochrolechia upsaliensis,Ochrolechia upsaliensis,Ochrolechia upsaliensis (L.) Massal.,0,0,0,3,0,0,0,0,0,0,0,0,0,0,0,0,0,0,0,0,0,0,0,0,0,0,0,0,0,0,0,0,0,0,0,0,0,0,0,0,0,0,0,0,0,0,0,0,0,0,0,0,0,0,0,0,0,0,0,0,0,0,0,0,0,0,0,0,0,0,0,0,0,0,0,0,0,0,0
Omphalina species,Omphalina species,Omphalina species,0,0,0,0,0,0,0,0,0,0,1,0,0,0,0,0,0,0,0,0,0,0,0,0,0,0,0,0,0,0,0,0,0,0,0,0,0,0,0,0,0,0,0,0,0,0,0,0,0,0,0,0,0,0,0,0,0,0,0,0,0,0,0,0,0,0,0,0,0,0,0,0,0,0,0,0,0,0,0
Oncophorus wahlenbergii,Oncophorus wahlenbergii,Oncophorus wahlenbergii Brid.,0,0,0,0,0,0,0,0,0,0,0,0,0,0,0,0,0,0,0,0,0,0,0,0,0,1,0,0,0,0,1,0,0,0,0,0,0,0,0,0,0,0,0,0,0,0,0,0,0,0,0,0,0,0,0,0,0,0,0,0,0,0,0,0,0,0,1,0,0,0,0,0,0,0,0,0,0,0,0
Orthilia obtusata,Orthilia obtusata,Orthilia obtusata (Turcz.) H. Hara,0,0,0,0,0,0,0,0,0,0,0,0,0,3,0,0,0,0,0,0,0,0,0,0,0,0,0,0,0,0,0,0,0,0,0,0,0,0,0,0,2,0,0,0,0,0,0,0,0,0,0,0,0,0,0,0,0,0,0,0,0,0,0,0,0,0,0,0,0,0,0,0,0,0,0,0,0,0,0
Orthothecium chryseon,Orthothecium chryseum,Orthothecium chryseum (Schwaegr.) B.S.G.,0,0,0,0,0,0,0,0,0,0,0,0,0,0,0,0,0,0,0,0,0,0,0,0,0,1,0,0,0,0,1,0,0,0,0,0,0,0,0,0,0,0,0,0,0,0,0,0,0,0,0,0,0,0,0,0,0,0,0,0,0,0,0,0,0,0,1,0,0,0,0,0,0,0,0,0,0,0,0
Oxyria digyna,Oxyria digyna,Oxyria digyna (L.) Hill,0,0,0,1,1,0,0,0,0,0,0,0,0,0,0,0,0,0,0,0,0,1,0,0,0,0,0,0,0,0,0,0,0,0,0,0,0,0,0,0,0,0,0,0,0,0,6,0,0,0,0,1,0,0,0,0,0,0,3,0,0,0,0,0,0,0,0,0,3,0,0,0,0,0,0,0,1,1,0
Papaver lapponicum subsp. jugoricum,Papaver radicatum s. jugoricum,Papaver lapponicum s. jugoricum (Tolm.) Tolm.,0,0,0,2,0,0,0,0,0,0,0,0,0,0,0,0,0,0,0,0,0,0,0,0,0,0,0,0,0,0,0,0,0,0,0,0,0,0,0,0,0,0,0,0,0,0,0,0,0,0,0,0,0,0,0,0,0,0.5,0,0,0,0,0,0,0,0,0,0,0,0,0,0,0,0,0,0,0,0,0
Parmelia omphalodes,Parmelia omphalodes s. lat.,Parmelia omphalodes s. lat. (L.) Ach.,0,0,0,0,0,0,0,0,0,0.5,0,0,0,0,0,0,0,0,0,0,0,0,0,0,0,0,0.5,0,0,0,0,0,0,0,0,0,0,0,0,0,0,0,0,0,0,0,0,0,0,0,0,0,0,0,0,0,0,0,0,0,0,0,0,0,0,0,0,0,0.5,0,0,0,0,0,0,0,0,0,0
Parmelia species,Parmelia species,Parmelia species ,0,0,0,0,0,0,0,0,0,0,0,0,0,0,0,0,0,2,0,0,0,0,0,0,0,0,0,0,0,0,0,0,0,0,0,0,0,0,0,0,0,0,0,0,0,0,0,0,0,0,0,0,0,0,0,0,0,0,0,0,0,0,0,0,0,0,0,0,0,0,0,0,0,0,0,0,0,0,0
Pedicularis albolabiata,Pedicularis albolabiata,Pedicularis albolabiata (HultÂn) Kozhevn.,0,0,0,0,0,0,0,0,0,0,0,0,0,0,0,0,0,0,0,0,0,0,0,2,1,0,0,1,0,0,0,2,0,0,1,0,1,1,0,1,0,0,1,0,0,0,0,0,0,1,0,0,0,0,0,0,0,0,0,0,0,0,0,0,0,0,0,0,0,0,0,0,0,0,0,2,0,0,0
Pedicularis amoena,Pedicularis amoena,Pedicularis amoena Adams ex Steven,0,0,0,0,0,0,0,0,0,0,0,0,0,0,0,0,0,0,0,0,0,0,0,0,0,0,0,0,0,0,0,0,0,0,0,0,0,0,0,0,0,0,0,0,0,0,0,0,0,0,0,0,0,0,0,0,1,0,0,0,0,0,0,0,0,0,0,0,0,0,0,0,0,0,0,0,0,0,0
Pedicularis hirsuta,Pedicularis hirsuta,Pedicularis hirsuta L.,1,1,0,0,0,0,0,0.5,0,0,0,0,0,0,0,0,0,0,0,0,0,0,0,0,0.5,0,0,0,0,0,0,0,0,0,0,0,0,1,0,0,0,0,0,0,0,0,0,0,0,0,0,0,0,0,0,0,0,0,0,2,0,0,0,0,0,0,0,0,0,0,0,0.5,0,0,0,0,0,0,0
Pedicularis interioroides,Pedicularis sudetica s. interioroides,Pedicularis interior (HultÂn) Molau & D.F. Murray,0,0,0,0,0,0,0,0,0,0,0,0,0,0,0,0,0,0,0,0,0,0,1,1,0,1,0,0,0,2,0,0,0,0,0,2,0,0,0,0,0,0,0,0,0,0,1,0,2,0,0,0,0,0,0,0,0,0,0,1,0,0,1,0,0,0,1,0,0,0.5,1,0.5,0,0,0,0,0,0,0
Pedicularis lapponica,Pedicularis lapponica,Pedicularis lapponica L.,0,0,0,0,0,0,0,0,0,0,0,0,0,0,0,0,0,0,0,0,0,0,0,0,0,0,0,0,0,0,0,0,0,0,0,0,0,0,0,0,1,0,0,0,0,0,0,0,0,0,0,0,0,0,0,0,0,0,0,0,0,0,0,0,0,0,0,0,0,0,0,0,0,0,0,0,0,0,0
Pedicularis oederi,Pedicularis oederi,Pedicularis oederi Vahl,1,0.5,1,1,2,1,2,1,0.5,1,1,1,0,1,1,2,1,0.5,2,0,2,1,0,0,0.5,2,1,0,1,0,0,0,1,1,1,0,0,0,1,0,1,0,0,1,1,0.5,0,0,0,0,0,0.5,0,1,0,2,1,2,1,1,0,0,0,1,1,2,2,1,0,1,1,0,0,0,0,0,0,0,1
Pedicularis verticillata,Pedicularis verticillata,Pedicularis verticillata L.,0,0.5,0,2,0,1,0,0,0,0,0.5,0,0,0,0,0,0,0,0,0,0,0,0,0,0,0,0,0,0,0,0,0,0,0,0,0,0,0,0,0,0,2,10,5,1,0.5,1,4,0,0,0,1,0,0.5,0,1,0,0,1,0,0,0,0,0,2,0,0,0,0,0,0,0,0,0,0,0,1,2,0
Peltigera aphthosa,Peltigera aphthosa,Peltigera aphthosa (L.) Willd.,2,1,1,0.5,0,1,2,0,2,2,0,2,0,2,0,0,2,2,2,0,2,0,0.5,0,3,2,1,0,4,0,0,0,2,0,0,0,0,1,0,0,2,1,0,0,1,0,1,2,0,0,2,0,1,6,0,0,2,0,0,2,0,6,0,5,0,3,3,0,0,2,0,0,0,0,0,0,0,1,3
Peltigera canina,Peltigera canina,Peltigera canina (L.) Willd.,0,0,0,0,0,0.5,1,0,0,2,1,0,0,1,0,2,0,0,0,2,0,0,0,0,0,2,0,1,0,0,2,0,0,0,0,0,0,0,2,0,0,0,0,0,1,2,0,1,0,0,1,1,1,0,0,2,2,0,0,1,0,0,0,0,0,1,0,1,0,0,0,0,0,0,0,0,0,0,0
Peltigera extenuata,Peltigera extenuata,Peltigera extenuata (Vain.) Lojka,0,0,0,0,0,0,0,1,0,0,0,0,0,0,0,0,0,0,0,0,0,0,0,0,0,0,0,0,0,0,0,0,2,0,0,0,0,0,1,0,0,0,0,0,0,0,0,0,0,0,0,0,0,0,0,0,0,0,0,0,0,0,0,0,0,0,0,0,0,0,0,0,0,0,0,0,0,0,0
Peltigera leucophlebia,Peltigera leucophlebia,Peltigera leucophlebia (Nyl.) Gyeln.,0,0,0,0,0,0,0,1,0,0,4,0,0,0,0,5,0,0,0,0,0,0,0,0,0,0,0,0,0,0,0,0,0,0,0,0,0,0,1,0,0,0,0,0,0,0,0,0,0,0,0,0,0,0,0,0,0,0,0,0,0,0,0,2,0,0,2,0,0,0,1,0,0,0,0,0,0,1,3
Peltigera malacea,Peltigera malacea,Peltigera malacea (Ach.) Funck,0,0,0,0,0,0,0,0,0,0,0,0,0,0,0,0,0,0,0,0,0,0,0,0,0,0,0,0,0,0,0,0,0,0,0,0,0,0,0.5,0,0,0,0,0,0,0,0,0,0,0,0,0,0,3,0,0,0,0,0,0,0,3,0,0,3,0,0,2,3,0,0,0,0,0,0,0,0,0,0
Peltigera membranacea,Peltigera membranacea,Peltigera membranacea (Ach.) Nyl.,0,0.5,1,1,0,0,0,0,0,2,0,0,0,0,0,1,0,0,0,0,0,0,0.5,0,0,0,0,0,0,0,0,0.5,0,0,0,0,0,0,0,0,0,0,0,2,0,0,0,0,0,0,2,0,1,2,0,0,0,2,0,0,0,0,0,0,0,0,0,0,0,0,0,0,0,0,0,0,0,0,0
Peltigera neckeri,Peltigera neckeri,Peltigera neckeri MÁll.Arg.,0,0,0,0,0,0,0,0,0,0,0,0,0,0,0,0,0,0,0,0,0,0,0,0,0,0,0,0,0,0,0,0,0,0,0,0,0,0,0,0,0,0,0,0,0,0,0,0,0,0,0,1,0,0,0,0,0,0,0,0,0,0,0,0,0,0,0,0,0,4,0,0,0,0,3,0,0,0,0
Peltigera polydactylon,Peltigera polydactylon,Peltigera polydactylon (Neck.) Hoffm.,0,0,0,0,0,0,0,0,0,0,0,0,0,0,0,0,0,0,0,0,2,0,0,0,1,0,0,0,0,0,0,0,0,0,0,0,0,0,0,0,0,0,0,0,0,0,0,0,0,0,0,0,0,0,0,0,0,0.5,0,0,0,0,0,0,0.5,0,0,0,0,0,0,0,0,0,2,0,0,0,0
Peltigera rufescens,Peltigera rufescens,Peltigera rufescens (Weis) Humb.,0,0,0,0,0,0,0,0,0,0,0,0,0,0,0,0,0,0,0,0,0,2,0,0,0,0,0,0,0,0,0,0,0,0,0,0,0,0,0,0,0,0,0,0,0,0,0,0,0,0,0,0,0,0,0,0,0,0,0,0,0,0,0,0,2,0,0,0,0,2,2,0,0,0,0,0,0,0,0
Peltigera scabrosa ,Peltigera scabrosa,Peltigera scabrosa Th. Fr.,0,0.5,0,0,0,0,0,0,0,0,0,0,0,2,2,0,0,0,0,0,2,0,0,0,0,0,0,0,0,0,0,0,2,0,0,0,0,0,0,0,0,0,0,0,0,0,1,0,0,0,0.5,0,0,0,0,0,0,0.5,0,0,0,4,0,3,0,0,0,1,0,0,2,0,0.5,0,0,0,0,0,1
Peltigera species,Peltigera species,Peltigera species ,0,0,0,0,0,0,1,0,0,0,0,0,0,0,0,0,0,0,0,0,0,0,0,0,0,0,0,0,0,0,0,0,0,1,0,0,0,2,0,0,0,0,0,0,0,0,0,0,0,0,0,0,0,0,0,0,0,0,0,2,0,0,0,0,0,0,0,0,0,0,0,0,0,0,0,0,0,0,0
Petasites frigidus,Petasites frigidus,Petasites frigidus (L.) Fr.,1,2,0,0,2,0,0,0.5,0,0,0,0,3,0,0,0,0.5,0,2,0,0,1,1,2,0,1,0,1,0,2,4,3,0,0,0,2,0,1,0,1,1,7,1,0,2,8,17,3,0,3,4,1,0,0,2,2,0,2,0,2,2,3,4,4,0,0,1,1,1,1,5,0,0,0,4,0,0,0,0
Philonotis fontana,Philonotis fontana,Philonotis fontana (Hedw.) Brid.,0,0,0,0,0,0,0,0,0,0,0,0,0,0,0,0,0,0,0,0,0,0,0,0,0,0,0,0,0,0,0,0,0,0,0,0,0,0,0,1,0,0,0,0,6,0,0,0,0,0,0,0,0,0,0,0,0,0,0,0,0,0,0,0,0,0,0,0,0,0,0,0,0,0,0,0,0,0,0
Phippsia algida,Phippsia algida,Phippsia algida (Sol.) R. Br.,0,0,0,0,0,0,0,0,0,0,0,0,0,0,0,0,0,0,0,0,0,0,4,0,0,0,0,0,0,0,0,0,0,0,0,0,0,0,0,0,0,0,2,0,0,0,0,0,0,0,0,0,0,0,0,0,0,0,0,0,0,0,0,0,0,0,0,0,0,0,0,0,0,0,0,0,0,0,0
Plagiomnium curvatulum,Plagiomnium curvatulum,Plagiomnium medium (Bruch & Schimp.) T. Kop.,0,0,0,1,0,0,0,0,0,0,1,0,0,0,0,0,0,0,0,0,0,0,0,1,2,0,0,0,0,0,0,1,0,0,0,0,0,0,2,0,0,0,0,0,0,0,0,0,0,0,0,0,0,0,0,0,0,0,2,0,0,0,0,0,0,0,0,0,0,0,0,0,1,0,0,0,0,0,0
Plagiomnium ellipticum,Plagiomnium ellipticum,Plagiomnium ellipticum (Brid.) T. Kop.,0,0,0,0,0,0,0,0,0,0,0,0,0,0,0,0,0,0,0,0,0.5,0,7,0,0,0,0,0,0,20,0,0,0,0,0,10,0.5,0,0,0,0,0,0,0,0,0,0,0,2,10,0,0,0,0,0,0,0,0,0,0,0,0,4,0,0,0,0.5,0,0,0,0,2,0,0,0,0,0,0,0
Plagiothecium berggrenianum,Plagiothecium berggrenianum,Plagiothecium berggrenianum Frisvoll,0,0,0,0,0,0,0,0,0,0,0,0,1,0,0,0,0,0,0,0,0,0,0,0,0,0,0,0,0,0,0,0,0,0,0,0,0,1,0,0,0,0,0,0,0,0,0,0,0,0,0,0,0,0,0,0,0,0,0,0,0,0,0,0,0,0,0,0,0,0,0,0,1,0,0,5,0,0,0
Pleurozium schreberi,Pleurozium schreberi,Pleurozium schreberi (Willdenow ex Brid.) Mitt.,0,0,0,0,0,0,0,0,0,0,0,0,0,0,5,0,0,0,0,0,7,0,0,0,2,0,0,0,0,0,0,0,0,0,0,0,0,0,0,0,0,0,0,0,0,0,0,0,0,0,0,0,2,0,0,0,0,0,0,0,0,0,0,0,0,0,0,3,2,0,0,0,0,0,0,0,0,0,0
Poa alpigena,Poa alpina,Poa alpina L.,0,0,0,0,0,0,0,0,0,0,0,0,0,0,0,0,0,0,0,0,0,0,0,0,0,0,0,0,0,0,0,0,0,0,0,0,0,0,0,0,0,4,3,0,0,0,0,0,2,0,0,2,0,0,0,0,0,0,0,0,0,0,0,0,0,0,0,0,0,0,0,0,0,0,0,0,0,1,0
Poa alpigena,Poa alpina,Poa alpina L.,0.5,0,0,0,0,2,3,0,0,2,0,0,5,0,2,0,0,0,0,0,0,2,0,0,0,0,2,3,0,0,3,0,0,0,0,0,0,0,0,2,3,0,0,2,0,0,0,5,2,0,0,0.5,0,4,0,0,2,1,0,0,0,0,0,0,2,1,2,0,0,1,0,0,0,0,0,0,0,3,0
Poa arctica,Poa arctica,Poa arctica R. Br.,0,1,1,0,0,2,2,1,2,2,2,2,3,3,3,2,3,3,2,2,3,2,0,4,2,2,0,3,1,0,0,0,2,0.5,3,0,1,3,2,0,2,2,3,2,2,2,3,2,0,0,4,0.5,2,2,2,2,1,0,2,3,2,0,0,0.5,0,3,0,1,0,1,1,0,2,0,6,0,2,1,2
Poa arctica subsp. vivipara,Poa alpina s. vivipara,Poa alpina v. vivipara L.,0,0,0,0,0,0,0,0,0,0,0,0,0,0,0,0,0,0,1,0,0,0,0,0,0,0,0,0,0,0,3,0,0,0,0,0,0,0,0,0,0,0,0,0,0,0,0,0,0,0,0,0,0,0,0,0,0,0,0,0,0,0,0,0,0,0,0,0,0,0,0,0,0,0,0,0,0,2,0
Pohlia cruda,Pohlia cruda,Pohlia cruda (Hedw.) Lindb.,0,0,0,1,0,0,2,0,0,0,1,0,0,0,1,0,0,0,0,0,0,0,0,0,0,0,0,0,0,0,0,0,0,0,0,0,0,0,0.5,0,0,0,0,0,0,0,0,0,0,0,1,0,0,0,0,0,0,0,0,0,0,0,0,0,0,0,0,0,0,0,0,0,0,0,0,0,0,0,0
Pohlia drummondii,Pohlia drummondii,Pohlia drummondii (C. MÁll.) Andrews,0,0,0,0,0,0,0,0,0,0,0,0,0,2,0,0,0,0,0,0,0,0,0,0,0,0,0,0,0,0,0,0,0,0,0,0,0,1,0,0,0,0,0,0,0,0,0,0,0,0,0,0,0,0,0,0,0,0,0,0,0,0,0,0,0,0,0,0,0,0,0,0,0,0,0,0,0,0,0
Pohlia nutans,Pohlia nutans,Pohlia nutans (Hedw.) Lindb.,0,0,0,0,0,0,0,0,0,0,0,0,0,0,0,0,0,0,0,1,0,0,0,0,0,0,0,0,0,0,0,0,0,0,0,0,0,0,0,0,2,0,0,0,0,0,0,1,0,0,1,0,0,0,0,0,0,0,0,0,0,0,0,1,2,0,0,3,1,0,0,0,1,0,2,1,0,0,0
Pohlia species,Pohlia species,Pohlia species ,0,0,0,0,0,0,0,0,0,0,0,0,0,0,0,0,0,0,0,0,0,0,0,0,0,0,0,0,0,0,0,0,0,0,0,0,0,0,0,0,0,45,0,7,0,0,0,0,0,0,0,0,0,0,0,0,0,0,0,0,0,0,0,0,0,0,0,0,0,0,0,0,0,0,0,0,0,0,0
Polemonium acutiflorum,Polemonium acutiflorum,Polemonium acutiflorum Willd.,0.5,0,0,0,0,0.5,0,1,0.5,0,0,0,2,0,0,0,0,0,1,0,0,0,3,2,0,0,0,1,0,2,2,2,0,0,0,2,1,0,0,1,0,4,0,0,1,0,1,0,6,3,0,0,2,0,2,0,0,0,0,0,1,0,12,0,0,0,0,0,1,2,1,0,0.5,0,2,0,0,1,1
Polemonium boreale,Polemonium boreale,Polemonium boreale Adams,0,0,0,0,1,0,0,0,0,0,0,0,0,0,0,0,0,0,0,0,0,0,0,0,0,0,0,0,0,0,0,0,0,0,0,0,0,0,0,0,0,0,3,1,0,1,0,0,0,0,0,1,0,0,0,0,0,0,4,0,0,0,0,0,0,0,0,0,0,0,0,0,0,0,0,0,2,0,0
Polygonum boreale,Polygonum boreale,Polygonum boreale (Lange) Small,0,0,0,0,0,0,0,0,0,0,0,0,0,0,0,0,0,0,0,0,0,0,0,0,0,0,0,0,0,0,0,0,0,0,0,0,0,0,0,0,0,0,0,0,0,0,6,0,0,0,0,0,0,0,0,0,0,0,0,0,0,0,0,0,0,0,0,0,0,0,0,0,0,0,0,0,0,0,0
Polytichastrum fragile,Polytrichastrum fragile,Polytrichastrum alpinum (Hedw.) G. L. Sm.,0,0,0,0,1,0,0,0,0,0,0,0,0,0,0,0,0,0,0,0,0,0,0,0,0,0,0,0,0,0,0,0,0,0,0,0,0,0,0,0,0,0,0,0,0,0,0,0.2,0,0,0,2,0,0,0,0,0,0,0,0,0,0,0,0,0,0,0,0,0,0,0,0,0,0,0,2,0,0,0
Polytrichastrum alpinum,Polytrichastrum alpinum,Polytrichastrum alpinum (Hedw.) G. L. Sm.,0,0,0,0.5,0,0,0,0,0,0,0,0,0,0,0,0,0,0,0,0,0,0,0,0,0,0,0,0,0,0,0,0,0,0,0,0,0,0,0,0,0,0,0,0,0,0,0,0,0,0,0,0,0,0,0,0,0,0,0,0,0,0,0,0,0,0,0,0,0,0,0,0,0,0,0,0,0,6,0
Polytrichum hyperboreum,Polytrichum hyperboreum,Polytrichum hyperboreum R. Br.,0,0,0,0,2,0,0,0,2,0,0,0,0,0,2,0,0,3,0,0,0,0,0,0,0,0,0,0,2,0,0,0,2,0,0,0,0,4,0,0,3,0,0,0,0,0,0,0,0,0,0,0,0,0,0,0,2,0,0,0,0,0,0,7,0,0,0,3,0,0,0,0,2,0,0,0,0,0,3
Polytrichum piliferum,Polytrichum piliferum,Polytrichum piliferum Hedw.,0,3,0,0,0,0,0,0,0,5,0,0,0,0,0,0,0,0,0,3,0,0,0,0,0,0,0,0,0,0,0,0,0,0,0,0,0,0,0,0,0,0,0,3,0,0,0,0,0,0,0,0,0,0,0,0,0,0,0,0,0,0,0,0,0,0,0,0,0,0,0,0,0,0,0,0,0,0,2
Polytrichum species,Polystichum species,Polystichum species ,0,0,0,0,0,0,0,0,0,0,0,0,0,0,0,0,0,0,0,0,0,0,0,0,0,0,0,0,0,0,0,0,0,0,0,0,0,0,0,0,0,0,0,0,0,0,0,0,0,0,0,0,0,0,0,0,0,0,0,0,0,0,0,0,0,6,0,0,0,0,0,0,0,0,0,0,0,0,0
Polytrichum strictum,Polytrichum strictum,Polytrichum strictum Menzies ex Brid.,0,0,2,0,0,0,4,0,0,2,0,0,0,7,2,0,2,3,0,3,0,2,0,0,5,0,0,0,2,0,0,0,7,0,0,0,0,4,0,0,3,0,0,0,0,0,0,0,0,0,10,0,2,0,0,0,4,0,0,0,0,25,0,7,3,0,0,9,15,0,0,0,7,0,5,2,0,0,0
Potentilla hyparctica,Potentilla hyparctica,Potentilla hyparctica Malte,0,0,0,0,0,0,0,0,0,0,0,0,0,0,0,0,0,0,0,0,0,0,0,0,0,0,0,0,0,0,0,0,0,0,0,0,0,0,0,0,0,0,0,0,0,0,0,0,0,0,0.5,0,0,0,0,0,0,0,0,0,0,0,0,0,0,0,0,0,0,0,0,0,0,0,0,0,0,0,0
Potentilla rubella,Potentilla rubella,Potentilla rubella T.J. Sorensen,0,0,0,0,0,0,0,0,0,0,0,0,0,0,0,0,0,0,0,0,0,0,0,0,0,0,0,0,0,0,0,0,0,0,0,0,0,0,0,0,0,0,0,0,0,0,0,0,0,0,0,0,0,0,0,0,0,0,0.5,0,0,0,0,0,0,0,0,0,0,0,0,0,0,0,0,0,0,0,0
Potentilla stipularis,Potentilla stipularis,Potentilla stipularis L.,0,0,0,0,0,0,0,0,0,0,0,0,0,0,0,0,0,0,0,0,0,0,0,0,0,0,0,0,0,0,0,0,0,0,0,0,0,0,0,0,0,0,0,1,0,0,0,0,0,0,0,0,0,0,0,0,0,0,0.5,0,0,0,0,0,0,0,0,0,0,0,0,0,0,0,0,0,2,4,0
Primula stricta,Primula stricta,Primula stricta Hornem.,0,0,0,0,0,0,0,0,0,0,0,0,0,0,0,0,0,0,0,0,0,0,0,0,0,0,0,0,0,0,0,0,0,0,0,0,0,0,0,0,0,0,4,0,0,0,0,0,0,0,0,0,0,0,0,0,0,0,0,0,0,0,0,0,0,0,0,0,0,0,0,0,0,0,0,0,0,0,0
Psoroma hypnorum,Psoroma hypnorum,Psoroma hypnorum (Vahl) S.F.Gray,0,0,0,0,0,0,0,0,0,0,1,0,0,0,0,0,0,0,0,0,0,0,0,0,0,0,0,0,0,0,0,0,0,0,0,0,0,0,0,0,0,0,0,0,0,0,0,0,0,0,0,0,0,0,0,0,0,0,0,0,0,0,0,0,0,0,0,0,0,0,0,0,0,0,0,0,0,0,0
Ptilidium ciliare,Ptilidium ciliare,Ptilidium ciliare (L.) Hampe,5,17,20,0,0,0,3,5,0,0,4,12,0,10,17,0,0,6,0,0,0,4,0,0,7,0,0,0,6,0,0,0,20,20,20,0,0,30,0,0,17,0,0,0,8,0,0,0,0,0,5,0,5,0,0,12,7,10,0,10,0,10,0,9,0,0,0,6,0,0,4,0,0,0,7,0,0,0,4
Pyrola rotundifolia,Pyrola rotundifolia s. norvegica,Pyrola grandiflora s. norvegica (Knaben) A. LÔve & D. LÔve,3,3,3,0,0,0,0,0,0,0,0,0,0,5,3,6,0,0,0,0,1,0,0,0,4,0,0,0,7,0,0,0,4,0,2,0,0,1,1,0,2,0,0,0,1,0,0,3,0,0,0,0,5,0,0,5,0,0,0,0,0,0,0,0,0,0,1,4,0,0,0,0,0,0,0,0,0,0,0
Racomitrium lanuginosum,Racomitrium lanuginosum,Racomitrium lanuginosum (Hedw.) Brid.,0,0,0,0,0,0,2,0,0,3,0,0,0,3,2,0,0,0,0,2,0,1,0,0,0.5,0,0,0,2,0,0,0,3,2,0,0,0,0,0,0,3,0,0,0,0,0,0,2,0,0,4,0,0,4,0,4,0,0,0,0,0,10,0,5,0,0,0,0,0,0,0,0,0,0,0,0,0,0,0
Ranunculus affinis,Ranunculus affinis,Ranunculus arcticus Richardson,0.5,0,0,0,0,0,0,0,0,0,0,0,0,0,0,0,0,0,0,0,0,0,0,0,0,0,0,0,0,0,0,0,0,0,0,0,0,0,0,0,0,0,0,0,0,0,0,0,0,0,0,0,0,0,0,0,0,0,0,0,0,0,0,0,0,0,0,0,0,0,0,0,0,0,0,0,0,0,0
Ranunculus lapponicus,Ranunculus lapponicus,Coptidium lapponicum (L.) Tzvelev,0,0,0,0,0,0,0,0,0,0,0,0,0,0,0,0,0,0,0,0,0,0,0,0,0.5,0,0,0,0,0,0,0,0,0,0,0,0,0,0,0,0,0,0,0,0,0,0,0,0,0,2,0,0,0,0,0,0,0,0,0,0,0,0,0,0,0,0,0,0,0,0,0,2,0,0,0,0,0,0
Ranunculus monophyllus,Ranunculus monophyllus,Ranunculus monophyllus Ovcz. s. lat. ,1,0,0,0,0,0,0,0,0,0,0,0,0,0,0,0,0,0,0,0,0,0,0,0,0,2,0,0,0,0,0,0,0,0,0,0,1,0,0,0,0,0,0,0,0,0,0,0,0,0,0,0,0,0,0,0,0,0,0,0,0,0,0,0,0,0,0,0,0,0,0,0,0,0,0,0,0,0,0
Ranunculus nivalis,Ranunculus nivalis,Ranunculus nivalis L.,0,0,0,0,0,0,0,0,0,0,0,0,0.5,0,0,0,0,0,0,0,0,0.5,0,0,0,0,0,0,0,0,0,0,0,0,0,0,0,0,0,0,0,0,0,0,0,0,0,0,0,0,0,0,0,0,0,0,0,0,0,0,0,0,0,0,0,0,0,0,0,0,0,0,0,0,0,0,0,0,0
Ranunculus pallasii,Ranunculus pallasii,Coptidium pallasii (Schltdl.) Tzvelev,0,0,0,0,0,0,0,0,0,0,0,0,0,0,0,0,0,0,0,0,0,0,0,0,0,0,0,0,0,0,0,0,0,0,0,0,0,0,0,0,0,0,0,0,0,0,0,0,0,0,0,0,0,0,0,0,0,0,0,0,0,0,0,0,0,0,0,0,0,0,0,0,0,1,0,0,0,0,0
Ranunculus propinquus,Ranunculus propinquus,Ranunculus subborealis s. subborealis Tzvelev,0,2,1,3,0.5,2,0,0,0.5,0,2,0,0.5,0,0,3,0,0,1,0,0,0,3,2,0,1,3,2,0,2,1,1,0,0,0,1,2,0,2,1,0,7,3,1,1,3,12,2,6,1,0,10,2,0,3,0,0,3,4,1,1,0,5,0,1,2,0,0,0,6,3,0,0,0,0,0,2,3,0
Ranunculus pygmaeus,Ranunculus pygmaeus,Ranunculus pygmaeus Wahlenb.,0,0,0,0,0,0,0,0,0,0,0,0,0,0,0,0,0,1,0,0,0,0,0,0,0,0,0,0,0,0,0,0,0,0,0,0,0,0,0,0,0,0,0,0,0,0,0,0,0,0,0,0,0,0,0,0,0,0,0,0,0,0,0,0,0,0,0,0,0,0,0,0,0,0,0,0,0,0,0
Ranunculus species,Ranunculus species,Ranunculus species ,0,0,0,0,0,0,0,0,0,0,0,0,0,0,0,0,0,0,0,0,0,0,0,0,0,0,0,0,0,0,0,0,0,0,0,0,0,0,0,0,0,0,0,0,0,0,0,0,0,0,0,0,0,0,0,0,0,0,0,0,0,0,0,0,0,0,0,0,0,0,0,0,0,0,0,0,1,0,0
Rhytidium rugosum,Rhytidium rugosum,Rhytidium rugosum (Ehrh. ex Hedw.) Kindb.,0,0,0,0,0,0,0,0,0,0,0,0,0,0,0,1,0,0,0,0,0,0,0,0,0,0,0,0,2,0,0,0,0,0,0,0,0,0,0,0,0,0,0,0,0,0,0,0,0,0,0,0,0,0,0,0,0,0,0,0,0,0,0,0,3,0,0,0,0,0,0,0,0,0,0,0,0,0,0
Rumex arcticus,Rumex arcticus,Rumex arcticus Trautv.,0,0.5,0,0,0,0,0,0,0,0,0,0,1,0,0,0,0,0,0,0,0,0,1,0,0,2,0,1,0,0,2,1,0,0,0,2,0,0,0,0.5,0,0,0,0,1,0,6,0,2,2,1,0,1,0,3,1,0,1,0,0,1,0,2,0,0,0.5,1,0.5,3,0.5,0,0,1,0,2,0.5,0,0,0
Sagina intermedia,Sagina intermedia,Sagina nivalis (Lindblom) Fr.,0,0,0,0,0,0,0,0,0,0,0,0,0,0,0,0,0,0,0,0,0,0,0,0,0,1,0,0,0,0,0,0,0,0,0,0,0,0,0,0,0,0,0,0,0,0,0,0,0,0,0,0,0,0,0,0,0,0,0,0,0,0,0,0,0,0,0,0,0,0,0,0,0,0,0,0,0,0,0
Salix glauca,Salix glauca,Salix glauca L.,10,0,4,1,0,0,4,4,2,0,0,0,0,3,3,3,0,0,2,0,3,0,15,17,0,0,0,15,0,15,0,20,2,0,0,0,10,6,0,20,0,4,0,7,6,0,0,0,0,6,0,0,5,0,7,7,2,5,0,17,10,0,7,6,0,0,10,0,0,0,0,22,2,0,17,2,0,4,1
Salix lanata,Salix lanata,Salix lanata L.,10,1,6,0,5,2,0,5,2,0,2,5,3,3,3,0,25,2,0,0,0,2,3,20,0,5,3,25,2,15,5,14,3,0,3,35,10,20,0,10,3,0,11,15,0,3,4,1,0,10,6,1,2,0,8,2,0,2,12,4,10,5,7,3,2,5,15,0,2,2,3,0,0,0,0,0,0,2,0
Salix nummularia,Salix nummularia,Salix nummularia Andersson,0,0,0,0,0,0,4,0,0,8,0,0,0,0,0,0,0,0,0,3,0,0,0,0,0,0,0,0,0,0,0,0,0,0,0,0,0,0,0,0,0,0,0,0,0,0,0,0,0,0,0,0,0,0,0,0,0,0,0,0,0,0,0,0,0,0,0,0,0,0,0,0,0,0,0,0,4,6,0
Salix polaris,Salix polaris,Salix polaris Wahlenb.,2,5,20,20,30,20,7,6,11,0,8,0,0,5,3,8,3,9,5,5,0,6,0,2,4,14,17,0,6,0,17,0,6,0,3,0,0,4,7,0,10,2,0,8,6,16,0,10,4,0,9,4,0,8,0,5,8,0,7,6,0,11,0,6,4,8,22,1,20,0,20,0,0,0,0,0,10,0,17
Salix pulchra,Salix pulchra,Salix pulchra Cham.,0,0,0,0,0,0,0,0,0,0,0,0,0,0,0,0,0,0,0,0,0,0,0,0,0,0,0,0,0,0,0,3,0,0,0,4,0,13,0,0,0,0,0,0,0,0,0,0,0,0,0,0,0,0,0,0,0,0,0,0,0,0,0,0,0,0,0,0,0,0,0,3,2,0,5,3,0,0,0
Salix reptans,Salix reptans,Salix reptans Rupr.,2,2,4,0,0,0,5,0,0,0,0,2,0,0,0,3,3,3,0,0,4,0,8,9,12,0,0,0,0,0,0,0,3,0,2,0,0,0,0,0,2,0,0,0,0,0,0,0,0,0,0,0,3,0,0,0,0,0,0,6,0,0,0,2,0,0,0,0,0,0,0,0,0,0,0,2,0,0,0
Salix reticulata,Salix reticulata,Salix reticulata L.,0,0,0,0,0,0,0,0,0,0,0,0,0,0,0,0,0,0,0,0,0,0,0,0,0,2,0,0,0,0,0,0,0,3,0,0,0,0,0,0,0,0,0,0,0,0,0,0,0,0,0,0,0,0,0,0,0,0,0,0,0,0,0,0,0,0,0,0,2,0,0,0,0,0,0,0,0,0,0
Sanionia uncinata,Sanionia uncinata,Sanionia uncinata (Hedw.) Loeske,20,0,3,0,2,2,2,1,10,0,10,2,50,0,2,1,0,0,15,0,0,7,2,2,10,2,7,0,0,20,2,1,2,0,2,0,2,2,0,0,0,0,0,70,2,55,2,3,0,0,0,12,2,0,0,0,0,25,10,10,0,0,0,10,2,0,0,0,2,20,10,3,2,0,0,1,2,4,2
Saussurea tilesii,Saussurea tilesii,Saussurea tilesii (Ledeb.) Ledeb.,0,0,0,0,0,0,0,0,0,0,0,0,0,0,0,0,0,1,0,0,0,0,0,0,0,0,0,0,0,0,0,0,0,0,0,0,0,0,0,0,0,0,0,0,0,0,0,0,0,0,0,0,0,0,0,0,0,0,0,0,0,0,0,0,0,0,0,0,0,1,0,0,0,0,0,0,0,0,0
Saxifraga cernua,Saxifraga cernua,Saxifraga cernua L.,0.2,0,0,0,1,0,0,0,0,0,0,0,1,0,0,0,1,0,1,1,0,0,2,0,0,1,3,0,1,1,2,1,0,0,0,1,0,0,1,0,1,0,0,0,1,3,1,0,2,2,0,2,0,0,2,1,0,0,1,0,2,0,1,0,0,0,0,0,0,2,0.5,0,0.5,0,0,2,1,2,0
Saxifraga foliolosa,Saxifraga foliolosa,Micranthes foliolosa (R. Br.) Gornall,0,0,0,0,0,0,0,0,0,0,0,0,0,0,0,0,0,0,0,0,0,0,0,0,0,1,0,0,0,0,0,0,0,0,0,0,0,0,0,0,0,0,0,0,0,0,0,0,0,0,0,0,0,0,0,0,0,0,0,0,0,0,0,0,0,0,0,0,0,0,0,0,2,0,0,2,0,0,0
Saxifraga hieracifolia,Saxifraga hieraciifolia,Micranthes hieraciifolia (Waldst. & Kit. ex Willd.) Haw.,0,0,0,1,0,1,1,0,1,0,0,0.5,0,0,0,0,0,0,1,0,1,0,1,1,0,0,1,0,0,0,0,0,0,0,0,0,0,0,0,0,0,0,0,0,0,0,0,0,0,0,0,0,0,0,0,0,0,1,2,1,0,0,0,0,1,1,0,0,0,0,0,0,0,0,0,0,0,0,0
Saxifraga hieracifolia,Saxifraga hieraciifolia,Micranthes hieraciifolia (Waldst. & Kit. ex Willd.) Haw.,0,0,1,0,0,0,0,0.5,0,0,0,0,0,0.5,0,0,0,0,0,0,0,0,0,0,0,0,0,0,0,1,0,2,0,0.5,0,0,0,0,0,1,0,0,0,1,1,0.5,0,1,1,0,0,0,1,0,1,0,0,0,0,1,0,0,2,0,0,0,0,0,0,1,1,0.5,0,0,0,0.5,0,0,1
Saxifraga hirculus,Saxifraga hirculus,Saxifraga hirculus L.,0.5,1,0,0,0,2,0,0,0,0,0.5,0,0,0,0,0,3,0,2,0,2,0,0,1,0,2,0,0,0,2,0,0,0.5,0.5,0,0,0,0,1,2,1,0,0,2,1,0,0,0,0,0,0,0,0.5,0,0,1,0.5,0,0,2,0,0,0,0,0,1,1,0,0,2,0,0,0,0,0,0,0,0,0
Saxifraga nelsoniana,Saxifraga nelsoniana,Micranthes nelsoniana (D. Don) Small,0.5,1,0,1,0.5,1,0.5,0.5,1,0,2,0.5,0,1,1,2,2,2,0,0.5,2,0,1,0,0,1,1,0,0,0,0,1,1,1,1,0,0,0,2,1,1,0,0,0.5,1,1,1,1,2,1,1,2,0.5,0.5,2,1,2,2,0,1,0,1,0,2,1,1,2,0,0,3,1,0,0,0,4,0,2,0,0.5
Saxifraga tenuis,Saxifraga tenuis,Micranthes tenuis (Wahlenb.) Small,0,0,0,0.5,2,1,0,0,0,0,0,0,0,0,0,0,0,0,0,0,0,0,0,0,0,0,0,1,0,0,0,0,0,1,0,0,0,0,0,0,0,0,0,0,0,0,0,0,0,0,0,0,0,0,0,0,0,0,0,0,0,0,0,0,0,0,0,0,0,0,0,0,0,0,0,0,0,0,0
Scorpidium cossonii,Scorpidium cossonii,Limprichtia cossonii (Schimp.) L.E. Anders.,0,0,0,0,0,0,0,0,0,0,0,0,0,0,0,0,0,0,0,0,0,0,0,0,0,0,0,0,0,0,0,0,0,0,0,0,0,0,0,0,0,0,0,0,0,0,0,0,0,0,0,0,0,0,0,0,0,0,0,1,0,0,3,0,0,0,0,0,0,0,0,0,0,0,0,0,0,0,0
Scorpidium scorpioides,Scorpidium scorpioides,Scorpidium scorpioides (Hedw.) Limpr.,0,0,0,0,0,0,0,0,0,0,0,0,0,0,0,0,0,0,0,0,0,0,0,0,0,0,0,0,0,0,0,0,0,0,0,0,0,0,0,0,0,0,0,0,0,0,0,0,0,0,0,0,0,0,0,0,0,0,0,0,0,0,0.5,0,0,0,0,0,0,0,0,0,0,0,0,0,0,0,0
Scorpidium sp. ,Scorpidium species,Scorpidium species,0,0,0,0,0,0,0,0,0,0,0,0,1,0,0,0,0,0,0,0,0,0,0,0,0,0,0,0,0,1,0,0,0,0,0,0,0,0,0,0,0,0,0,0,0,0,0,0,0,0,0,0,0,0,0,0,0,0,0,0,0,0,0,0,0,0,0,0,0,0,0,0,0,0,0,0,0,0,0
Solorina crocea,Solorina crocea,Solorina crocea (L.) Ach.,0,0,0,0,0,0,0,0,0,0,0,0,0,0,0,0,0,0,0,1,0,3,0,0,0,0,1,0,0,0,0,0,0,0,0,0,0,0,0,0,0,0,0,0,0,0,0,0,0,0,0,0,0,0,0,0,0,0,0,0,0,0,0,0,0,0,0,0,0,0,0,0,0,0,0,0,0,0,0
Sphaerophorus fragilis,Sphaerophorus fragilis,Sphaerophorus fragilis (L.) Pers.,0,0,0,0,0,0,0,0,0,0,0,1,0,0,0,0,0,0,0,0,0,0,0,0,0,0,0,0,0,0,0,0,0,0,0,0,0,0,0,0,0,0,0,0,0,0,0,2,0,0,0,0,0,0,0,0,0,0,0,0,0,0,0,0,0,0,0,0,0,0,0,0,0,0,0,0,0,0,0
Sphaerophorus globosus,Sphaerophorus globosus,Sphaerophorus globosus (Huds.) Vain.,0,0,0,0,0,2,0,0,1,3,0,2,0,2,2,0,0,1,0,4,2,0,0,0,3,0,2,0,2,0,0,0,0,2,0,0,0,0,0,0,0,0,0,0,0,0,0,0,0,0,2,0,0,4,0,2,2,0,0,0,0,4,0,5,3,2,0,2,0,0,0,0,0,0,0,0,0,1,3
Sphagnum fimbriatum,Sphagnum fimbriatum,Sphagnum fimbriatum Wils.,0,0,0,0,0,0,0,0,0,0,0,0,0,0,0,0,0,0,0,0,0,0,0,0,0,0,0,0,0,0,0,0,0,0,0,0,0,0,0,0,0,0,0,0,0,0,0,0,0,0,0,0,0,0,0,0,0,0,0,0,0,0,0,0,0,0,0,0,0,0,0,0,5,0,0,0,0,0,0
Sphagnum fuscum,Sphagnum fuscum,Sphagnum fuscum (Schimp.) Klinggr.,0,0,0,0,0,0,0,0,0,0,0,0,0,0,0,0,0,0,0,0,0,0,0,0,0,0,0,0,0,0,0,0,0,0,0,0,0,0,0,0,0,0,0,0,0,0,0,0,0,0,0,0,0,0,0,0,0,0,0,0,0,0,0,0,0,0,0,0,0,0,0,0,5,0,0,0,0,0,0
Sphagnum girgensohnii,Sphagnum girgensohnii,Sphagnum girgensohnii Russ.,0,0,0,0,0,0,0,0,0,0,0,0,0,0,0,0,0,0,0,0,0,0,0,0,0,0,0,0,0,0,0,0,0,0,0,0,0,0,0,0,0,0,0,0,0,0,0,0,0,0,0,0,1,0,0,0,0,0,0,0,0,0,0,0,0,0,0,0,0,0,0,0,0,0,0,0,0,0,0
Sphagnum jensenii,Sphagnum jensenii,Sphagnum jensenii H. Lindb.,0,0,0,0,0,0,0,0,0,0,0,0,0,0,0,0,0,0,0,0,0,0,0,0,0,0,0,0,0,0,0,0,0,0,0,0,0,0,0,0,0,0,0,0,0,0,0,0,0,0,0,0,2,0,0,0,0,0,0,0,0,0,0,0,0,0,0,0,0,0,0,0,0,0,0,0,0,0,0
Sphagnum lenense,Sphagnum lenense,Sphagnum lenense H. Lindb. ex L.I. Savicz,0,0,0,0,0,0,0,0,0,0,0,0,0,0,0,0,0,0,0,0,0,0,0,0,0,0,0,0,0,0,0,0,0,0,0,0,0,0,0,0,0,0,0,0,0,0,0,0,0,0,0,0,1,0,0,0,0,0,0,0,0,0,0,0,0,0,0,0,0,0,0,0,85,0,15,0,0,0,0
Sphagnum squarrosum,Sphagnum squarrosum,Sphagnum squarrosum Crome,0,0,0,0,0,0,0,0,0,0,0,0,0,0,0,0,0,0,0,0,0,0,0,0,0,0,0,0,0,0,0,0,0,0,0,0,0,0,0,0,0,0,0,0,0,0,0,0,0,0,0,0,0,0,0,0,0,0,0,0,0,0,0,0,0,0,0,0,0,0,0,0,6,0,4,10,0,0,0
Sphagnum subsecundum,Sphagnum subsecundum,Sphagnum subsecundum Nees,0,0,0,0,0,0,0,0,0,0,0,0,0,0,0,0,0,0,0,0,0,0,0,0,0,0,0,0,0,0,0,0,0,0,0,1,0,0,0,0,0,0,0,0,0,0,0,0,0,0,0,0,0,0,0,0,0,0,0,0,0,0,0,0,0,0,0,0,0,0,0,0,0,0,0,2,0,0,0
Sphagnum teres,Sphagnum teres,Sphagnum teres (Schimp.) Aongstr.,0,0,0,0,0,0,0,0,0,0,0,0,0,0,0,0,0,0,0,0,0,0,0,0,0,0,0,0,0,0,0,0,0,0,0,0,0,0,0,0,0,0,0,0,0,0,0,0,0,0,0,0,0,0,0,0,0,0,0,0,0,0,0,0,0,0,0,0,0,0,0,0,5,0,0,0,0,0,0
Sphagnum warnstorfii,Sphagnum warnstorfii,Sphagnum warnstorfii Russ.,0,0,0,0,0,0,0,0,0,0,0,0,0,0,0,0,0,0,0,0,0,0,0,0,0,0,0,0,0,0,0,0,0,0,0,0,0,0,0,0,0,0,0,0,0,0,0,0,0,0,0,0,0,0,0,0,0,0,0,0,0,0,0,0,0,0,0,0,0,0,0,0,5,0,0,0,0,0,0
Stellaria ciliatosepala,Stellaria ciliatosepala ?,Stellaria longipes taxon edwardsii ,0,0,0,0,0,0,0,0,0,0,0,0,0,0,0,0,0,0,0,0,0,0,0,0,0,1,0,0,0,0,0,1,0,0,0,0,0,0,0,0,0,0,0,0,0,0,0,0,0,0,0,0,0,0,0,0,0,0,0,0,0,0,0,0,0,0,0,0,0,0,0,0,0,0,0,0,0,0,0
Stellaria crassifolia,Stellaria crassifolia,Stellaria crassifolia Ehrh.,0,0,0,0,0,0,0,0,0,0,0,0,0,0,0,0,0,0,0,0,0,0,0,0,0,0,0,0,0,0,0,0,0,0,0,0,0,0,0,0,0,0,0,0,0,0,0,0,0,0.5,0,1,0,0,0,0,0,0,1,0,0,0,0,0,0,0,0,0,0,0,0,0,0,0,0,0,0,0,0
Stellaria palustris,Stellaria palustris,Stellaria palustris Ehrh. ex Hoffm.,0,0,0,0,0,0,0,0,0,0,0,0,0,0,0,0,0,0,0,0,0,0,0,0,0,0,0,0,0,0,0,0,0,0,0,0,0,0,0,0,0,0,0,0,0,0,0,0,0,0,0,0,0,0,1,0,0,0,0,0,0,0,0,0,0,0,0,0,0,0,0,0,0,0,0,0,0,0,0
Stellaria peduncularis,Stellaria peduncularis,Stellaria longipes taxon peduncularis ,0.5,0.5,0.5,0,0.5,0.5,0.5,0.3,0.5,0.5,2,1,0,0.5,2,2,0,2,2,0,2,0,1,0,1,0,1,1,0.5,0,0,0,1,0.5,0.5,0,1,2,2,1,1,2,0,2,1,0,3,2,0,0,1,2,0,1,0,1,2,0,2,2,2,0,1,1,2,1,1,0,0,2,2,2,1,0,2,0,0,1,2
Stereocaulon alpinum,Stereocaulon alpinum,Stereocaulon alpinum Laur.,0,3,4,0,2,2,6,0,3,0,3,2,0,0,3,3,0,2,1,3,2,5,0,0,0,0.5,3,0,0,0,2,0,2,0,2,0,0,0,6,0,2,0,0,0,1,1,0.5,0,0,0,0,2,1,3,0,0.5,0,3,0,3,0,6,0,4,3,7,4,3,14,4,0.5,0,0,0,0,0,0,0,5
Stereocaulon glareosum,Stereocaulon glareosum,Stereocaulon glareosum (Sav.) Magn.,0,0,0,0,0,0,0,0,0,0,0,0,0,0,0,0,0,0,0,0,0,0,0,0,0,0,0,0,3,0,0,0,0,0,0,0,0,0,0,0,0,0,0,0,0,0,0,0,0,0,0,0,0,0,0,0,0,0,0,0,0,0,0,0,0,0,0,0,0,0,0,0,0,0,0,0,0,0,0
Stereocaulon paschale,Stereocaulon paschale,Stereocaulon paschale (L.) Hoffm.,0,3,0,0,0.5,2,0,0,0,0,0,0,0,0,0,2,0,0,0,0,0,0,0,0,0,0,0,0,0,0,0,0,0,2,0,0,0,0,0,0,0,0,0,0,0,0,0,0,0,0,0,0,0,0,0,0,1,0,0,0,0,0,0,0,0,0,0,0,0,0,0,0,0,0,0,0,0,0,0
Stereocaulon rivulorum,Stereocaulon rivulorum,Stereocaulon rivulorum H. Magn.,0,0,0,0,0,0,0,0,0,3,0,0,0,0,0,0,0,0,0,0,0,0,0,0,0,0,0,0,0,0,0,0,0,0,0,0,0,0,0,0,0,0,0,0,0,0,0,0,0,0,0,0,0,0,0,0,0,0,0,0,0,0,0,0,0,0,0,0,0,0,0,0,0,0,0,0,0,0,0
Stereocaulon spathuliferum,Stereocaulon spathuliferum,Stereocaulon spathuliferum Vain.,0,0,0,0,0,0,0,0,0,0,0,0,0,0,0,0,0,0,1,0,0,0,0,0,0,0,0,0,0,0,0,0,0,0,0,0,0,0,0,0,0,0,0,0,0,0,0,0,0,0,0,0,0,0,0,0,0,0,0,0,0,0,0,0,0,0,0,0,0,0,0,0,0,0,0,0,0,0,0
Stereocaulon species,Stereocaulon species,Stereocaulon species ,0,0,0,0,0,0,0,0,0,0,0,0,0,0,0,0,0,0,0,0,0,0,0,0,0,0,0,0,0,0,0,0,0,0,0,0,0,0,0,0,0,0,0,0,0,0,0,4,0,0,0,0,0,0,0,0,0,0,0,0,0,0,0,0,0,0,0,0,0,0,0,0,0,0,0,0,0,0,0
Stereodon holmenii = Hypnum holmenii,Hypnum species,Hypnum species,0,0,0,0,0,0,2,0.2,0,0,1,0,0,0,2,0,0,1,0,0,0,0,0,0,0,0,0,0,0,0,1,0,0,0,2,0,0,0,0,0,0,0,0,0,0,0,0,0,0,0,0,0,0,0,0,0,0,0,0,0,0,0,0,0,0,0,0,0,0,0,0,0,2,0,0,0,0,0,0
Sticta arctica,Sticta arctica,Sticta arctica Degel.,0,0,0,0,0,0,0,0,0,0.5,0.5,0.5,0,0,0,0,0,0,0,0,0,0,0,0,0,0,0,0,0,0,0,0,0,0,0,0,0,0,1,0,0,0,0,0,0,0,0,0,0,0,0,0,0,0,0,0,0,0,0,0,0,0,0,0.5,0,0,0,0,0,0,0,0,0,0,0,0,0,0,0
Straminergon stramineum,Straminergon stramineum,Calliergon stramineum (Dicks. ex Brid.) Kindb.,0,0,0,0,0,0,0,0,0,0,0,0,0,0,0,0,0,0,0,0,0,0,0,0,0,0,0,0,0,1,0,0,0,0,0,1,0,0,0,0,0,0,0,0,0,0,0,0,0,0,0,0,0,0,0,0,0,0,0,0,0,0,0,0,0,0,0,0,0,0,0,0,0,0,0,0,0,0,0
Tanacetum bipinnatum,Tanacetum bipinnatum,Tanacetum bipinnatum (L.) Sch.Bip.,0,0,0,0,0,0,0,0,0,0,0,0,0,0,0,0,0,0,0,0,0,0,0,0,0,0,0,0,0,0,0,0,0,0,0,0,0,0,0,0,0,0,0,0,0,0,0,0,0,0,0,0,0,0,0,0,0,0,0,0,0,0,0,0,0,0,0,0,0,0.5,0,0,0,0,0,0,4,3,0
Taraxacum ceratophorum,Taraxacum ceratophorum,Taraxacum ceratophorum aggregate ,0,0,0,0,0,0,0,0,0,0,0,0,0,0,0,0,0,0,0,0,0,0,0,0,0,0,0.5,0,0,0,0,0,0,0,0,0,0,0,0,0,0,0,0,0,0,0,0,0,0,0,0,0,0,0,0,0,0,0,0,0,0,0,0,0,0,0,0,0,0,0,0,0,0,0,0,0,0,0,0
Tephroseris atropurpurea,Tephroseris atropurpurea,Tephroseris atropurpurea (Ledeb.) Holub,0,0,0,0,0,0,0,0,0,0,0,0,0,0,0,0,0,0,0,0,0,0,1,0,0,0,0,0,0,1,0,0,0,0,0,0,0,1,0,0,0,0,0,0,0,0,0,0,0,0,1,0,0,0,1,0,0,0,0,0,0,0,0,1,0,0,0,0,0,0,0,0,0,0,2,0,0,0,0
Tetraplodon mnioides,Tetraplodon mnioides,Tetraplodon mnioides (Swartz ex Hedw.) Bruch & Schimp.,0,0,0,0,0,0,0,0,0,0,0,0,0,0,0,0,0,0,0,0,0,0,0,0,0,0,0,0,0,0,0,0,0,0,0,0,0,0,0,0,0,0,0,0,0,0,0,0,0,0,0.5,0,0,0,0,0,0,0,0,0,0,0,0,0,0,0,0,0,0,0,0,0,0,0,0,0,0,0,0
Thamnolia vermicularis,Thamnolia vermicularis s. vermicularis,Thamnolia vermicularis s. vermicularis (Sw.) Schaer.,0,2,1,0,0,2,2,0.5,0,3,2,3,0,2,2,2,1,2,2,3,1,0,0,0,1,2,2,0,1,0,0,0,6,3,0,0,0,1,2,0,1,0,0,0,1,0,0,1,0,0,2,0,0,5,0,3,2,0,0,0,0,2,0,2,2,0.5,0,0,0,0,0,0,1,0,0,0,0,2,2
Timmia austriaca,Timmia austriaca,Timmia austriaca Hedw.,0,0,0.5,0,0,0,1,0,0,0,0,0,0,0,0,0,0,0,0,1,0,0,0,0,0,0,0,0,0,0,0,0,0,0,0,0,0,0,0,0,0,0,0,0,0,0,0,0,0,0,0,0,0,0,0,0,0,0,0,0,0,0,0,0,0,0,0,0,0,0,0,0,0,0,0,0,0,0,0
Tomentypnum nitens,Tomentypnum nitens,Tomentypnum nitens (Hedw.) Loeske,15,20,25,0,0,8,3,15,0,0,0,22,0,20,7,0,0,0,40,0,50,0,0,10,7,30,0,0,0,0,40,0,5,6,10,0,0,0,3,5,12,0,0,0,30,10,0,0,0,0,20,0,35,0,0,50,0,30,0,40,0,0,0,6,0,5,35,0,0,2,40,50,2,0,2,5,0,0,0
Tripleurospermum hookeri,Tripleurospermum hookeri,Tripleurospermum maritimum s. phaeocephalum (Rupr.) HÄmet-Ahti,0,0,0,0,0,0,0,0,0,0,0,0,0,0,0,0,0,0,0,0,0,0,0,0,0,0,0,0,0,0,0,0,0,0,0,0,0,0,0,0,0,9,7,0,0,0,0,0,0,0,0,0,0,0,0,0,0,0,0,0,0,0,0.5,0,0,0,0,0,0,0,0,0,0,0,0,0,0,0,0
Trisetum litorale,Trisetum litorale,Trisetum sibiricum s. litorale Rupr. ex Roshev.,0,0,0,10,0,1,0,0,0,0,1,0,0,0,0,0,0,0,0,0,0,0,0,0,0,0,3,0,0,0,0,0,0,0,0,0,0,0,0,0,0,0,0,0,0,0,1,0,0,0,0,2,0,0,0,0,0,0,1,0,0,0,0,0,0,0,0,0,0,1,0,0,0,0,0,0,5,2,0
Trisetum molle,Trisetum molle,Trisetum molle (Michx.) Kunth,0,0,0,0,0,0,0,0,0,0,0,0,0,0,0,0,0,0,0,0,0,0,0,0,0,0,0,0,0,0,0,0,0,0,0,0,0,0,0,0,0,0,0,0,0,0,0,0,0,0,0,0,0,0,0,0,0,0,0,0,0,0,0,0,0,0,0,0,0,0,0,0,0,0,0,0,0,2,0
Trisetum spicatum,Trisetum spicatum,Trisetum spicatum (L.) K. Richt.,0,0,0,0,0,0,0,0,0,0,0,0,0,0,0,0,0,0,0,2,0,2,0,0,0,0,0,0,0,0,0,0,0,0,0,0,0,0,0,0,0,0,0,1,0,0,0,0,0,0,0,0,0,0,0,0,0,0,1,0,0,0,0,0,0,0,0,0,5,0,0,0,0,0,0,0,0,0,0
Vaccinium minus,Vaccinium vitis-idaea s. minus,Vaccinium vitis-idaea s. minus (Lodd.) HultÂn,0,0,2,0,0,2,0,0,2,0,0,3,0,11,18,5,0,0,0,5,2,0,0,0,6,4,0,0,6,0,0,0,11,5,0,0,0,0,0,0,3,0,0,0,3,0,0,8,0,0,4,0,0,4,0,0,4,0,0,0,0,0,0,0,7,6,3,2,0,0,0,0,0,0,0,0,0,0,0
Vaccinium uliginosum,Vaccinium uliginosum,Vaccinium uliginosum L.,0,0,0,0,0,0,0,2,0,0,0,0,0,0,0,0,0,0,0,2,0,0,0,0,0,0,0,0,0,0,0,0,0,0,0,0,0,0,0,0,4,0,0,0,0,0,0,0,0,0,0,0,0,0,0,0,0,0,0,0,0,0,0,0,5,0,5,0,0,0,0,0,0,0,0,0,0,0,0
Valeriana capitata,Valeriana capitata,Valeriana capitata Pall. ex Link,0.5,1,0.5,2,0,0,0,0,0,0.5,1,0.5,0,1,1,2,1,2,1,2,3,0,1,2,0.5,1,0,2,1,2,0,3,0,2,1,3,2,0,1,2,2,2,0,1,1,0,3,2,0,1,2,0,1,1,2,2,0,1,0,2,0,1,0,1,1,1,1,0,0,7,1,0,0,0,2,0,1,3,0
Warnstorfia exannulata,Warnstorfia exannulata,Warnstorfia exannulata (Schimp.) Loeske,0,0,0,0,0,0,0,0,0,0,0,0,0,0,0,0,0,0,0,0,0,0,0,0,0,0,0,0,0,0,0,0,0,0,0,0,0,0,0,0,0,0,0,0,0,0,0,0,0,0,0,0,0,0,10,0,0,0,0,0,0.5,0,0,0,0,0,0,0,0,0,0,0,0,0,0,0,0,0,0
Warnstorfia pseudostraminea,Warnstorfia pseudostraminea,Warnstorfia pseudostraminea (C. MÁll.) Tuom. & T. Kop.,0,0,0,0,0,0,0,0,0,0,0,0,0,0,0,0,0,0,0,0,0,0,0,0,0,0,0,0,0,0,0,0,0,0,0,0,0,0,0,0,0,0,0,0,0,0,0,0,0,0.5,0,0,0,0,0,0,0,0,0,0,0,0,0,0,0,0,0,0.2,0,0,0,0,2,0,0,0,0,0,0
Warnstorfia sarmenthosa,Warnstorfia sarmentosa,Warnstorfia sarmentosa (Wahlenb.) Hedenas,0,0,0,0,0,0,0,0,0,0,0,0,0,0,0,0,0,0,0,0,0,0,0,0,0,0,0,0,0,0,0,0,0,0,0,0,0,0,0,3,0,0,0,0,0,0,0,0,0,0,0,0,0,0,10,0,0,0,0,0,0,0,0,0,0,0,0,0,0,0,0,0,0,0,1,1,0,0,0
