RELEVE NUMBER,FIELD RELEVE NUMBER,DATE (YEARMONTHDAY),RELEVE AREA (M2),RELEVE SHAPE,COVERSCALE,REPEAT SAMPLED (Y/N),COLLECTION,COLLECTION METHOD,SYNTAXON CODE,SYSTEM FOR PLANT COMMUNITY NAME,PLANT COMMUNITY NAME,AUTHOR CODE,REFERENCE FOR SPECIES DATA,TABLE NUMBER FOR SPECIES DATA,NUMBER OF RELEVE IN TABLE,REFERENCE FOR ENVIRONMENTAL DATA,TABLE NUMBER FOR ENVIRONMENTAL DATA,SUBZONE,COUNTRY CODE,DATASET,REGION,LOCATION,PHYSIOGRAPHIC DIVISION,PHYSIOGRAPHIC REGION SOURCE,GEOREFERENCE (Y/N),GEOREFERENCE SOURCE,GEOREFERENCE ACCURACY (M),LATITUDE WGS 84 (DD),LONGITUDE WGS 84 (DD),ALTITUDE (M),SLOPE (DEGREES),ASPECT (DEGREES),TOPOGRAPHIC POSITION,SURFICIAL GEOLOGY,HABITAT TYPE ,SITE MOISTURE,DISTURBANCE,ORGANIC LAYER DEPTH (CM),SOIL TEXTURE  TOP MINERAL HORIZON,SOIL PH (at 10 cm),MOSSES IDENTIFIED (Y/N),LIVERWORTS IDENTIFIED (Y/N),LICHENS IDENTIFIED (Y/N),VASCULAR PLANT TAXONOMIC QUALITY ,CRYPTOGAM TAXONOMIC QUALITY,COVER TREE LAYER (%),COVER SHRUBS (%),COVER TALL SHRUBS (%),COVER LOW SHRUBS (%),COVER ERECT DWARF-SHRUBS (%),COVER DWARF-SHRUBS (%),COVER HERBS (%),COVER TUSSOCK GRAMINOIDS (%),COVER FORBS (%),COVER SEEDLESS VASCULAR PLANTS (%),COVER MOSSES (%),COVER LICHEN (%),COVER CRUST(%),COVER ALGAE LAYER (%),COVER BARE SOIL (%),COVER BARE ROCK (%),COVER OPEN WATER (%),COVER LITTER LAYER (%),COVER TOTAL (%),MEAN CANOPY HEIGHT (CM),MEAN TREE LAYER HEIGHT (CM),MEAN SHRUB LAYER HEIGHT (CM),MEAN HERB LAYER HEIGHT (CM),MEAN MOSS LAYER HEIGHT (CM),REMARKS
RELEVE_NR,FIELD_NR,DATE,REL_AREA ,SHAPE,COVERSCALE,REPEAT,COLLECT,COLL_METH,SYNTAXON,COMM_SYST,COMM_NAME,AUTHOR,REF_SPE,TABLE_SPP,NR_SPP_TAB,REF_ENV,TABLE_ENV,SUBZONE,COUNTRY,DATASET,REGION,LOCATION,PHYS_DIV,PHYS_SOUR,GEOREF,GEO_SOURC,ACCURACY,LATITUDE,LONGITUDE,ELEVATION,SLOPE,ASPECT,POSITION,SURF_GEOL,HAB_TYPE,SITE_MST,DISTURBAN,ORG_DEPTH,SOIL_TEXT,SOIL_PH,MOSS_IDENT,LIV_IDENT,LICH_IDENT,FLOR_QUAL,CRYP_QUAL,COV_TREES,COV_SHRUBS ,COV_TSHRUB,COV_LSHRUB,COV_DSHRUB,COV_DSHRUB,COV_HERBS ,COV_TGRAM,COV_FORB,COV_SLVAS,COV_MOSS,COV_LICHEN,COV_CRUST,COV_ALGAE,COV_SOIL,COV_ROCK,COV_WATER,COV_LITTER,COV_TOTAL,MEAN_HT,TREE_HT,SHRUB_HT,HERB_HT,MOSS_HT,REMARKS
21037,V41,20040811,25,,,N,,,,B-B,Tephroserido atropurpureaeñPolytrichetum stricti,OL, ,2,1,,,,RU,Oxycocco-Sphagnetea,,Vaigach Isl.,,,Y,GPS,,69.85361111,59.64305556,,,,,,,,,,,,Y,Y,Y,1,1,0,0,,,,5,70,,,,70,30,,,,,,,100,,,,,,
21038,V42,20040811,25,,,N,,,,B-B,Tephroserido atropurpureaeñPolytrichetum stricti,OL,,2,2,,,,RU,Oxycocco-Sphagnetea,,Vaigach Isl.,,,Y,GPS,,69.83638889,59.64361111,,,,,,,,,,,,Y,Y,Y,1,1,0,0,,,,5,60,,,,60,40,,,,,,,99,,,,,,
21039,V129,20100805,25,,,N,,,,B-B,Tephroserido atropurpureaeñPolytrichetum stricti,LAVR,,2,3,,,,RU,Oxycocco-Sphagnetea,,Vaigach Isl.,,,Y,GPS,,69.83430556,59.50108333,,,,,,,,,,,,Y,Y,Y,1,1,0,0,,,,1,15,,,,30,70,,,,,,,100,,,,,,
21040,V67,20040818,25,,,N,,,,B-B,Tephroserido atropurpureaeñPolytrichetum stricti,LAVR,,2,4,,,,RU,Oxycocco-Sphagnetea,,Vaigach Isl.,,,Y,GPS,,69.83777778,59.62916667,,,,,,,,,,,,Y,Y,Y,1,1,0,0,,,,5,30,,,,50,40,,,,,,,100,,,,,,
21041,V58,20040813,25,,,N,,,,B-B,Tephroserido atropurpureaeñPolytrichetum stricti,LAVR,,2,5,,,,RU,Oxycocco-Sphagnetea,,Vaigach Isl.,,,Y,GPS,,69.82027778,59.69083333,,,,,,,,,,,,Y,Y,Y,1,1,0,0,,,,1,30,,,,50,50,,,,,,,100,,,,,,
21042,V61,20040814,25,,,N,,,,B-B,Tephroserido atropurpureaeñPolytrichetum stricti,LAVR,,2,6,,,,RU,Oxycocco-Sphagnetea,,Vaigach Isl.,,,Y,GPS,,69.83416667,59.50111111,,,,,,,,,,,,Y,Y,Y,1,1,0,0,,,,1,30,,,,60,40,,,,,,,100,,,,,,
21043,107,20040707,25,,,N,,,,B-B,Rubo chamaemoriñDicranetum elongati subass. inops var. Ochrolechia frigida,LAVR,,2,7,,,,RU,Oxycocco-Sphagnetea,,Dolgii Isl. in Barents Sea,,,Y,GPS,,69.16027778,59.23055556,,,,,,,,,,,,Y,Y,Y,1,1,0,1,,,,15,5,,,,1,80,,,,,,,99,,,,,,
21044,71b,20050905,25,,,N,,,,B-B,Rubo chamaemoriñDicranetum elongati subass. inops var. Ochrolechia frigida,LAVR,,2,8,,,,RU,Oxycocco-Sphagnetea,,"Kolguev Isl., Peschanka River basin in the downstream",,,Y,GPS,,69.11944444,49.93444444,,,,,,,,,,,,Y,Y,Y,1,1,0,0,,,,30,15,,,,15,35,,,,,,,99,,,,,,
21045,26,20120806,25,,,N,,,,B-B,Rubo chamaemoriñDicranetum elongati subass. inops var. Ochrolechia frigida,LAVR,,2,9,,,,RU,Oxycocco-Sphagnetea,,"Kolguev Isl., Bugryanka River basin",,,Y,GPS,,68.85158333,49.18527778,,,,,,,,,,,,Y,Y,Y,1,1,0,1,,,,15,10,,,,10,70,,,,,,,99,,,,,,
21046,28,20120806,25,,,N,,,,B-B,Rubo chamaemoriñDicranetum elongati subass. inops var. Ochrolechia frigida,LAVR,,2,10,,,,RU,Oxycocco-Sphagnetea,,"Kolguev Isl., Bugryanka River basin",,,Y,GPS,,68.85297222,49.18111111,,,,,,,,,,,,Y,Y,Y,1,1,0,2,,,,10,20,,,,30,60,,,,,,,98,,,,,,
21047,25,20120806,25,,,N,,,,B-B,Rubo chamaemoriñDicranetum elongati subass. inops var. Ochrolechia frigida,LAVR,,2,11,,,,RU,Oxycocco-Sphagnetea,,"Kolguev Isl., Bugryanka River basin",,,Y,GPS,,68.85147222,49.18897222,,,,,,,,,,,,Y,Y,Y,1,1,0,1,,,,30,25,,,,15,40,,,,,,,99,,,,,,
21048,35,20120807,25,,,N,,,,B-B,Rubo chamaemoriñDicranetum elongati subass. inops var. Ochrolechia frigida,LAVR,,2,12,,,,RU,Oxycocco-Sphagnetea,,"Kolguev Isl., Bugryanka River basin",,,Y,GPS,,68.87491667,49.24944444,,,,,,,,,,,,Y,Y,Y,1,1,0,0,,,,30,20,,,,20,40,,,,,,,99,,,,,,
21049,37,20120808,25,,,N,,,,B-B,Rubo chamaemoriñDicranetum elongati subass. inops var. Ochrolechia frigida,LAVR,,2,13,,,,RU,Oxycocco-Sphagnetea,,"Kolguev Isl., Bugryanka River basin",,,Y,GPS,,68.8705,49.31169444,,,,,,,,,,,,Y,Y,Y,1,1,0,1,,,,10,20,,,,20,70,,,,,,,99,,,,,,
21050,39,20120808,25,,,N,,,,B-B,Rubo chamaemoriñDicranetum elongati subass. inops var. Ochrolechia frigida,LAVR,,2,14,,,,RU,Oxycocco-Sphagnetea,,"Kolguev Isl., Bugryanka River basin",,,Y,GPS,,68.87005556,49.30305556,,,,,,,,,,,,Y,Y,Y,1,1,0,2,,,,30,20,,,,20,40,,,,,,,99,,,,,,
21051,47,20120810,25,,,N,,,,B-B,Rubo chamaemoriñDicranetum elongati subass. inops var. Ochrolechia frigida,LAVR,,2,15,,,,RU,Oxycocco-Sphagnetea,,"Kolguev Isl., Bugryanka River basin",,,Y,GPS,,68.85066667,49.25308333,,,,,,,,,,,,Y,Y,Y,1,1,0,5,,,,50,20,,,,50,30,,,,,,,99,,,,,,
21052,53,20120811,25,,,N,,,,B-B,Rubo chamaemoriñDicranetum elongati subass. inops var. Ochrolechia frigida,LAVR,,2,16,,,,RU,Oxycocco-Sphagnetea,,"Kolguev Isl., Bugryanka River basin",,,Y,GPS,,68.87261111,49.19861111,,,,,,,,,,,,Y,Y,Y,1,1,0,1,,,,20,20,,,,40,40,,,,,,,100,,,,,,
21053,58,20120812,25,,,N,,,,B-B,Rubo chamaemoriñDicranetum elongati subass. inops var. Ochrolechia frigida,LAVR,,2,17,,,,RU,Oxycocco-Sphagnetea,,"Kolguev Isl., Bugryanka River basin",,,Y,GPS,,68.88247222,49.24144444,,,,,,,,,,,,Y,Y,Y,1,1,0,10,,,,40,5,,,,50,20,,,,,,,90,,,,,,
21054,69,20120816,25,,,N,,,,B-B,Rubo chamaemoriñDicranetum elongati subass. inops var. Ochrolechia frigida,LAVR,,2,18,,,,RU,Oxycocco-Sphagnetea,,"Kolguev Isl., Bugryanka River basin",,,Y,GPS,,68.899,49.22111111,,,,,,,,,,,,Y,Y,Y,1,1,0,1,,,,30,30,,,,50,30,,,,,,,100,,,,,,
21055,70b,20050905,25,,,N,,,,B-B,Rubo chamaemoriñDicranetum elongati subass. inops var. Ochrolechia frigida,LAVR,,2,19,,,,RU,Oxycocco-Sphagnetea,,"Kolguev Isl., Peschanka River basin in the downstream",,,Y,GPS,,69.125,49.94111111,,,,,,,,,,,,Y,Y,Y,1,1,0,0,,,,30,20,,,,10,40,,,,,,,99,,,,,,
21056,K87,20070906,25,,,N,,,,B-B,Rubo chamaemoriñDicranetum elongati subass. inops var. Ochrolechia frigida,LAVR,,2,20,,,,RU,Oxycocco-Sphagnetea,,"Kolguev Isl., Peschanka River basin in the downstream",,,Y,GPS,,69.17641667,49.9115,,,,,,,,,,,,Y,Y,Y,1,1,0,5,,,,20,25,,,,35,35,,,,,,,100,,,,,,
21057,60,20030707,25,,,N,,,,B-B,Rubo chamaemoriñDicranetum elongati subass. inops var. typicum ,LAVR,,2,21,,,,RU,Oxycocco-Sphagnetea,,Dolgii Isl. in Barents Sea,,,Y,GPS,,69.18138889,59.23472222,,,,,,,,,,,,Y,Y,Y,1,1,0,1,,,,5,10,,,,5,85,,,,,,,100,,,,,,
21058,52,20030705,25,,,N,,,,B-B,Rubo chamaemoriñDicranetum elongati subass. inops var. typicum ,LAVR,,2,22,,,,RU,Oxycocco-Sphagnetea,,Dolgii Isl. in Barents Sea,,,Y,GPS,,69.1775,59.23333333,,,,,,,,,,,,Y,Y,Y,1,1,0,1,,,,10,5,,,,5,80,,,,,,,100,,,,,,
21059,55,20030706,25,,,N,,,,B-B,Rubo chamaemoriñDicranetum elongati subass. inops var. typicum ,LAVR,,2,23,,,,RU,Oxycocco-Sphagnetea,,Dolgii Isl. in Barents Sea,,,Y,GPS,,69.18361111,59.22972222,,,,,,,,,,,,Y,Y,Y,1,1,0,1,,,,5,5,,,,5,85,,,,,,,100,,,,,,
21060,59,20030707,25,,,N,,,,B-B,Rubo chamaemoriñDicranetum elongati subass. inops var. typicum ,LAVR,,2,24,,,,RU,Oxycocco-Sphagnetea,,Dolgii Isl. in Barents Sea,,,Y,GPS,,69.18916667,59.23027778,,,,,,,,,,,,Y,Y,Y,1,1,0,5,,,,20,5,,,,10,70,,,,,,,100,,,,,,
21061,54,20030705,25,,,N,,,,B-B,Rubo chamaemoriñDicranetum elongati subass. inops var. typicum ,LAVR,,2,25,,,,RU,Oxycocco-Sphagnetea,,Dolgii Isl. in Barents Sea,,,Y,GPS,,69.18527778,59.26416667,,,,,,,,,,,,Y,Y,Y,1,1,0,10,,,,10,5,,,,10,70,,,,,,,100,,,,,,
21062,50,20030705,25,,,N,,,,B-B,Rubo chamaemoriñDicranetum elongati subass. inops var. typicum ,LAVR,,2,26,,,,RU,Oxycocco-Sphagnetea,,Dolgii Isl. in Barents Sea,,,Y,GPS,,69.185,59.26055556,,,,,,,,,,,,Y,Y,Y,1,1,0,25,,,,10,5,,,,20,60,,,,,,,100,,,,,,
21063,56,20030706,25,,,N,,,,B-B,Rubo chamaemoriñDicranetum elongati subass. inops var. typicum ,LAVR,,2,27,,,,RU,Oxycocco-Sphagnetea,,Dolgii Isl. in Barents Sea,,,Y,GPS,,69.25416667,59.12416667,,,,,,,,,,,,Y,Y,Y,1,1,0,1,,,,5,10,,,,10,80,,,,,,,100,,,,,,
21064,57,20030707,25,,,N,,,,B-B,Rubo chamaemoriñDicranetum elongati subass. inops var. typicum ,LAVR,,2,28,,,,RU,Oxycocco-Sphagnetea,,Dolgii Isl. in Barents Sea,,,Y,GPS,,69.25277778,59.12361111,,,,,,,,,,,,Y,Y,Y,1,1,0,1,,,,10,5,,,,5,85,,,,,,,100,,,,,,
21065,51,20030705,25,,,N,,,,B-B,Rubo chamaemoriñDicranetum elongati subass. inops var. typicum ,LAVR,,2,29,,,,RU,Oxycocco-Sphagnetea,,Dolgii Isl. in Barents Sea,,,Y,GPS,,69.17083333,59.23527778,,,,,,,,,,,,Y,Y,Y,1,1,0,0,,,,10,5,,,,1,85,,,,,,,100,,,,,,
21066,D20,20060704,25,,,N,,,,B-B,Rubo chamaemoriñDicranetum elongati subass. caricetosum rariflorae var. typicum,OL,,3,1,,,,RU,Oxycocco-Sphagnetea,,Svaytoi Nos Cape,,,Y,GPS,,67.8950833,48.6671944,,,,,,,,,,,,Y,Y,Y,1,1,0,1,,,,5,10,,,,1,90,,,,,,,100,,,,,,
21067,KN34,20010808,25,,,N,,,,B-B,Rubo chamaemoriñDicranetum elongati subass. caricetosum rariflorae var. typicum,OL,,3,2,,,,RU,Oxycocco-Sphagnetea,,Kuzneckiy Nos Cape,,,Y,GPS,,68.8206667,53.9845833,,,,,,,,,,,,Y,Y,Y,1,1,0,0,,,,10,10,,,,5,90,,,,,,,100,,,,,,
21068,T122a,20110708,25,,,N,,,,B-B,Rubo chamaemoriñDicranetum elongati subass. caricetosum rariflorae var. typicum,LAVR,,3,3,,,,RU,Oxycocco-Sphagnetea,,"Tobseda settlement, Kolokolkova Bay",,,Y,GPS,,68.6168333,52.47,,,,,,,,,,,,Y,Y,Y,1,1,0,1,,,,10,15,,,,5,80,,,,,,,100,,,,,,
21069,KT82,20010812,25,,,N,,,,B-B,Rubo chamaemoriñDicranetum elongati subass. caricetosum rariflorae var. typicum,OL,,3,4,,,,RU,Oxycocco-Sphagnetea,,Kuzneckoe-To Lake,,,Y,GPS,,68.8349444,53.9678611,,,,,,,,,,,,Y,Y,Y,1,1,0,1,,,,20,20,,,,1,90,,,,,,,100,,,,,,
21070,KT81,20010812,25,,,N,,,,B-B,Rubo chamaemoriñDicranetum elongati subass. caricetosum rariflorae var. typicum,OL,,3,5,,,,RU,Oxycocco-Sphagnetea,,Kuzneckoe-To Lake,,,Y,GPS,,68.8711111,53.9787778,,,,,,,,,,,,Y,Y,Y,1,1,0,1,,,,10,10,,,,1,90,,,,,,,100,,,,,,
21071,K13,20010805,25,,,N,,,,B-B,Rubo chamaemoriñDicranetum elongati subass. caricetosum rariflorae var. typicum,OL,,3,6,,,,RU,Oxycocco-Sphagnetea,,Kuzneckiy Nos Cape,,,Y,GPS,,68.8421944,53.9033611,,,,,,,,,,,,Y,Y,Y,1,1,0,1,,,,5,5,,,,1,90,,,,,,,100,,,,,,
21072,K11,20010805,25,,,N,,,,B-B,Rubo chamaemoriñDicranetum elongati subass. caricetosum rariflorae var. typicum,OL,,3,7,,,,RU,Oxycocco-Sphagnetea,,Kuzneckiy Nos Cape,,,Y,GPS,,68.8428333,53.9117778,,,,,,,,,,,,Y,Y,Y,1,1,0,1,,,,5,5,,,,1,90,,,,,,,100,,,,,,
21073,K12,20010805,25,,,N,,,,B-B,Rubo chamaemoriñDicranetum elongati subass. caricetosum rariflorae var. typicum,OL,,3,8,,,,RU,Oxycocco-Sphagnetea,,Kuzneckiy Nos Cape,,,Y,GPS,,68.8426944,53.9046111,,,,,,,,,,,,Y,Y,Y,1,1,0,0,,,,10,10,,,,10,85,,,,,,,100,,,,,,
21074,D66,20010812,25,,,N,,,,B-B,Rubo chamaemoriñDicranetum elongati subass. caricetosum rariflorae var. typicum,OL,,3,9,,,,RU,Oxycocco-Sphagnetea,,Dolgii Island in Pechora Bay,,,Y,GPS,,68.8163056,54.2350278,,,,,,,,,,,,Y,Y,Y,1,1,0,0,,,,5,10,,,,5,90,,,,,,,100,,,,,,
21075,pl16a,20060706,25,,,N,,,,B-B,Rubo chamaemoriñDicranetum elongati subass. caricetosum rariflorae var. typicum,OL,,3,10,,,,RU,Oxycocco-Sphagnetea,,Svaytoi Nos Cape,,,Y,GPS,,67.9081667,48.6021944,,,,,,,,,,,,Y,Y,Y,1,1,0,1,,,,5,15,,,,5,80,,,,,,,100,,,,,,
21076,T63,20020720,25,,,N,,,,B-B,Rubo chamaemoriñDicranetum elongati subass. caricetosum rariflorae var. typicum,OL,,3,11,,,,RU,Oxycocco-Sphagnetea,,"Tobseda settlement, Kolokolkova Bay",,,Y,GPS,,68.6266667,52.4378333,,,,,,,,,,,,Y,Y,Y,1,1,0,1,,,,5,15,,,,1,80,,,,,,,100,,,,,,
21077,TN5,20070711,25,,,N,,,,B-B,Rubo chamaemoriñDicranetum elongati subass. caricetosum rariflorae var. Ochrolechia frigida,LAVR,,3,12,,,,RU,Oxycocco-Sphagnetea,,Tonkiy Nos Cape,,,Y,GPS,,68.7175278,53.8455,,,,,,,,,,,,Y,Y,Y,1,1,0,1,,,,10,30,,,,10,50,,,,,,,100,,,,,,
21078,TN1,20070710,25,,,N,,,,B-B,Rubo chamaemoriñDicranetum elongati subass. caricetosum rariflorae var. Ochrolechia frigida,LAVR,,3,13,,,,RU,Oxycocco-Sphagnetea,,Tonkiy Nos Cape,,,Y,GPS,,68.6896389,53.8360833,,,,,,,,,,,,Y,Y,Y,1,1,0,0,,,,20,20,,,,15,70,,,,,,,100,,,,,,
21079,6_5a,19970705,25,,,N,,,,B-B,Rubo chamaemoriñDicranetum elongati subass. caricetosum rariflorae var. Ochrolechia frigida,LAVR,,3,14,,,,RU,Oxycocco-Sphagnetea,,Peschanka-To lake,,,Y,GPS,,68.7753611,53.2103333,,,,,,,,,,,,Y,Y,Y,1,1,0,1,,,,20,5,,,,5,70,,,,,,,100,,,,,,
21080,T117,20110708,25,,,N,,,,B-B,Rubo chamaemoriñDicranetum elongati subass. caricetosum rariflorae var. Ochrolechia frigida,LAVR,,3,15,,,,RU,Oxycocco-Sphagnetea,,"Tobseda settlement, Kolokolkova Bay",,,Y,GPS,,68.6178056,52.4720833,,,,,,,,,,,,Y,Y,Y,1,1,0,5,,,,5,5,,,,10,80,,,,,,,99,,,,,,
21081,T119,20110708,25,,,N,,,,B-B,Rubo chamaemoriñDicranetum elongati subass. caricetosum rariflorae var. Ochrolechia frigida,LAVR,,3,16,,,,RU,Oxycocco-Sphagnetea,,"Tobseda settlement, Kolokolkova Bay",,,Y,GPS,,68.6207222,52.4718056,,,,,,,,,,,,Y,Y,Y,1,1,0,5,,,,10,15,,,,10,60,,,,,,,100,,,,,,
21082,9_2a,19980821,25,,,N,,,,B-B,Rubo chamaemoriñDicranetum elongati subass. caricetosum rariflorae var. Ochrolechia frigida,LAVR,,3,17,,,,RU,Oxycocco-Sphagnetea,,Peschanka-To lake,,,Y,GPS,,68.7718611,53.2291111,,,,,,,,,,,,Y,Y,Y,1,1,0,0,,,,15,15,,,,15,80,,,,,,,100,,,,,,
21083,9_12a,19980822,25,,,N,,,,B-B,Rubo chamaemoriñDicranetum elongati subass. caricetosum rariflorae var. Ochrolechia frigida,LAVR,,3,18,,,,RU,Oxycocco-Sphagnetea,,Peschanka-To lake,,,Y,GPS,,68.7586389,53.2041389,,,,,,,,,,,,Y,Y,Y,1,1,0,3,,,,20,10,,,,15,50,,,,,,,100,,,,,,
21084,TN18,20070713,25,,,N,,,,B-B,Rubo chamaemoriñDicranetum elongati subass. caricetosum rariflorae var. Ochrolechia frigida,LAVR,,3,19,,,,RU,Oxycocco-Sphagnetea,,Tonkiy Nos Cape,,,Y,GPS,,68.7069722,53.8217778,,,,,,,,,,,,Y,Y,Y,1,1,0,5,,,,10,10,,,,1,80,,,,,,,100,,,,,,
21085,TN10,20070711,25,,,N,,,,B-B,Rubo chamaemoriñDicranetum elongati subass. caricetosum rariflorae var. Ochrolechia frigida,LAVR,,3,20,,,,RU,Oxycocco-Sphagnetea,,Tonkiy Nos Cape,,,Y,GPS,,68.7231389,53.8324722,,,,,,,,,,,,Y,Y,Y,1,1,0,1,,,,15,20,,,,10,70,,,,,,,100,,,,,,
21086,TN11,20070711,25,,,N,,,,B-B,Rubo chamaemoriñDicranetum elongati subass. caricetosum rariflorae var. Ochrolechia frigida,LAVR,,3,21,,,,RU,Oxycocco-Sphagnetea,,Tonkiy Nos Cape,,,Y,GPS,,68.7208611,53.8347778,,,,,,,,,,,,Y,Y,Y,1,1,0,5,,,,5,20,,,,10,80,,,,,,,100,,,,,,
21087,TN4,20070711,25,,,N,,,,B-B,Rubo chamaemoriñDicranetum elongati subass. caricetosum rariflorae var. Ochrolechia frigida,LAVR,,3,22,,,,RU,Oxycocco-Sphagnetea,,Tonkiy Nos Cape,,,Y,GPS,,68.7100833,53.8560278,,,,,,,,,,,,Y,Y,Y,1,1,0,0,,,,40,5,,,,10,50,,,,,,,100,,,,,,
21088,D15,20060704,25,,,N,,,,B-B,Rubo chamaemoriñDicranetum elongati subass. caricetosum rariflorae var. Ochrolechia frigida,OL,,3,23,,,,RU,Oxycocco-Sphagnetea,,Svaytoi Nos Cape,,,Y,GPS,,67.8893333,48.6515,,,,,,,,,,,,Y,Y,Y,1,1,0,1,,,,10,5,,,,15,70,,,,,,,100,,,,,,
21089,2-Jun,20090719,25,,,N,,,,B-B,Carici globularisñPleurozietum schreberi,LAVR,,5,1,,,,RU,Oxycocco-Sphagnetea,,Shapkina river basin,,,Y,GPS,,67.5513611,55.0081944,,,,,,,,,,,,Y,Y,Y,1,1,0,1,,,,40,10,,,,5,80,,,,,,,100,,,,,,
21090,2-Jul,20090719,25,,,N,,,,B-B,Carici globularisñPleurozietum schreberi,LAVR,,5,2,,,,RU,Oxycocco-Sphagnetea,,Shapkina river basin,,,Y,GPS,,67.5483889,55.0079444,,,,,,,,,,,,Y,Y,Y,1,1,0,10,,,,60,10,,,,15,80,,,,,,,100,,,,,,
21091,Feb-32,20090722,25,,,N,,,,B-B,Carici globularisñPleurozietum schreberi,LAVR,,5,3,,,,RU,Oxycocco-Sphagnetea,,Shapkina river basin,,,Y,GPS,,67.5670278,54.92575,,,,,,,,,,,,Y,Y,Y,1,1,0,1,,,,30,40,,,,10,40,,,,,,,100,,,,,,
21092,F2.1,20100625,25,,,N,,,,B-B,Carici globularisñPleurozietum schreberi,LAVR,,5,4,,,,RU,Oxycocco-Sphagnetea,,Kharyaga oilfield,,,Y,GPS,,67.0341944,56.8816667,,,,,,,,,,,,Y,Y,Y,1,1,0,10,,,,30,5,,,,5,70,,,,,,,100,,,,,,
21093,VT3,20030809,25,,,N,,,,B-B,Carici globularisñPleurozietum schreberi,LAVR,,5,5,,,,RU,Oxycocco-Sphagnetea,,Volosechnye tundras,,,Y,GPS,,68.0201944,53.1279444,,,,,,,,,,,,Y,Y,Y,1,1,0,1,,,,30,10,,,,5,65,,,,,,,100,,,,,,
21094,VT4,20030809,25,,,N,,,,B-B,Carici globularisñPleurozietum schreberi,LAVR,,5,6,,,,RU,Oxycocco-Sphagnetea,,Volosechnye tundras,,,Y,GPS,,68.0206389,53.1310556,,,,,,,,,,,,Y,Y,Y,1,1,0,1,,,,10,10,,,,1,85,,,,,,,100,,,,,,
21095,VT10,20030810,25,,,N,,,,B-B,Carici globularisñPleurozietum schreberi,LAVR,,5,7,,,,RU,Oxycocco-Sphagnetea,,Volosechnye tundras,,,Y,GPS,,68.0109167,53.1352222,,,,,,,,,,,,Y,Y,Y,1,1,0,1,,,,15,10,,,,10,75,,,,,,,100,,,,,,
21096,VT5,20030809,25,,,N,,,,B-B,Carici globularisñPleurozietum schreberi,LAVR,,5,8,,,,RU,Oxycocco-Sphagnetea,,Volosechnye tundras,,,Y,GPS,,68.0134444,53.1312778,,,,,,,,,,,,Y,Y,Y,1,1,0,1,,,,5,5,,,,5,80,,,,,,,100,,,,,,
21097,VT23,20030812,25,,,N,,,,B-B,Carici globularisñPleurozietum schreberi,LAVR,,5,9,,,,RU,Oxycocco-Sphagnetea,,Volosechnye tundras,,,Y,GPS,,68.0143611,53.1385833,,,,,,,,,,,,Y,Y,Y,1,1,0,1,,,,10,5,,,,5,80,,,,,,,100,,,,,,
21098,VT80,20030813,25,,,N,,,,B-B,Carici globularisñPleurozietum schreberi,LAVR,,5,10,,,,RU,Oxycocco-Sphagnetea,,Volosechnye tundras,,,Y,GPS,,68.0161389,53.1205556,,,,,,,,,,,,Y,Y,Y,1,1,0,1,,,,5,5,,,,1,90,,,,,,,100,,,,,,
21099,VT27,20030813,25,,,N,,,,B-B,Carici globularisñPleurozietum schreberi,LAVR,,5,11,,,,RU,Oxycocco-Sphagnetea,,Volosechnye tundras,,,Y,GPS,,68.018,53.12125,,,,,,,,,,,,Y,Y,Y,1,1,0,1,,,,15,10,,,,5,80,,,,,,,100,,,,,,
21100,VT82,20030813,25,,,N,,,,B-B,Carici globularisñPleurozietum schreberi,LAVR,,5,12,,,,RU,Oxycocco-Sphagnetea,,Volosechnye tundras,,,Y,GPS,,68.0104722,53.1252222,,,,,,,,,,,,Y,Y,Y,1,1,0,1,,,,15,20,,,,5,75,,,,,,,100,,,,,,
21101,Feb-84,20090719,25,,,N,,,,B-B,Carici globularisñPleurozietum schreberi,LAVR,,5,13,,,,RU,Oxycocco-Sphagnetea,,Shapkina river basin,,,Y,GPS,,67.5515278,55.0100833,,,,,,,,,,,,Y,Y,Y,1,1,0,1,,,,30,50,,,,15,65,,,,,,,100,,,,,,
21102,Feb-85,20090720,25,,,N,,,,B-B,Carici globularisñPleurozietum schreberi,LAVR,,5,14,,,,RU,Oxycocco-Sphagnetea,,Shapkina river basin,,,Y,GPS,,67.5668889,54.9761944,,,,,,,,,,,,Y,Y,Y,1,1,0,1,,,,30,50,,,,20,60,,,,,,,100,,,,,,
21103,C94,20060701,25,,,N,,,,B-B,Carici globularisñPleurozietum schreberi,OL,,5,15,,,,RU,Oxycocco-Sphagnetea,,Bolíshaja Mutnaja river basin,,,Y,GPS,,67.5959444,49.4699722,,,,,,,,,,,,Y,Y,Y,1,1,0,20,,,,30,5,,,,20,40,,,,,,,100,,,,,,
21104,O23,20080716,25,,,N,,,,B-B,Carici globularisñPleurozietum schreberi,LAVR,,5,16,,,,RU,Oxycocco-Sphagnetea,,Oshskoye oilfield,,,Y,GPS,,67.0616111,56.6433889,,,,,,,,,,,,Y,Y,Y,1,1,0,5,,,,20,60,,,,20,50,,,,,,,99,,,,,,
21105,O8,20080713,25,,,N,,,,B-B,Carici globularisñPleurozietum schreberi,LAVR,,5,17,,,,RU,Oxycocco-Sphagnetea,,Oshskoye oilfield,,,Y,GPS,,67.0333611,56.6882222,,,,,,,,,,,,Y,Y,Y,1,1,0,10,,,,40,40,,,,10,50,,,,,,,100,,,,,,
21106,F2.3,20100625,25,,,N,,,,B-B,Carici globularisñPleurozietum schreberi,LAVR,,5,18,,,,RU,Oxycocco-Sphagnetea,,Kharyaga oilfield,,,Y,GPS,,67.0354722,56.8825278,,,,,,,,,,,,Y,Y,Y,1,1,0,5,,,,15,30,,,,1,70,,,,,,,100,,,,,,
21107,Feb-81,20090719,25,,,N,,,,B-B,Carici globularisñPleurozietum schreberi,LAVR,,5,19,,,,RU,Oxycocco-Sphagnetea,,Shapkina river basin,,,Y,GPS,,67.5679167,54.9293611,,,,,,,,,,,,Y,Y,Y,1,1,0,1,,,,40,10,,,,5,80,,,,,,,100,,,,,,
21108,A18,20090719,25,,,N,,,,B-B,Carici globularisñPleurozietum schreberi,LAVR,,5,20,,,,RU,Oxycocco-Sphagnetea,,Shapkina river basin,,,Y,GPS,,67.4849167,51.3273889,,,,,,,,,,,,Y,Y,Y,1,1,0,1,,,,40,10,,,,5,80,,,,,,,100,,,,,,
21109,2-Aug,20090719,25,,,N,,,,B-B,Carici globularisñPleurozietum schreberi,LAVR,,5,21,,,,RU,Oxycocco-Sphagnetea,,Shapkina river basin,,,Y,GPS,,67.5520833,55.0106389,,,,,,,,,,,,Y,Y,Y,1,1,0,1,,,,40,10,,,,5,80,,,,,,,100,,,,,,
21110,Feb-31,20090719,25,,,N,,,,B-B,Carici globularisñPleurozietum schreberi,LAVR,,5,22,,,,RU,Oxycocco-Sphagnetea,,Shapkina river basin,,,Y,GPS,,67.5656389,54.9749444,,,,,,,,,,,,Y,Y,Y,1,1,0,1,,,,40,10,,,,5,80,,,,,,,100,,,,,,
21111,Feb-33,20090719,25,,,N,,,,B-B,Carici globularisñPleurozietum schreberi,LAVR,,5,23,,,,RU,Oxycocco-Sphagnetea,,Shapkina river basin,,,Y,GPS,,67.5686111,54.9368889,,,,,,,,,,,,Y,Y,Y,1,1,0,1,,,,40,10,,,,5,80,,,,,,,100,,,,,,
21112,VT22,20090719,25,,,N,,,,B-B,Carici globularisñPleurozietum schreberi,LAVR,,5,24,,,,RU,Oxycocco-Sphagnetea,,Volosechnye tundras,,,Y,GPS,,68.0158056,53.1332778,,,,,,,,,,,,Y,Y,Y,1,1,0,1,,,,40,10,,,,5,80,,,,,,,100,,,,,,
21113,Feb-83,20090719,25,,,N,,,,B-B,Carici globularisñPleurozietum schreberi,LAVR,,5,25,,,,RU,Oxycocco-Sphagnetea,,Shapkina river basin,,,Y,GPS,,67.5495,55.008,,,,,,,,,,,,Y,Y,Y,1,1,0,1,,,,40,10,,,,5,80,,,,,,,100,,,,,,
21114,Feb-82,20090719,25,,,N,,,,B-B,Carici globularisñPleurozietum schreberi,LAVR,,5,26,,,,RU,Oxycocco-Sphagnetea,,Shapkina river basin,,,Y,GPS,,67.5505278,55.0091944,,,,,,,,,,,,Y,Y,Y,1,1,0,1,,,,40,10,,,,5,80,,,,,,,100,,,,,,
21115,6_3O,20090719,25,,,N,,,,B-B,Carici globularisñPleurozietum schreberi,LAVR,,5,27,,,,RU,Oxycocco-Sphagnetea,,Shapkina river basin,,,Y,GPS,,67.4734167,59.6768611,,,,,,,,,,,,Y,Y,Y,1,1,0,1,,,,40,10,,,,5,80,,,,,,,100,,,,,,
21116,3,20080829,25,,,N,,,,B-B,Rubo chamaemoriñDicranetum elongati subass. typicum var. Ochrolechia frigida,OL,,4,1,,,,RU,Oxycocco-Sphagnetea,,Belaja river basin,,,Y,GPS,,67.2998889,48.9916944,,,,,,,,,,,,Y,Y,Y,1,1,0,25,,,,15,2,,,,25,30,,,,,,,95,,,,,,
21117,C100,20060702,25,,,N,,,,B-B,Rubo chamaemoriñDicranetum elongati subass. typicum var. Ochrolechia frigida,OL,,4,2,,,,RU,Oxycocco-Sphagnetea,,Bolíshaja Mutnaja river basin,,,Y,GPS,,67.5826389,49.5275,,,,,,,,,,,,Y,Y,Y,1,1,0,5,,,,30,10,,,,5,40,,,,,,,99,,,,,,
21118,B37,20060626,25,,,N,,,,B-B,Rubo chamaemoriñDicranetum elongati subass. typicum var. Ochrolechia frigida,OL,,4,3,,,,RU,Oxycocco-Sphagnetea,,Lysuteyto Lake,,,Y,GPS,,67.5296111,50.39675,,,,,,,,,,,,Y,Y,Y,1,1,0,1,,,,60,5,,,,5,30,,,,,,,95,,,,,,
21119,B31,20060625,25,,,N,,,,B-B,Rubo chamaemoriñDicranetum elongati subass. typicum var. Ochrolechia frigida,OL,,4,4,,,,RU,Oxycocco-Sphagnetea,,Lysuteyto Lake,,,Y,GPS,,67.5260833,50.4473611,,,,,,,,,,,,Y,Y,Y,1,1,0,1,,,,20,5,,,,10,60,,,,,,,95,,,,,,
21120,A3,20060622,25,,,N,,,,B-B,Rubo chamaemoriñDicranetum elongati subass. typicum var. Ochrolechia frigida,OL,,4,5,,,,RU,Oxycocco-Sphagnetea,,Maloe Leysato Lake,,,Y,GPS,,67.4952778,51.1515556,,,,,,,,,,,,Y,Y,Y,1,1,0,5,,,,50,5,,,,5,50,,,,,,,99,,,,,,
21121,A13,20060622,25,,,N,,,,B-B,Rubo chamaemoriñDicranetum elongati subass. typicum var. Ochrolechia frigida,OL,,4,6,,,,RU,Oxycocco-Sphagnetea,,Maloe Leysato Lake,,,Y,GPS,,67.4914722,51.1614167,,,,,,,,,,,,Y,Y,Y,1,1,0,5,,,,50,5,,,,20,20,,,,,,,95,,,,,,
21122,KN18,19980803,25,,,N,,,,B-B,Rubo chamaemoriñDicranetum elongati subass. typicum var. Ochrolechia frigida,OL,,4,7,,,,RU,Oxycocco-Sphagnetea,,Korovinskoe oilfield,,,Y,GPS,,68.3626389,53.2956667,,,,,,,,,,,,Y,Y,Y,1,1,0,0,,,,35,10,,,,30,60,,,,,,,100,,,,,,
21123,8_1a,19980815,25,,,N,,,,B-B,Rubo chamaemoriñDicranetum elongati subass. typicum var. Ochrolechia frigida,LAVR,,4,8,,,,RU,Oxycocco-Sphagnetea,,Nenets ridge,,,Y,GPS,,68.3159444,53.1455278,,,,,,,,,,,,Y,Y,Y,1,1,0,5,,,,40,10,,,,5,40,,,,,,,100,,,,,,
21124,8_3a,19980816,25,,,N,,,,B-B,Rubo chamaemoriñDicranetum elongati subass. typicum var. Ochrolechia frigida,LAVR,,4,9,,,,RU,Oxycocco-Sphagnetea,,Nenets ridge,,,Y,GPS,,68.33625,53.0570833,,,,,,,,,,,,Y,Y,Y,1,1,0,1,,,,35,50,,,,30,40,,,,,,,100,,,,,,
21125,VT18,20030811,25,,,N,,,,B-B,Rubo chamaemoriñDicranetum elongati subass. typicum var. Ochrolechia frigida,LAVR,,4,10,,,,RU,Oxycocco-Sphagnetea,,Volosechnye tundras,,,Y,GPS,,67.9952222,53.1156667,,,,,,,,,,,,Y,Y,Y,1,1,0,0,,,,30,20,,,,10,40,,,,,,,99,,,,,,
21126,5_18a,19970701,25,,,N,,,,B-B,Rubo chamaemoriñDicranetum elongati subass. typicum var. Ochrolechia frigida,LAVR,,4,11,,,,RU,Oxycocco-Sphagnetea,,Bolvansky Peninsula,,,Y,GPS,,68.07475,54.3259722,,,,,,,,,,,,Y,Y,Y,1,1,0,10,,,,20,10,,,,10,50,,,,,,,100,,,,,,
21127,10_12,19990630,25,,,N,,,,B-B,Rubo chamaemoriñDicranetum elongati subass. typicum var. Ochrolechia frigida,OL,,4,12,,,,RU,Oxycocco-Sphagnetea,,Ortina river basin,,,Y,GPS,,67.8235,54.0019722,,,,,,,,,,,,Y,Y,Y,1,1,0,3,,,,20,5,,,,5,50,,,,,,,80,,,,,,
21128,Feb-19,20090729,25,,,N,,,,B-B,Rubo chamaemoriñDicranetum elongati subass. typicum var. Ochrolechia frigida,LAVR,,4,13,,,,RU,Oxycocco-Sphagnetea,,Severnaja river basin,,,Y,GPS,,67.6360556,53.9485833,,,,,,,,,,,,Y,Y,Y,1,1,0,1,,,,40,7,,,,15,50,,,,,,,99,,,,,,
21129,2-Oct,20090722,25,,,N,,,,B-B,Rubo chamaemoriñDicranetum elongati subass. typicum var. Ochrolechia frigida,LAVR,,4,14,,,,RU,Oxycocco-Sphagnetea,,Shapkina river basin,,,Y,GPS,,67.5670833,54.9258056,,,,,,,,,,,,Y,Y,Y,1,1,0,1,,,,50,15,,,,10,60,,,,,,,99,,,,,,
21130,F1.4,20100707,25,,,N,,,,B-B,Rubo chamaemoriñDicranetum elongati subass. typicum var. Ochrolechia frigida,LAVR,,4,15,,,,RU,Oxycocco-Sphagnetea,,North-Kharyaga oilfield,,,Y,GPS,,67.5371944,56.2671111,,,,,,,,,,,,Y,Y,Y,1,1,0,1,,,,25,5,,,,20,40,,,,,,,99,,,,,,
21131,F2.2,20100713,25,,,N,,,,B-B,Rubo chamaemoriñDicranetum elongati subass. typicum var. Ochrolechia frigida,LAVR,,4,16,,,,RU,Oxycocco-Sphagnetea,,Leck-Kharyaga oilfield,,,Y,GPS,,67.3203889,56.6324444,,,,,,,,,,,,Y,Y,Y,1,1,0,1,,,,45,10,,,,5,60,,,,,,,99,,,,,,
21132,O12,20080714,25,,,N,,,,B-B,Rubo chamaemoriñDicranetum elongati subass. typicum var. Ochrolechia frigida,LAVR,,4,17,,,,RU,Oxycocco-Sphagnetea,, Oshskoye oilfield,,,Y,GPS,,67.0706944,56.6591389,,,,,,,,,,,,Y,Y,Y,1,1,0,1,,,,25,5,,,,1,70,,,,,,,99,,,,,,
21133,O26,20080717,25,,,N,,,,B-B,Rubo chamaemoriñDicranetum elongati subass. typicum var. Ochrolechia frigida,LAVR,,4,18,,,,RU,Oxycocco-Sphagnetea,, Oshskoye oilfield,,,Y,GPS,,67.0081111,56.6778611,,,,,,,,,,,,Y,Y,Y,1,1,0,1,,,,70,10,,,,10,40,,,,,,,99,,,,,,
21134,B3.1,20100720,25,,,N,,,,B-B,Rubo chamaemoriñDicranetum elongati subass. typicum var. Ochrolechia frigida,LAVR,,4,19,,,,RU,Oxycocco-Sphagnetea,,East-Kharyaga oilfield,,,Y,GPS,,67.1847222,56.92,,,,,,,,,,,,Y,Y,Y,1,1,0,1,,,,45,1,,,,5,65,,,,,,,99,,,,,,
21135,F1.1,20100721,25,,,N,,,,B-B,Rubo chamaemoriñDicranetum elongati subass. typicum var. Ochrolechia frigida,LAVR,,4,20,,,,RU,Oxycocco-Sphagnetea,,East-Kharyaga oilfield,,,Y,GPS,,67.1803333,56.8656389,,,,,,,,,,,,Y,Y,Y,1,1,0,1,,,,30,5,,,,10,60,,,,,,,100,,,,,,
21136,F4,20070728,25,,,N,,,,B-B,Rubo chamaemoriñDicranetum elongati subass. typicum var. Ochrolechia frigida,LAVR,,4,21,,,,RU,Oxycocco-Sphagnetea,,Musyurshorskoe oilfield,,,Y,GPS,,67.2718333,57.6034722,,,,,,,,,,,,Y,Y,Y,1,1,0,5,,,,25,7,,,,1,60,,,,,,,100,,,,,,
21137,ShF1,19050629,25,,,N,,,,B-B,Rubo chamaemoriñDicranetum elongati subass. typicum var. Ochrolechia frigida,LAVR,,4,22,,,,RU,Oxycocco-Sphagnetea,,Shorsandiveyskoe oilfield,,,Y,GPS,,67.1855556,57.7604722,,,,,,,,,,,,Y,Y,Y,1,1,0,10,,,,40,30,,,,25,50,,,,,,,100,,,,,,
21138,K1.2,20110811,25,,,N,,,,B-B,Rubo chamaemoriñDicranetum elongati subass. typicum var. Ochrolechia frigida,LAVR,,4,23,,,,RU,Oxycocco-Sphagnetea,,Sandiveyskoe oilfield,,,Y,GPS,,66.9666111,58.2391667,,,,,,,,,,,,Y,Y,Y,1,1,0,10,,,,60,20,,,,15,60,,,,,,,98,,,,,,
21139,F1.2,20110809,25,,,N,,,,B-B,Rubo chamaemoriñDicranetum elongati subass. typicum var. Ochrolechia frigida,LAVR,,4,24,,,,RU,Oxycocco-Sphagnetea,,Salyukinskoe oilfield,,,Y,GPS,,66.8840278,58.9054444,,,,,,,,,,,,Y,Y,Y,1,1,0,30,,,,50,20,,,,20,50,,,,,,,98,,,,,,
21140,F2.4,20100701,25,,,N,,,,B-B,Rubo chamaemoriñDicranetum elongati subass. typicum var. Ochrolechia frigida,LAVR,,4,25,,,,RU,Oxycocco-Sphagnetea,,Kolvinskoe oilfield,,,Y,GPS,,67.4171944,59.4609167,,,,,,,,,,,,Y,Y,Y,1,1,0,1,,,,60,40,,,,20,30,,,,,,,100,,,,,,
21141,ZO20,20120901,25,,,N,,,,B-B,Rubo chamaemoriñDicranetum elongati subass. typicum var. Ochrolechia frigida,LAVR,,4,26,,,,RU,Oxycocco-Sphagnetea,,West-Osoveyskoe oilfield,,,Y,GPS,,67.5244167,59.7175,,,,,,,,,,,,Y,Y,Y,1,1,0,0,,,,50,10,,,,5,60,,,,,,,100,,,,,,
21142,B25,20060625,25,,,N,,,,B-B,Rubo chamaemoriñDicranetum elongati subass. typicum var. typicum,OL,,4,27,,,,RU,Oxycocco-Sphagnetea,,Lysuteyto Lake,,,Y,GPS,,67.5539167,54.8851944,,,,,,,,,,,,Y,Y,Y,1,1,0,5,,,,40,5,,,,10,40,,,,,,,95,,,,,,
21143,KN13,19980729,25,,,N,,,,B-B,Rubo chamaemoriñDicranetum elongati subass. typicum var. typicum,LAVR,,4,28,,,,RU,Oxycocco-Sphagnetea,,Korovinskoe oilfield,,,Y,GPS,,67.5263889,50.4070833,,,,,,,,,,,,Y,Y,Y,1,1,0,1,,,,15,7,,,,15,60,,,,,,,100,,,,,,
21144,S2,20070716,25,,,N,,,,B-B,Rubo chamaemoriñDicranetum elongati subass. typicum var. typicum,LAVR,,4,29,,,,RU,Oxycocco-Sphagnetea,,Sanev Isl.,,,Y,GPS,,68.3622222,53.3055556,,,,,,,,,,,,Y,Y,Y,1,1,0,1,,,,10,5,,,,15,60,,,,,,,100,,,,,,
21145,L3,20070706,25,,,N,,,,B-B,Rubo chamaemoriñDicranetum elongati subass. typicum var. typicum,LAVR,,4,30,,,,RU,Oxycocco-Sphagnetea,,Lovetskiy Isl.,,,Y,GPS,,68.3772222,53.6638333,,,,,,,,,,,,Y,Y,Y,1,1,0,5,,,,10,10,,,,5,80,,,,,,,100,,,,,,
21146,L25,20070709,25,,,N,,,,B-B,Rubo chamaemoriñDicranetum elongati subass. typicum var. typicum,LAVR,,4,31,,,,RU,Oxycocco-Sphagnetea,,Lovetskiy Isl.,,,Y,GPS,,68.3578889,53.9599167,,,,,,,,,,,,Y,Y,Y,1,1,0,1,,,,10,5,,,,5,85,,,,,,,100,,,,,,
21147,15_B38,19990722,25,,,N,,,,B-B,Rubo chamaemoriñDicranetum elongati subass. typicum var. typicum,LAVR,,4,32,,,,RU,Oxycocco-Sphagnetea,,Bolvansky Nos Cape,,,Y,GPS,,68.3183333,53.91475,,,,,,,,,,,,Y,Y,Y,1,1,0,1,,,,35,15,,,,10,60,,,,,,,100,,,,,,
21148,15_M10,19990726,25,,,N,,,,B-B,Rubo chamaemoriñDicranetum elongati subass. typicum var. typicum,LAVR,,4,33,,,,RU,Oxycocco-Sphagnetea,,Bolvansky Nos Cape,,,Y,GPS,,68.2916667,54.5055556,,,,,,,,,,,,Y,Y,Y,1,1,0,10,,,,25,10,,,,15,40,,,,,,,100,,,,,,
21149,VT6,20030809,25,,,N,,,,B-B,Rubo chamaemoriñDicranetum elongati subass. typicum var. typicum,LAVR,,4,34,,,,RU,Oxycocco-Sphagnetea,,Volosechnye tundras,,,Y,GPS,,68.2936111,54.5118056,,,,,,,,,,,,Y,Y,Y,1,1,0,1,,,,15,10,,,,5,75,,,,,,,100,,,,,,
21150,VT15,20030810,25,,,N,,,,B-B,Rubo chamaemoriñDicranetum elongati subass. typicum var. typicum,LAVR,,4,35,,,,RU,Oxycocco-Sphagnetea,,Volosechnye tundras,,,Y,GPS,,68.0216389,53.1501111,,,,,,,,,,,,Y,Y,Y,1,1,0,1,,,,40,1,,,,5,50,,,,,,,100,,,,,,
21151,VT16,20030811,25,,,N,,,,B-B,Rubo chamaemoriñDicranetum elongati subass. typicum var. typicum,LAVR,,4,36,,,,RU,Oxycocco-Sphagnetea,,Volosechnye tundras,,,Y,GPS,,68.0080278,53.1313889,,,,,,,,,,,,Y,Y,Y,1,1,0,0,,,,5,5,,,,1,90,,,,,,,100,,,,,,
21152,VT13,20030810,25,,,N,,,,B-B,Rubo chamaemoriñDicranetum elongati subass. typicum var. typicum,LAVR,,4,37,,,,RU,Oxycocco-Sphagnetea,,Volosechnye tundras,,,Y,GPS,,68.0058889,53.1151111,,,,,,,,,,,,Y,Y,Y,1,1,0,0,,,,5,2,,,,1,95,,,,,,,100,,,,,,
21153,VT1,20030808,25,,,N,,,,B-B,Rubo chamaemoriñDicranetum elongati subass. typicum var. typicum,LAVR,,4,38,,,,RU,Oxycocco-Sphagnetea,,Volosechnye tundras,,,Y,GPS,,68.0056944,53.13925,,,,,,,,,,,,Y,Y,Y,1,1,0,0,,,,5,5,,,,1,90,,,,,,,100,,,,,,
21154,Feb-16,20090728,25,,,N,,,,B-B,Rubo chamaemoriñDicranetum elongati subass. typicum var. typicum,LAVR,,4,39,,,,RU,Oxycocco-Sphagnetea,,Severnaja river basin,,,Y,GPS,,68.0053889,53.1168611,,,,,,,,,,,,Y,Y,Y,1,1,0,1,,,,20,10,,,,20,60,,,,,,,100,,,,,,
21155,K1.1,20100724,25,,,N,,,,B-B,Rubo chamaemoriñDicranetum elongati subass. typicum var. typicum,LAVR,,4,40,,,,RU,Oxycocco-Sphagnetea,,Kharyaga oilfield,,,Y,GPS,,67.6493333,54.0312778,,,,,,,,,,,,Y,Y,Y,1,1,0,10,,,,30,10,,,,5,70,,,,,,,100,,,,,,
