RELEVE NUMBER,FIELD RELEVE NUMBER,DATE (YEARMONTHDAY),RELEVE AREA (M2),RELEVE SHAPE,COVERSCALE,REPEAT SAMPLED (Y/N),COLLECTION,COLLECTION METHOD,SYNTAXON CODE,SYSTEM FOR PLANT COMMUNITY NAME,PLANT COMMUNITY NAME,AUTHOR CODE,REFERENCE FOR SPECIES DATA,TABLE NUMBER FOR SPECIES DATA,NUMBER OF RELEVE IN TABLE,REFERENCE FOR ENVIRONMENTAL DATA,TABLE NUMBER FOR ENVIRONMENTAL DATA,SUBZONE,COUNTRY CODE,DATASET,REGION,LOCATION,PHYSIOGRAPHIC DIVISION,PHYSIOGRAPHIC REGION SOURCE,GEOREFERENCE (Y/N),GEOREFERENCE SOURCE,GEOREFERENCE ACCURACY (M),LATITUDE WGS 84 (DD),LONGITUDE WGS 84 (DD),ALTITUDE (M),SLOPE (DEGREES),ASPECT (DEGREES),TOPOGRAPHIC POSITION,SURFICIAL GEOLOGY,HABITAT TYPE ,SITE MOISTURE,DISTURBANCE,ORGANIC LAYER DEPTH (CM),SOIL TEXTURE  TOP MINERAL HORIZON,SOIL PH (at 10 cm),MOSSES IDENTIFIED (Y/N),LIVERWORTS IDENTIFIED (Y/N),LICHENS IDENTIFIED (Y/N),VASCULAR PLANT TAXONOMIC QUALITY ,CRYPTOGAM TAXONOMIC QUALITY,COVER TREE LAYER (%),COVER SHRUB LAYER (%),COVER TALL SHRUBS (%),COVER LOW SHRUBS (%),COVER ERECT DWARF-SHRUBS (%),COVER PROSTRATE DWARF-SHRUBS (%),COVER HERBS (%),COVER TUSSOCK GRAMINOIDS (%),COVER FORBS (%),COVER SEEDLESS VASCULAR PLANTS (%),COVER MOSSES & LIVERWORTS (%),COVER LICHEN LAYER (%),COVER CRUST(%),COVER ALGAE LAYER (%),COVER BARE SOIL (%),COVER BARE ROCK (%),COVER OPEN WATER (%),COVER LITTER LAYER (%),COVER TOTAL (%),MEAN CANOPY HEIGHT (CM),MEAN TREE LAYER HEIGHT (CM),MEAN SHRUB LAYER HEIGHT (CM),MEAN HERB LAYER HEIGHT (CM),MEAN MOSS LAYER HEIGHT (CM),REMARKS
RELEVE_NR,FIELD_NR,DATE,REL_AREA ,SHAPE,COVERSCALE,REPEAT,COLLECT,COLL_METH,SYNTAXON,COMM_SYST,COMM_NAME,AUTHOR,REF_SPE,TABLE_SPP,NR_SPP_TAB,REF_ENV,TABLE_ENV,SUBZONE,COUNTRY,DATASET,REGION,LOCATION,PHYS_DIV,PHYS_SOUR,GEOREF,GEO_SOURC,ACCURACY,LATITUDE,LONGITUDE,ELEVATION,SLOPE,ASPECT,POSITION,SURF_GEOL,HAB_TYPE,SITE_MST,DISTURBAN,ORG_DEPTH,SOIL_TEXT,SOIL_PH,MOSS_IDENT,LIV_IDENT,LICH_IDENT,FLOR_QUAL,CRYP_QUAL,COV_TREES,COV_SHRUBS,COV_TSHRUB,COV_LSHRUB,COV_DSHRUB,COV_PSHRUB,COV_HERBS ,COV_TGRAM,COV_FORB,COV_SLVAS,COV_MOSS,COV_LICH,COV_CRUST,COV_ALGAE,COV_SOIL,COV_ROCK,COV_WATER,COV_LITTER,COV_TOTAL,MEAN_HT,TREE_HT,SHRUB_HT,HERB_HT,MOSS_HT,REMARKS
20810,D62,20010812,25,,2,,,,,B-B,,OL,41,4,1,,,D,RU,Malozemelskaya_tundra,,,,,Y,GPS,,68.82083333,54.25638889,,,,,,,,NAT,,,,Y,,Y,1,1,0,,,70,,,70,,,,,,,,,,,,70,,,,,,
20811,T55,20020718,25,,2,,,,,B-B,Scirpeto-Hippuridetum tetraphyllae Nordh. 1954 ,OL,41,4,3,,,D,RU,Malozemelskaya_tundra,,,,,N,,, , ,,,,,,,,NAT,,,,Y,,Y,1,1,0,,,10,,,10,,,,,,,,,,,,10,,,,,,
20812,T42,20020716,25,,2,,,,,B-B,Scirpeto-Hippuridetum tetraphyllae Nordh. 1954 ,OL,41,4,4,,,D,RU,Malozemelskaya_tundra,,,,,N,,, , ,,,,,,,,NAT,,,,Y,,Y,1,1,0,,,50,,,50,,,,,,,,,,,,50,,,,,,
20813,2g,20010806,25,,2,,,,,B-B,Scirpeto-Hippuridetum tetraphyllae Nordh. 1954,NM,41,4,5,,,D,RU,Malozemelskaya_tundra,,,,,Y,GPS,,68.83841667,53.97372222,,,,,,,,NAT,,,,Y,,Y,1,1,0,,,70,,,70,,,,,,,,,,,,70,,,,,,
20814,T94,20020727,25,,2,,,,,B-B,Scirpeto-Hippuridetum tetraphyllae Nordh. 1954,OL,41,4,6,,,D,RU,Malozemelskaya_tundra,,,,,N,,, , ,,,,,,,,NAT,,,,Y,,Y,1,1,0,,,60,,,60,,,,,,,,,,,,60,,,,,,
20815,2v,20010806,25,,2,,,,,B-B,Scirpeto-Hippuridetum tetraphyllae Nordh. 1954,OLNM,41,4,7,,,D,RU,Malozemelskaya_tundra,,,,,Y,GPS,,68.83436111,53.97338889,,,,,,,,NAT,,,,Y,,Y,1,1,0,,,70,,,70,,,,,,,,,,,,70,,,,,,
20816,103,20010816,25,,2,,,,,B-B,Scirpeto-Hippuridetum tetraphyllae Nordh. 1954,OL,41,4,8,,,D,RU,Malozemelskaya_tundra,,,,,Y,GPS,,68.93230556,53.77725,,,,,,,,NAT,,,,Y,,Y,1,1,0,,,70,,,70,,,,,,,,,,,,70,,,,,,
20817,2,20010804,25,,2,,,,,B-B,Scirpeto-Hippuridetum tetraphyllae Nordh. 1954,OLNM,41,4,9,,,D,RU,Malozemelskaya_tundra,,,,,Y,GPS,,68.83044444,53.99433333,,,,,,,,NAT,,,,Y,,Y,1,1,0,,,90,,,90,,,,,,,,,,,,90,,,,,,
20818,2a,20010805,25,,2,,,,,B-B,Scirpeto-Hippuridetum tetraphyllae Nordh. 1954,OLNM,41,4,10,,,D,RU,Malozemelskaya_tundra,,,,,Y,GPS,,68.848,53.90436111,,,,,,,,NAT,,,,Y,,Y,1,1,0,,,90,,,90,,,,,,,,,,,,90,,,,,,
20819,2b,20010805,25,,2,,,,,B-B,Scirpeto-Hippuridetum tetraphyllae Nordh. 1954,OLNM,41,4,11,,,D,RU,Malozemelskaya_tundra,,,,,Y,GPS,,68.84833333,53.90127778,,,,,,,,NAT,,,,Y,,Y,1,1,0,,,95,,,95,,,,,,,,,,,,95,,,,,,
20820,2d,20010806,25,,2,,,,,B-B,Scirpeto-Hippuridetum tetraphyllae Nordh. 1954,OLNM,41,4,12,,,D,RU,Malozemelskaya_tundra,,,,,Y,GPS,,68.83888889,53.975,,,,,,,,NAT,,,,Y,,Y,1,1,0,,,95,,,95,,,,,,,,,,,,95,,,,,,
20821,90,20010813,25,,2,,,,,B-B,Scirpeto-Hippuridetum tetraphyllae Nordh. 1954,OL,41,4,13,,,D,RU,Malozemelskaya_tundra,,,,,Y,GPS,,68.85466667,53.64125,,,,,,,,NAT,,,,Y,,Y,1,1,0,,,100,,,100,,,,,,,,,,,,100,,,,,,
20822,TN30,20070713,25,,2,,,,,B-B,Scirpeto-Hippuridetum tetraphyllae Nordh. 1954, LAVR,41,4,14,,,D,RU,Malozemelskaya_tundra,,,,,Y,GPS,,68.68522222,53.82783333,,,,,,,,NAT,,,,Y,,Y,1,1,0,,,70,,,70,,,,,,,,,,,,70,,,,,,
20823,TN29,20070713,25,,2,,,,,B-B,Dupontia psilosantha com. type, LAVR,41,4,15,,,D,RU,Malozemelskaya_tundra,,,,,Y,GPS,,68.68522222,53.82783333,,,,,,,,NAT,,,,Y,,Y,1,1,0,,,70,,,70,,,,,,,,,,,,70,,,,,,
20824,18,20010805,25,,2,,,,,B-B,Dupontia psilosantha com. type,OLNM,41,4,16,,,D,RU,Malozemelskaya_tundra,,,,,Y,GPS,,68.84833333,53.90108333,,,,,,,,NAT,,,,Y,,Y,1,1,0,,,100,,,100,,,,,,,,,,,,100,,,,,,
20825,58,20010811,25,,2,,,,,B-B,Dupontia psilosantha com. type,OLNM,41,4,17,,,D,RU,Malozemelskaya_tundra,,,,,Y,GPS,,68.83786111,53.97344444,,,,,,,,NAT,,,,Y,,Y,1,1,0,,,100,,,100,,,,,,,,,,,,100,,,,,,
20826,102,20010816,25,,2,,,,,B-B,Dupontia psilosantha com. type,OL,41,4,18,,,D,RU,Malozemelskaya_tundra,,,,,Y,GPS,,68.93252778,53.77866667,,,,,,,,NAT,,,,Y,,Y,1,1,0,,,80,,,80,,,,60,,,,,,,,100,,,,,,
20827,8,20010804,25,,2,,,,,B-B,Dupontia psilosantha com. type,OLNM,41,4,19,,,D,RU,Malozemelskaya_tundra,,,,,Y,GPS,,68.83277778,53.99688889,,,,,,,,NAT,,,,Y,,Y,1,1,0,,,100,,,100,,,,80,,,,,,,,100,,,,,,
20829,T8,20020712,25,,2,,,,,B-B,,OL,41,4,20,,,D,RU,Malozemelskaya_tundra,,,,,Y,GPS,,68.58836111,52.36405556,,,,,,,,NAT,,,,Y,,Y,1,1,0,,,70,,,70,,,,40,,,,,,,,100,,,,,,
20830,D65,20010812,25,,2,,,,,B-B,Caricetum mackenziei Nordh. 1954 ,OL,41,4,21,,,D,RU,Malozemelskaya_tundra,,,,,Y,GPS,,68.82183333,54.25075,,,,,,,,NAT,,,,Y,,Y,1,1,0,,,100,,,100,,,,100,,,,,,,,100,,,,,,
20831,T82,20020723,25,,2,,,,,B-B,Caricetum mackenziei Nordh. 1954 ,OL,41,4,22,,,D,RU,Malozemelskaya_tundra,,,,,Y,GPS,,68.58833333,52.36533333,,,,,,,,NAT,,,,Y,,Y,1,1,0,,,80,,,80,,,,70,,,,,,,,90,,,,,,
20832,T75,20020722,25,,2,,,,,B-B,Caricetum mackenziei Nordh. 1954,OL,41,4,23,,,D,RU,Malozemelskaya_tundra,,,,,Y,GPS,,68.585,52.3365,,,,,,,,NAT,,,,Y,,Y,1,1,0,,,80,,,80,,,,90,,,,,,,,100,,,,,,
20833,9,20010804,25,,2,,,,,B-B,Caricetum mackenziei Nordh. 1954,OLNM,41,4,24,,,D,RU,Malozemelskaya_tundra,,,,,Y,GPS,,68.83302778,53.99113889,,,,,,,,NAT,,,,Y,,Y,1,1,0,,,80,,,80,,,,100,,,,,,,,100,,,,,,
20834,60,20010811,25,,2,,,,,B-B,Caricetum mackenziei Nordh. 1954,OLNM,41,4,25,,,D,RU,Malozemelskaya_tundra,,,,,Y,GPS,,68.83586111,53.97391667,,,,,,,,NAT,,,,Y,,Y,1,1,0,,,100,,,100,,,,90,,,,,,,,100,,,,,,
20835,101,20010816,25,,2,,,,,B-B,Caricetum mackenziei Nordh. 1954,OL,41,4,26,,,D,RU,Malozemelskaya_tundra,,,,,Y,GPS,,68.93216667,53.77969444,,,,,,,,NAT,,,,Y,,Y,1,1,0,,,80,,,80,,,,100,,,,,,,,90,,,,,,
20836,T72,20020721,25,,2,,,,,B-B,Caricetum mackenziei Nordh. 1954,OL,41,4,27,,,D,RU,Malozemelskaya_tundra,,,,,Y,GPS,,68.585,52.32,,,,,,,,NAT,,,,Y,,Y,1,1,0,,,70,,,70,,,,100,,,,,,,,100,,,,,,
20837,T54,20020718,25,,2,,,,,B-B,Caricetum mackenziei Nordh. 1954,OL,41,4,28,,,D,RU,Malozemelskaya_tundra,,,,,Y,GPS,, , ,,,,,,,,NAT,,,,Y,,Y,1,1,0,,,80,,,80,,,,90,,,,,,,,100,,,,,,
20838,T44,20020717,25,,2,,,,,B-B,Caricetum mackenziei Nordh. 1954,OL,41,4,29,,,D,RU,Malozemelskaya_tundra,,,,,Y,GPS,, , ,,,,,,,,NAT,,,,Y,,Y,1,1,0,,,70,,,70,,,,90,,,,,,,,90,,,,,,
20839,T7,20020712,25,,2,,,,,B-B,Caricetum mackenziei Nordh. 1954,OL,41,4,30,,,D,RU,Malozemelskaya_tundra,,,,,Y,GPS,,68.58819444,52.364,,,,,,,,NAT,,,,Y,,Y,1,1,0,,,60,,,60,,,,30,,,,,,,,90,,,,,,
20840,T85,20020722,25,,2,,,,,B-B,Puccinellietum phryganodis Hada? 1946,OL,41,1,1,,,D,RU,Malozemelskaya_tundra,,,,,Y,GPS,,68.59541667,52.43047222,,,,,,,,NAT,,,,Y,,Y,1,1,0,,,2,,,2,,,,,,,,,,,,20,,,,,,
20841,1,20010804,25,,2,,,,,B-B,Puccinellietum phryganodis Hada? 1946,OLNM,41,1,2,,,D,RU,Malozemelskaya_tundra,,,,,Y,GPS,,68.83147222,53.99502778,,,,,,,,NAT,,,,Y,,Y,1,1,0,,,4,,,4,,,,,,,,,,,,40,,,,,,
20842,6,20010804,25,,2,,,,,B-B,Puccinellietum phryganodis Hada? 1946,OLNM,41,1,3,,,D,RU,Malozemelskaya_tundra,,,,,Y,GPS,, , ,,,,,,,,NAT,,,,Y,,Y,1,1,0,,,7,,,7,,,,,,,,,,,,70,,,,,,
20843,T80,20020723,25,,2,,,,,B-B,Puccinellietum phryganodis Hada? 1946,OL,41,1,4,,,D,RU,Malozemelskaya_tundra,,,,,Y,GPS,,68.83261111,53.99880556,,,,,,,,NAT,,,,Y,,Y,1,1,0,,,7,,,7,,,,,,,,,,,,70,,,,,,
20844,45,20010810,25,,2,,,,,B-B,Puccinellietum phryganodis Hada? 1946,OLNM,41,1,5,,,D,RU,Malozemelskaya_tundra,,,,,Y,GPS,,68.585,52.37133333,,,,,,,,NAT,,,,Y,,Y,1,1,0,,,7,,,7,,,,,,,,,,,,70,,,,,,
20845,T30,20020715,25,,2,,,,,B-B,Puccinellietum phryganodis Hada? 1946,OL,41,1,6,,,D,RU,Malozemelskaya_tundra,,,,,Y,GPS,,68.83866667,53.97083333,,,,,,,,NAT,,,,Y,,Y,1,1,0,,,6,,,6,,,,,,,,,,,,60,,,,,,
20846,T46,20020717,25,,2,,,,,B-B,Puccinellietum phryganodis Hada? 1946,OL,41,1,7,,,D,RU,Malozemelskaya_tundra,,,,,Y,GPS,,68.59,52.41816667,,,,,,,,NAT,,,,Y,,Y,1,1,0,,,5,,,5,,,,,,,,,,,,50,,,,,,
20847,T69,20020721,25,,2,,,,,B-B,Puccinellietum phryganodis Hada? 1946,OL,41,1,8,,,D,RU,Malozemelskaya_tundra,,,,,Y,GPS,, , ,,,,,,,,NAT,,,,Y,,Y,1,1,0,,,3,,,3,,,,,,,,,,,,30,,,,,,
20848,T4,20020712,25,,2,,,,,B-B,Puccinellietum phryganodis Hada? 1946,OL,41,1,9,,,D,RU,Malozemelskaya_tundra,,,,,Y,GPS,,68.58333333,52.32,,,,,,,,NAT,,,,Y,,Y,1,1,0,,,1,,,1,,,,,,,,,,,,100,,,,,,
20849,T2,20020712,25,,2,,,,,B-B,Puccinellietum phryganodis Hada? 1946,OL,41,1,10,,,D,RU,Malozemelskaya_tundra,,,,,Y,GPS,,68.58363889,52.39355556,,,,,,,,NAT,,,,Y,,Y,1,1,0,,,25,,,25,,,,,,,,,,,,25,,,,,,
20850,32,20010807,25,,2,,,,,B-B,Puccinellietum phryganodis Hada? 1946,OLNM,41,1,11,,,D,RU,Malozemelskaya_tundra,,,,,Y,GPS,,68.58163889,52.39936111,,,,,,,,NAT,,,,Y,,Y,1,1,0,,,6,,,6,,,,,,,,,,,,60,,,,,,
20851,T58,20020718,25,,2,,,,,B-B,Puccinellietum phryganodis Hada? 1946,OL,41,1,12,,,D,RU,Malozemelskaya_tundra,,,,,Y,GPS,, , ,,,,,,,,NAT,,,,Y,,Y,1,1,0,,,5,,,5,,,,,,,,,,,,50,,,,,,
20852,T73,20020722,25,,2,,,,,B-B,Puccinellietum phryganodis Hada? 1946,OL,41,1,13,,,D,RU,Malozemelskaya_tundra,,,,,Y,GPS,, , ,,,,,,,,NAT,,,,Y,,Y,1,1,0,,,4,,,4,,,,,,,,,,,,40,,,,,,
20853,31,20010807,25,,2,,,,,B-B,Caricetum subspathaceae Hada? 1946,NM,41,1,14,,,D,RU,Malozemelskaya_tundra,,,,,Y,GPS,,68.585,52.33666667,,,,,,,,NAT,,,,Y,,Y,1,1,0,,,98,,,98,,,,,,,,,,,,98,,,,,,
20854,16,20010805,25,,2,,,,,B-B,Caricetum subspathaceae Hada? 1946,OLNM,41,1,15,,,D,RU,Malozemelskaya_tundra,,,,,Y,GPS,,68.83788889,53.97247222,,,,,,,,NAT,,,,Y,,Y,1,1,0,,,1,,,1,,,,,,,,,,,,100,,,,,,
20855,T3,20020712,25,,2,,,,,B-B,Caricetum subspathaceae Hada? 1946,OL,41,1,16,,,D,RU,Malozemelskaya_tundra,,,,,Y,GPS,,68.84813889,53.90366667,,,,,,,,NAT,,,,Y,,Y,1,1,0,,,4,,,4,,,,,,,,,,,,40,,,,,,
20856,TN24a,20070713,25,,2,,,,,B-B,Caricetum subspathaceae Hada? 1946, LAVR,41,1,17,,,D,RU,Malozemelskaya_tundra,,,,,Y,GPS,,68.58255556,52.39652778,,,,,,,,NAT,,,,Y,,Y,1,1,0,,,1,,,1,,,,,,,,,,,,100,,,,,,
20857,23,20010806,25,,2,,,,,B-B,Caricetum subspathaceae Hada? 1946,OLNM,41,1,18,,,D,RU,Malozemelskaya_tundra,,,,,Y,GPS,,68.68522222,53.82783333,,,,,,,,NAT,,,,Y,,Y,1,1,0,,,1,,,1,,,,,,,,,,,,100,,,,,,
20858,T79,20020723,25,,2,,,,,B-B,Caricetum subspathaceae Hada? 1946,OL,41,1,19,,,D,RU,Malozemelskaya_tundra,,,,,Y,GPS,,68.8345,53.97311111,,,,,,,,NAT,,,,Y,,Y,1,1,0,,,7,,,7,,,,,,,,,,,,70,,,,,,
20859,T87,20020725,25,,2,,,,,B-B,Caricetum subspathaceae Hada? 1946,OL,41,1,20,,,D,RU,Malozemelskaya_tundra,,,,,Y,GPS,,68.58166667,52.37483333,,,,,,,,NAT,,,,Y,,Y,1,1,0,,,1,,,1,,,,,,,,,,,,100,,,,,,
20860,T32,20020715,25,,2,,,,,B-B,Caricetum subspathaceae Hada? 1946,OL,41,1,21,,,D,RU,Malozemelskaya_tundra,,,,,Y,GPS,,68.59527778,52.43333333,,,,,,,,NAT,,,,Y,,Y,1,1,0,,,9,,,9,,,,,,,,,,,,90,,,,,,
20861,D61,20010812,25,,2,,,,,B-B,Caricetum subspathaceae Hada? 1946,OL,41,1,22,,,D,RU,Malozemelskaya_tundra,,,,,Y,GPS,,68.58666667,52.42616667,,,,,,,,NAT,,,,Y,,Y,1,1,0,,,95,,,95,,,,,,,,,,,,95,,,,,,
20862,T70,20020721,25,,2,,,,,B-B,Caricetum subspathaceae Hada? 1946,OL,41,1,23,,,D,RU,Malozemelskaya_tundra,,,,,Y,GPS,,68.82161111,54.25586111,,,,,,,,NAT,,,,Y,,Y,1,1,0,,,9,,,9,,,,5,,,,,,,,90,,,,,,
20863,111,20010816,25,,2,,,,,B-B,Caricetum subspathaceae Hada? 1946,OL,41,1,24,,,D,RU,Malozemelskaya_tundra,,,,,Y,GPS,,68.585,52.32,,,,,,,,NAT,,,,Y,,Y,1,1,0,,,1,,,1,,,,,,,,,,,,100,,,,,,
20864,91,20010813,25,,2,,,,,B-B,Caricetum subspathaceae Hada? 1946,OL,41,1,25,,,D,RU,Malozemelskaya_tundra,,,,,Y,GPS,,68.92283333,53.76294444,,,,,,,,NAT,,,,Y,,Y,1,1,0,,,1,,,1,,,,,,,,,,,,100,,,,,,
20865,22,20010806,25,,2,,,,,B-B,Caricetum subspathaceae Hada? 1946,OLNM,41,1,26,,,D,RU,Malozemelskaya_tundra,,,,,Y,GPS,,68.85469444,53.641,,,,,,,,NAT,,,,Y,,Y,1,1,0,,,1,,,1,,,,,,,,,,,,100,,,,,,
20866,3,20010804,25,,2,,,,,B-B,Caricetum subspathaceae Hada? 1946,OLNM,41,1,27,,,D,RU,Malozemelskaya_tundra,,,,,Y,GPS,,68.83363889,53.97475,,,,,,,,NAT,,,,Y,,Y,1,1,0,,,1,,,1,,,,,,,,,,,,100,,,,,,
20867,30,20010807,25,,2,,,,,B-B,Caricetum subspathaceae Hada? 1946,NM,41,1,28,,,D,RU,Malozemelskaya_tundra,,,,,Y,GPS,,68.82897222,53.99633333,,,,,,,,NAT,,,,Y,,Y,1,1,0,,,95,,,95,,,,,,,,,,,,95,,,,,,
20868,21,20010805,25,,2,,,,,B-B,Caricetum subspathaceae Hada? 1946,OLNM,41,1,29,,,D,RU,Malozemelskaya_tundra,,,,,Y,GPS,,68.83797222,53.97216667,,,,,,,,NAT,,,,Y,,Y,1,1,0,,,1,,,1,,,,,,,,,,,,100,,,,,,
20869,7,20010804,25,,2,,,,,B-B,Caricetum subspathaceae Hada? 1946,OLNM,41,1,30,,,D,RU,Malozemelskaya_tundra,,,,,Y,GPS,,68.83872222,53.94808333,,,,,,,,NAT,,,,Y,,Y,1,1,0,,,8,,,8,,,,1,,,,,,,,80,,,,,,
20870,17,20010805,25,,2,,,,,B-B,Caricetum subspathaceae Hada? 1946,OLNM,41,1,31,,,D,RU,Malozemelskaya_tundra,,,,,Y,GPS,,68.83266667,53.99866667,,,,,,,,NAT,,,,Y,,Y,1,1,0,,,1,,,1,,,,,,,,,,,,100,,,,,,
20871,4,20010804,25,,2,,,,,B-B,Caricetum subspathaceae Hada? 1946,OLNM,41,1,32,,,D,RU,Malozemelskaya_tundra,,,,,Y,GPS,,68.84858333,53.90077778,,,,,,,,NAT,,,,Y,,Y,1,1,0,,,1,,,1,,,,,,,,,,,,100,,,,,,
20872,D63,20010812,25,,2,,,,,B-B,Caricetum subspathaceae Hada? 1946,OL,41,1,33,,,D,RU,Malozemelskaya_tundra,,,,,Y,GPS,,68.83180556,53.99511111,,,,,,,,NAT,,,,Y,,Y,1,1,0,,,1,,,1,,,,,,,,,,,,100,,,,,,
20873,5,20010804,25,,2,,,,,B-B,Caricetum subspathaceae Hada? 1946,OLNM,41,1,34,,,D,RU,Malozemelskaya_tundra,,,,,Y,GPS,,68.82075,54.2555,,,,,,,,NAT,,,,Y,,Y,1,1,0,,,85,,,85,,,,,,,,,,,,85,,,,,,
20874,T31,20020715,25,,2,,,,,B-B,Caricetum subspathaceae Hada? 1946,OL,41,1,35,,,D,RU,Malozemelskaya_tundra,,,,,Y,GPS,,68.83222222,53.99277778,,,,,,,,NAT,,,,Y,,Y,1,1,0,,,1,,,1,,,,,,,,,,,,100,,,,,,
20875,T86,20020725,25,,2,,,,,B-B,Caricetum subspathaceae Hada? 1946,OL,41,1,36,,,D,RU,Malozemelskaya_tundra,,,,,Y,GPS,,68.58833333,52.42083333,,,,,,,,NAT,,,,Y,,Y,1,1,0,,,1,,,1,,,,,,,,,,,,100,,,,,,
20876,T74,20020722,25,,2,,,,,B-B,Caricetum subspathaceae Hada? 1946,OL,41,1,37,,,D,RU,Malozemelskaya_tundra,,,,,Y,GPS,,68.59527778,52.43333333,,,,,,,,NAT,,,,Y,,Y,1,1,0,,,100,,,100,,,,,,,,,,,,100,,,,,,
20877,TN25,20070713,25,,2,,,,,B-B,Caricetum glareosae Molenaar 1974, LAVR,41,3,1,,,D,RU,Malozemelskaya_tundra,,,,,Y,GPS,,68.585,52.33683333,,,,,,,,NAT,,,,Y,,Y,1,1,0,,,100,,,100,,,,,,,,,,,,100,,,,,,
20878,T76,20020722,25,,2,,,,,B-B,Caricetum glareosae Molenaar 1974,OL,41,3,2,,,D,RU,Malozemelskaya_tundra,,,,,Y,GPS,,68.68527778,53.82777778,,,,,,,,NAT,,,,Y,,Y,1,1,0,,,100,,,100,,,,,,,,,,,,100,,,,,,
20879,T49,20020717,25,,2,,,,,B-B,Caricetum glareosae Molenaar 1974,OL,41,3,3,,,D,RU,Malozemelskaya_tundra,,,,,Y,GPS,,68.585,52.33566667,,,,,,,,NAT,,,,Y,,Y,1,1,0,,,100,,,100,,,,,,,,,,,,100,,,,,,
20880,T81,20020723,25,,2,,,,,B-B,Caricetum glareosae Molenaar 1974,OL,41,3,4,,,D,RU,Malozemelskaya_tundra,,,,,N,,, , ,,,,,,,,NAT,,,,Y,,Y,1,1,0,,,100,,,100,,,,,,,,,,,,100,,,,,,
20881,T56,20020718,25,,2,,,,,B-B,Caricetum glareosae Molenaar 1974,OL,41,3,5,,,D,RU,Malozemelskaya_tundra,,,,,Y,GPS,,68.58833333,52.36583333,,,,,,,,NAT,,,,Y,,Y,1,1,0,,,100,,,100,,,,,,,,,,,,100,,,,,,
20882,T47,20020717,25,,2,,,,,B-B,Caricetum glareosae Molenaar 1974,OL,41,3,6,,,D,RU,Malozemelskaya_tundra,,,,,N,,, , ,,,,,,,,NAT,,,,Y,,Y,1,1,0,,,100,,,100,,,,,,,,,,,,100,,,,,,
20883,T6,20020712,25,,2,,,,,B-B,Caricetum glareosae Molenaar 1974,OL,41,3,7,,,D,RU,Malozemelskaya_tundra,,,,,N,,, , ,,,,,,,,NAT,,,,Y,,Y,1,1,0,,,100,,,100,,,,,,,,,,,,100,,,,,,
20884,T71,20020721,25,,2,,,,,B-B,Caricetum glareosae Molenaar 1974,OL,41,3,8,,,D,RU,Malozemelskaya_tundra,,,,,Y,GPS,,68.58797222,52.36355556,,,,,,,,NAT,,,,Y,,Y,1,1,0,,,100,,,100,,,,1,,,,,,,,100,,,,,,
20885,T48,20020717,25,,2,,,,,B-B,Caricetum glareosae Molenaar 1974,OL,41,3,9,,,D,RU,Malozemelskaya_tundra,,,,,Y,GPS,,68.585,52.31966667,,,,,,,,NAT,,,,Y,,Y,1,1,0,,,100,,,100,,,,1,,,,,,,,100,,,,,,
20886,T88,20020725,25,,2,,,,,B-B,Caricetum glareosae Molenaar 1974,OL,41,3,10,,,D,RU,Malozemelskaya_tundra,,,,,Y,GPS,,68.5875,52.36158333,,,,,,,,NAT,,,,Y,,Y,1,1,0,,,100,,,100,,,,5,,,,,,,,100,,,,,,
20887,T33,20020715,25,,2,,,,,B-B,Caricetum glareosae Molenaar 1974,OL,41,3,11,,,D,RU,Malozemelskaya_tundra,,,,,N,,, , ,,,,,,,,NAT,,,,Y,,Y,1,1,0,,,90,,,90,,,,10,,,,,,,,90,,,,,,
20888,T34,20020715,25,,2,,,,,B-B,Caricetum glareosae Molenaar 1974,OL,41,3,12,,,D,RU,Malozemelskaya_tundra,,,,,Y,GPS,,68.59166667,52.43566667,,,,,,,,NAT,,,,Y,,Y,1,1,0,,,90,,,90,,,,10,,,,,,,,100,,,,,,
20889,T89,20020725,25,,2,,,,,B-B,Caricetum glareosae Molenaar 1974,OL,41,3,13,,,D,RU,Malozemelskaya_tundra,,,,,Y,GPS,,68.595,52.44016667,,,,,,,,NAT,,,,Y,,Y,1,1,0,,,90,,,90,,,,10,,,,,,,,100,,,,,,
20890,T35,20020715,25,,2,,,,,B-B,Caricetum glareosae Molenaar 1974,OL,41,3,14,,,D,RU,Malozemelskaya_tundra,,,,,N,,, , ,,,,,,,,NAT,,,,Y,,Y,1,1,0,,,100,,,100,,,,1,1,,,,,,,100,,,,,,
20891,T36,20020715,25,,2,,,,,B-B,Caricetum glareosae Molenaar 1974,OL,41,3,15,,,D,RU,Malozemelskaya_tundra,,,,,Y,GPS,,68.60333333,52.4515,,,,,,,,NAT,,,,Y,,Y,1,1,0,5,,100,,,100,,,,1,1,,,,,,,100,,,,,,
20892,T95,20020727,25,,2,,,,,B-B,Caricetum glareosae Molenaar 1974,OL,41,3,16,,,D,RU,Malozemelskaya_tundra,,,,,Y,GPS,,68.60666667,52.45566667,,,,,,,,NAT,,,,Y,,Y,1,1,0,,,100,,,100,,,,1,,,,,,,,100,,,,,,
20893,T77,20020722,25,,2,,,,,B-B,Caricetum glareosae Molenaar 1974,OL,41,3,17,,,D,RU,Malozemelskaya_tundra,,,,,N,,, , ,,,,,,,,NAT,,,,Y,,Y,1,1,0,,,100,,,100,,,,1,,,,,,,,100,,,,,,
20894,T67,20020720,25,,2,,,,,B-B,Caricetum glareosae Molenaar 1974,OL,41,3,18,,,D,RU,Malozemelskaya_tundra,,,,,Y,GPS,,68.58666667,52.3345,,,,,,,,NAT,,,,Y,,Y,1,1,0,,,90,,,90,,,,10,,,,,,,,100,,,,,,
20895,TN27,20070713,25,,2,,,,,B-B,Caricetum glareosae Molenaar 1974, LAVR,41,3,19,,,D,RU,Malozemelskaya_tundra,,,,,Y,GPS,,68.60666667,52.44316667,,,,,,,,NAT,,,,Y,,Y,1,1,0,,,100,,,100,,,,1,,,,,,,,100,,,,,,
20896,TN26,20070713,25,,2,,,,,B-B,Caricetum glareosae Molenaar 1974, LAVR,41,3,20,,,D,RU,Malozemelskaya_tundra,,,,,Y,GPS,,68.68527778,53.82777778,,,,,,,,NAT,,,,Y,,Y,1,1,0,,,100,,,100,,,,1,,,,,,,,100,,,,,,
20897,24,20010806,25,,2,,,,,B-B,Parnassio palustris-Salicetum reptantis (Matveyeva et Lavrinenko 2011) Lavrinenko et Lavrinenko 2018,OLNM,40,5,8,,,D,RU,Malozemelskaya_tundra,,,,,Y,GPS,,68.68527778,53.82777778,,,,,,,,NAT,,,,Y,,Y,1,1,0,1,,90,,,90,,,,5,5,,,,,,,99,,,,,,
20898,59,20010811,25,,2,,,,,B-B,Parnassio palustris-Salicetum reptantis (Matveyeva et Lavrinenko 2011) Lavrinenko et Lavrinenko 2018,OLNM,40,5,9,,,D,RU,Malozemelskaya_tundra,,,,,Y,GPS,,68.83525,53.97288889,,,,,,,,NAT,,,,Y,,Y,1,1,0,1,,80,,,80,,,,10,1,10,,,,,,100,,,,,,
20899,90n,20010813,25,,2,,,,,B-B,Parnassio palustris-Salicetum reptantis (Matveyeva et Lavrinenko 2011) Lavrinenko et Lavrinenko 2018,NM,40,5,10,,,D,RU,Malozemelskaya_tundra,,,,,Y,GPS,,68.83547222,53.97205556,,,,,,,,NAT,,,,Y,,Y,1,1,0,30,,80,,,80,,,,20,1,,,,,,,100,,,,,,
20900,57,20010811,25,,2,,,,,B-B,Parnassio palustris-Salicetum reptantis (Matveyeva et Lavrinenko 2011) Lavrinenko et Lavrinenko 2018,OLNM,40,5,7,,,D,RU,Malozemelskaya_tundra,,,,,Y,GPS,,68.83197222,53.97302778,,,,,,,,NAT,,,,Y,,Y,1,1,0,50,,50,,,50,,,,20,,,,,,,,100,,,,,,
20901,100,20010816,25,,2,,,,,B-B,Parnassio palustris-Salicetum reptantis (Matveyeva et Lavrinenko 2011) Lavrinenko et Lavrinenko 2018,OL,40,5,11,,,D,RU,Malozemelskaya_tundra,,,,,Y,GPS,,68.83844444,53.97311111,,,,,,,,NAT,,,,Y,,Y,1,1,0,30,,30,,,30,,,,20,1,5,,,,,,100,,,,,,
20902,52,20010811,25,,2,,,,,B-B,Parnassio palustris-Salicetum reptantis (Matveyeva et Lavrinenko 2011) Lavrinenko et Lavrinenko 2018,OLNM,40,5,12,,,D,RU,Malozemelskaya_tundra,,,,,Y,GPS,,68.93222222,53.78025,,,,,,,,NAT,,,,Y,,Y,1,1,0,40,,40,,,40,,,,20,5,20,,,,,,99,,,,,,
20903,51,20010811,25,,2,,,,,B-B,Parnassio palustris-Salicetum reptantis (Matveyeva et Lavrinenko 2011) Lavrinenko et Lavrinenko 2018,OLNM,40,5,13,,,D,RU,Malozemelskaya_tundra,,,,,Y,GPS,,68.83175,53.99452778,,,,,,,,NAT,,,,Y,,Y,1,1,0,40,,40,,,40,,,,20,1,,,,,,,99,,,,,,
20904,46,20010810,25,,2,,,,,B-B,Parnassio palustris-Salicetum reptantis (Matveyeva et Lavrinenko 2011) Lavrinenko et Lavrinenko 2018,OLNM,40,5,14,,,D,RU,Malozemelskaya_tundra,,,,,Y,GPS,,68.83283333,53.99002778,,,,,,,,NAT,,,,Y,,Y,1,1,0,35,,50,,,50,,,,5,5,5,,,,,,100,,,,,,
20905,64,20010812,25,,2,,,,,B-B,Parnassio palustris-Salicetum reptantis (Matveyeva et Lavrinenko 2011) Lavrinenko et Lavrinenko 2018,OL,40,5,15,,,D,RU,Malozemelskaya_tundra,,,,,Y,GPS,,68.83808333,53.97316667,,,,,,,,NAT,,,,Y,,Y,1,1,0,35,,40,,,40,,,,1,10,20,,,,,,100,,,,,,
20906,T90,20020726,25,,2,,,,,B-B,Parnassio palustris-Salicetum reptantis (Matveyeva et Lavrinenko 2011) Lavrinenko et Lavrinenko 2018,OL,40,5,16,,,D,RU,Malozemelskaya_tundra,,,,,Y,GPS,,68.82016667,53.25616667,,,,,,,,NAT,,,,Y,,Y,1,1,0,60,,50,,,50,,,,30,5,,,,,,,100,,,,,,
20907,T84,20020724,25,,2,,,,,B-B,Parnassio palustris-Salicetum reptantis (Matveyeva et Lavrinenko 2011) Lavrinenko et Lavrinenko 2018,OL,40,5,17,,,D,RU,Malozemelskaya_tundra,,,,,N,,, , ,,,,,,,,NAT,,,,Y,,Y,1,1,0,20,,20,,,20,,,,50,5,,,,,,,100,,,,,,
20908,TN28,20070713,25,,2,,,,,B-B,Parnassio palustris-Salicetum reptantis (Matveyeva et Lavrinenko 2011) Lavrinenko et Lavrinenko 2018, LAVR,40,5,6,,,D,RU,Malozemelskaya_tundra,,,,,Y,GPS,,68.68527778,53.82777778,,,,,,,,NAT,,,,Y,,Y,1,1,0,60,,20,,,20,,,,30,,,,,,,,100,,,,,,
