AVARU_Oxycocco-Sphagnetea_Lavrinenko_O._I._2015,,,,,,,,,,,,,,,,,,,,,,,,,,,,,,,,,,,,,,,,,,,,,,,,,,,,,,,,,,,,,,,,,,,,,,,,,,,,,,,,,,,,,,,,,,,,,,,,,,,,,,,,,,,,,,,,,,,,,,,,,
Dataset Title: Arctic Vegetation Archive: Oxycocco-Sphagnetea mires in East European tundra Vegetation Plots,,,,,,,,,,,,,,,,,,,,,,,,,,,,,,,,,,,,,,,,,,,,,,,,,,,,,,,,,,,,,,,,,,,,,,,,,,,,,,,,,,,,,,,,,,,,,,,,,,,,,,,,,,,,,,,,,,,,,,,,,
"Dataset Author: Lavrinenko Olga, Lavrinenko Igor",,,,,,,,,,,,,,,,,,,,,,,,,,,,,,,,,,,,,,,,,,,,,,,,,,,,,,,,,,,,,,,,,,,,,,,,,,,,,,,,,,,,,,,,,,,,,,,,,,,,,,,,,,,,,,,,,,,,,,,,,
"Dataset Reference: Lavrinenko O.V., Lavrinenko I.A. Communities of the class Oxycocco-Sphagnetea Br.-Bl. Et R. Tx. 1943 in the East European tundras // Vegetation of Russia. 2015. N 26 P. 55–84.",,,,,,,,,,,,,,,,,,,,,,,,,,,,,,,,,,,,,,,,,,,,,,,,,,,,,,,,,,,,,,,,,,,,,,,,,,,,,,,,,,,,,,,,,,,,,,,,,,,,,,,,,,,,,,,,,,,,,,,,,
Dataset Table: Species Cover Data for Oxycocco-Sphagnetea mires Vegetation Plots,,,,,,,,,,,,,,,,,,,,,,,,,,,,,,,,,,,,,,,,,,,,,,,,,,,,,,,,,,,,,,,,,,,,,,,,,,,,,,,,,,,,,,,,,,,,,,,,,,,,,,,,,,,,,,,,,,,,,,,,,
"Dataset Notes: Species cover classes are the new Braun-Blanquet cover-abundance scale: r (single), + (less than 1 percent), 1 (1 to 5 percent), 2a (6 to 12 percent), 2b (13 to 25 percent), 3 (26 to 50 percent), 4 (51 to 75 percent), and 5 (76 to 100 percent). Both the dataset author determinations and the current nomenclature according to the Panarctic Species List (PASL) are listed.",,,,,,,,,,,,,,,,,,,,,,,,,,,,,,,,,,,,,,,,,,,,,,,,,,,,,,,,,,,,,,,,,,,,,,,,,,,,,,,,,,,,,,,,,,,,,,,,,,,,,,,,,,,,,,,,,,,,,,,,,
,,,,,,,,,,,,,,,,,,,,,,,,,,,,,,,,,,,,,,,,,,,,,,,,,,,,,,,,,,,,,,,,,,,,,,,,,,,,,,,,,,,,,,,,,,,,,,,,,,,,,,,,,,,,,,,,,,,,,,,,,
,,AUTHOR PLOT NUMBER,V41,V42,V129,V67,V58,V61,107,71b,26,28,25,35,37,39,47,53,58,69,70b,K87,60,52,55,59,54,50,56,57,51,D20,KN34,T122a,KT82,KT81,K13,K11,K12,D66,pl16a,T63,TN5,TN1,6_5a,T117,T119,9_2a,9_12a,TN18,TN10,TN11,TN4,D15,2-Jun,2-Jul,Feb-32,F2.1,VT3,VT4,VT10,VT5,VT23,VT80,VT27,VT82,Feb-84,Feb-85,C94,O23,O8,F2.3,Feb-81,A18,2-Aug,Feb-31,Feb-33,VT22,Feb-83,Feb-82,6_3O,3,C100,B37,B31,A3,A13,KN18,8_1a,8_3a,VT18,5_18a,10_12,19-Feb,2-Oct,F1.4,F2.2,O12,O26,B3.1,F1.1,F4,ShF1,K1.2,F1.2,F2.4,ZO20,B25,KN13,S2,L3,L25,15_B38,15_M10,VT6,VT15,VT16,VT13,VT1,16-Feb,K1.1
,,TURBOVEG PLOT NUMBER,21037,21038,21039,21040,21041,21042,21043,21044,21045,21046,21047,21048,21049,21050,21051,21052,21053,21054,21055,21056,21057,21058,21059,21060,21061,21062,21063,21064,21065,21066,21067,21068,21069,21070,21071,21072,21073,21074,21075,21076,21077,21078,21079,21080,21081,21082,21083,21084,21085,21086,21087,21088,21089,21090,21091,21092,21093,21094,21095,21096,21097,21098,21099,21100,21101,21102,21103,21104,21105,21106,21107,21108,21109,21110,21111,21112,21113,21114,21115,21116,21117,21118,21119,21120,21121,21122,21123,21124,21125,21126,21127,21128,21129,21130,21131,21132,21133,21134,21135,21136,21137,21138,21139,21140,21141,21142,21143,21144,21145,21146,21147,21148,21149,21150,21151,21152,21153,21154,21155
PASL TAXON SCIENTIFIC NAME NO AUTHOR(S),PASL TAXON SCIENTIFIC NAME WITH AUTHOR(S),DATASET TAXON,,,,,,,,,,,,,,,,,,,,,,,,,,,,,,,,,,,,,,,,,,,,,,,,,,,,,,,,,,,,,,,,,,,,,,,,,,,,,,,,,,,,,,,,,,,,,,,,,,,,,,,,,,,,,,,,,,,,,,,
Andromeda polifolia,Andromeda polifolia L.,Andromeda polifolia subsp. pumila,0,0,0,0,0,0,0,0,0,0,0,0,0,r,0,0,r,0,0,0,0,r,0,0,0,0,0,0,0,0,0,1,+,0,0,0,+,+,1,r,1,+,+,1,+,0,+,r,+,0,+,+,0,0,0,+,r,r,r,r,+,+,+,r,0,r,0,+,+,+,0,1,0,+,0,+,r,0,r,0,0,+,0,0,1,2a,1,+,+,1,+,+,r,1,1,+,2a,2a,1,+,+,1,+,1,+,0,0,1,+,+,+,0,r,r,+,r,+,1,1
Arctous alpina,Arctous alpina (L.) Nied.,Arctous alpina,0,0,0,0,0,0,0,0,0,0,0,0,0,0,0,0,+,0,0,0,0,0,0,0,0,0,0,0,0,r,0,0,0,0,r,0,0,0,0,0,r,0,0,0,0,0,0,0,+,0,0,+,0,0,+,+,0,r,1,r,1,r,0,r,r,0,r,r,0,0,0,0,0,0,0,0,0,0,0,0,+,0,0,0,0,0,+,0,0,0,+,0,0,0,0,0,0,0,0,+,r,0,+,0,0,1,+,0,0,0,0,1,0,+,0,0,0,0,0
Artemisia tilesii,Artemisia tilesii Ledeb.,Artemisia tilesii ,r,0,0,0,0,0,0,0,0,0,0,0,0,0,0,0,0,0,0,0,0,0,0,0,0,0,0,0,0,0,0,0,0,0,0,0,0,0,0,0,0,0,0,0,0,0,0,0,0,0,0,0,0,0,0,0,0,0,0,0,0,0,0,0,0,0,0,0,0,0,0,0,0,0,0,0,0,0,0,0,0,0,0,0,0,0,0,0,0,0,0,0,0,0,0,0,0,0,0,0,0,0,0,0,0,0,0,0,0,0,0,0,0,0,0,0,0,0,0
Betula nana,Betula nana L.,Betula nana ,0,0,0,0,0,0,+,0,1,1,+,0,+,1,2a,+,2a,+,0,2a,1,1,1,1,2a,2b,r,r,0,+,0,1,r,+,+,r,0,0,+,r,r,0,+,+,1,0,1,1,+,+,0,+,+,2a,+,2a,+,r,+,r,+,1,+,+,+,+,2b,1,2a,1,1,1,1,+,1,+,+,1,2a,2b,1,+,+,1,+,0,2a,+,0,1,1,+,+,+,+,r,1,r,1,2a,2a,2a,3,+,0,1,+,1,+,+,+,2a,+,+,0,0,0,1,2a
Bistorta vivipara,Bistorta vivipara (L.) Delarbre,Bistorta vivipara ,+,+,0,+,0,0,0,0,0,0,0,0,0,0,0,0,0,0,0,0,0,0,0,0,0,0,0,0,0,0,0,0,0,0,0,0,0,0,0,0,0,0,0,0,0,0,0,0,0,0,0,0,0,0,0,0,0,0,0,0,0,0,0,0,0,0,0,0,0,0,0,0,0,0,0,0,0,0,0,0,0,0,0,0,0,0,0,0,0,0,0,0,0,0,0,0,0,0,0,0,0,0,0,0,0,0,0,0,0,0,0,0,0,0,0,0,0,0,0
Cardamine bellidifolia [s. bellidifolia],Cardamine bellidifolia [s. bellidifolia] L. ,Cardamine bellidifolia,r,+,0,0,0,0,0,0,0,0,0,0,0,0,0,0,0,0,0,0,0,0,0,0,0,0,0,0,0,0,0,0,0,0,0,0,0,0,0,0,0,0,0,0,0,0,0,0,0,0,0,0,0,0,0,0,0,0,0,0,0,0,0,0,0,0,0,0,0,0,0,0,0,0,0,0,0,0,0,0,0,0,0,0,0,0,0,0,0,0,0,0,0,0,0,0,0,0,0,0,0,0,0,0,0,0,0,0,0,0,0,0,0,0,0,0,0,0,0
Carex arctisibirica,Carex bigelowii s. ensifolia (Turcz. ex Ledeb.) ined. ,Carex arctisibirica,0,0,0,0,0,0,0,0,0,0,0,0,0,0,0,0,0,0,0,0,0,0,0,0,0,+,0,0,0,0,0,0,0,0,0,0,0,0,0,0,0,0,+,0,0,0,0,0,0,0,0,0,0,0,0,0,0,0,0,0,0,0,0,0,0,0,0,0,0,0,0,0,0,0,0,0,0,0,0,0,0,0,0,0,0,0,0,0,0,0,0,0,0,0,0,0,0,0,0,0,0,0,0,0,0,0,0,0,0,0,0,0,0,0,0,0,0,0,0
Carex rariflora,Carex rariflora (Wahlenb.) Sm.,Carex rariflora ,+,0,0,0,0,+,+,0,0,0,0,r,0,0,0,0,0,0,0,r,0,r,0,0,+,+,0,0,0,+,1,2a,+,1,0,0,1,1,1,2a,2b,+,1,r,0,2a,1,1,+,+,+,1,0,0,0,0,0,0,0,0,0,0,0,0,0,0,0,0,0,0,+,0,0,0,0,0,0,0,0,0,0,0,0,0,0,1,2a,2b,0,+,0,0,0,0,+,0,0,0,+,0,0,0,0,0,0,0,0,+,2a,1,1,0,r,0,+,+,r,+,+ 
Draba alpina,Draba alpina L.,Draba alpina,r,0,0,0,0,0,0,0,0,0,0,0,0,0,0,0,0,0,0,0,0,0,0,0,0,0,0,0,0,0,0,0,0,0,0,0,0,0,0,0,0,0,0,0,0,0,0,0,0,0,0,0,0,0,0,0,0,0,0,0,0,0,0,0,0,0,0,0,0,0,0,0,0,0,0,0,0,0,0,0,0,0,0,0,0,0,0,0,0,0,0,0,0,0,0,0,0,0,0,0,0,0,0,0,0,0,0,0,0,0,0,0,0,0,0,0,0,0,0
Dryas octopetala,Dryas octopetala L.,Dryas octopetala subsp. subincisa ,0,r,0,0,0,0,0,0,0,0,0,0,0,0,0,0,0,0,0,0,0,0,0,0,0,0,0,0,0,0,0,0,0,0,0,0,0,0,0,0,0,0,0,0,0,0,0,0,0,0,0,0,0,0,0,0,0,0,0,0,0,0,0,0,0,0,0,0,0,0,0,0,0,0,0,0,0,0,0,0,0,0,0,0,0,0,0,0,0,0,0,0,0,0,0,0,0,0,0,0,0,0,0,0,0,0,0,0,0,0,0,0,0,0,0,0,0,0,0
Empetrum hermaphroditum,Empetrum nigrum L.,Empetrum hermaphroditum,0,0,0,2a,r,+,2b,2b,2a,2a,2b,2b,2a,2b,3,2b,2b,2b,2b,2b,1,2a,1,2b,2a,2a,1,2a,2a,1,2a,2a,2b,2a,2a,1,1,2a,2a,1,1,2b,2a,1,2a,2a,2b,2a,2a,1,3,1,2a,2a,2a,2a,2a,1,1,1,1,+,1,2b,2b,2b,2a,1,1,2a,2a,2a,2a,2a,2a,2a,2a,2a,2a,2a,3,2b,2b,2a,2b,2b,2b,2b,2b,2a,2a,2b,2b,2a,2a,+,1,+,2a,1,1,2a,2a,2b,2a,2b,2a,1,1,1,2a,2a,1,2a,1,1,1,2a,+
Eriophorum brachyantherum,Eriophorum brachyantherum Trautv. & C.A. Mey.,Eriophorum brachyantherum ,0,0,+,0,0,r,0,0,0,0,0,0,0,0,0,0,0,0,0,0,0,0,0,0,0,0,0,0,0,0,0,0,0,0,0,0,0,0,0,0,0,0,0,0,0,0,0,0,0,0,0,0,0,0,0,0,0,0,0,0,0,0,0,0,0,0,0,0,0,0,0,0,0,0,0,0,0,0,0,0,0,0,0,0,0,0,0,0,0,0,0,0,0,0,0,0,0,0,0,0,0,0,0,0,0,0,0,0,0,0,0,0,0,0,0,0,0,0,0
Eriophorum polystachion,Eriophorum angustifolium Honck.,Eriophorum polystachion ,0,+,0,0,0,0,0,+,0,0,0,0,0,0,0,0,0,0,0,0,0,0,0,0,0,0,0,0,0,0,0,0,0,0,0,0,0,0,0,0,0,0,0,0,0,0,0,0,0,0,0,0,0,0,0,0,0,0,0,0,0,0,0,0,0,0,0,0,0,0,0,0,0,0,0,0,0,0,0,0,0,0,0,0,0,0,0,0,0,0,0,0,0,0,0,0,0,0,0,0,0,0,0,0,0,0,0,0,0,0,0,0,0,0,0,0,0,0,0
Eriophorum russeolum,Eriophorum russeolum Fr. ex Hartm.,Eriophorum russeolum ,0,0,0,0,+,0,0,0,0,0,0,0,0,0,0,0,0,0,0,0,0,0,0,0,0,0,0,0,0,0,0,0,0,0,0,0,0,0,0,0,0,0,0,0,0,0,0,0,0,0,0,0,0,0,0,0,0,0,0,0,0,0,0,0,0,0,0,0,0,0,0,0,0,0,0,0,0,0,0,0,0,0,0,0,0,0,0,+,0,0,0,0,0,0,0,0,0,0,0,0,0,0,0,0,0,0,0,0,0,0,0,0,0,0,0,0,0,0,0
Eriophorum scheuchzeri,Eriophorum scheuchzeri Hoppe,Eriophorum scheuchzeri ,0,0,0,0,r,0,0,0,0,0,0,0,0,0,0,0,0,0,0,0,0,0,0,0,r,0,0,0,0,0,0,0,0,0,0,0,0,0,0,0,0,0,0,0,0,0,1,+,0,0,0,0,0,0,0,0,0,0,0,0,0,0,0,0,0,0,0,0,0,0,0,0,0,0,0,0,0,0,0,0,0,0,0,0,0,0,1,+,0,1,+,0,0,0,0,0,0,0,0,0,0,0,0,0,0,0,0,+,+,0,0,1,0,0,0,0,0,0,0
Eriophorum vaginatum,Eriophorum vaginatum L.,Eriophorum vaginatum,0,0,0,0,0,0,0,0,0,0,0,r,0,0,+,r,0,r,+,+,0,r,r,r,0,0,0,0,0,1,0,0,0,0,2a,r,r,0,0,0,0,0,0,+,0,1,0,r,r,0,0,0,+,0,3,+,r,r,+,r,r,r,+,r,0,+,+,0,r,+,+,+,+,+,+,+,+,+,+,1,1,0,0,0,0,0,0,+,0,0,1,0,+,r,+,0,0,0,0,1,0,+,0,1,0,0,+,0,0,0,1,0,+,0,0,0,0,0,r
Eutrema edwardsii,Eutrema edwardsii R. Br.,Eutrema edwardsii ,0,+,0,0,0,0,0,0,0,0,0,0,0,0,0,0,0,0,0,0,0,0,0,0,0,0,0,0,0,0,0,0,0,0,0,0,0,0,0,0,0,0,0,0,0,0,0,0,0,0,0,0,0,0,0,0,0,0,0,0,0,0,0,0,0,0,0,0,0,0,0,0,0,0,0,0,0,0,0,0,0,0,0,0,0,0,0,0,0,0,0,0,0,0,0,0,0,0,0,0,0,0,0,0,0,0,0,0,0,0,0,0,0,0,0,0,0,0,0
Huperzia arctica,Huperzia arctica (Grossh. ex Tolm.) Sipliv.,Huperzia arctica,0,0,0,+,+,0,0,0,0,0,0,0,0,0,0,0,0,0,0,0,0,0,0,0,0,0,0,0,0,0,0,0,0,0,0,0,0,0,0,0,0,0,0,0,0,0,0,0,0,0,0,0,0,0,0,0,0,0,0,0,0,0,0,0,0,0,0,0,0,0,0,0,0,0,0,0,0,0,0,0,0,0,0,0,0,0,0,0,0,0,0,0,0,0,0,0,0,0,0,0,0,0,0,0,0,0,0,0,0,0,0,0,0,0,0,0,0,0,0
Lloydia serotina,Lloydia serotina (L.) Rchb.,Lloydia serotina ,+,r,0,0,0,0,0,0,0,0,0,0,0,0,0,0,0,0,0,0,0,0,0,0,0,0,0,0,0,0,0,0,0,0,0,0,0,0,0,0,0,0,0,0,0,0,0,0,0,0,0,0,0,0,0,0,0,0,0,0,0,0,0,0,0,0,0,0,0,0,0,0,0,0,0,0,0,0,0,0,0,0,0,0,0,0,0,0,0,0,0,0,0,0,0,0,0,0,0,0,0,0,0,0,0,0,0,0,0,0,0,0,0,0,0,0,0,0,0
Luzula confusa,Luzula confusa Lindeb.,Luzula confusa ,+,+,0,0,0,0,0,0,0,0,0,0,0,0,0,0,0,0,r,0,0,0,0,0,0,0,0,0,0,0,0,0,0,0,0,0,0,0,0,0,0,0,0,0,0,0,0,0,0,0,0,0,0,0,0,0,0,0,0,0,0,0,0,0,0,0,0,0,0,0,0,0,0,0,0,0,0,0,0,0,0,0,0,0,0,0,0,0,0,0,0,0,0,0,0,0,0,0,0,0,0,0,0,0,0,0,0,0,0,0,0,0,0,0,0,0,0,0,0
Luzula wahlenbergii,Luzula wahlenbergii Rupr.,Luzula wahlenbergii ,2a,2b,1,2a,1,+,0,+,0,0,0,r,0,0,0,0,0,0,+,r,0,+,r,0,0,0,r,r,0,0,+,r,r,0,r,0,0,r,0,0,0,0,0,0,0,0,0,0,0,0,+,0,0,0,0,0,0,0,0,0,0,0,0,0,0,0,0,0,0,0,0,0,0,0,0,0,0,0,0,0,0,0,0,0,0,0,0,0,0,0,0,0,0,0,0,0,0,0,0,0,0,0,0,0,0,0,0,0,0,0,0,0,0,0,0,0,0,0,0
Pedicularis lapponica,Pedicularis lapponica L.,Pedicularis lapponica,0,0,0,0,0,0,0,0,0,0,0,0,0,0,0,0,0,0,0,0,0,0,0,0,0,1,0,0,0,0,0,0,0,0,0,0,0,0,0,0,r,0,0,0,0,0,0,0,0,0,0,0,0,0,0,0,0,0,0,0,0,0,0,0,0,0,0,0,0,0,0,0,0,0,r,0,0,0,0,0,0,0,0,0,0,0,0,0,0,0,0,0,0,0,0,0,0,0,0,0,0,0,0,0,0,0,0,0,0,0,0,0,0,0,0,0,0,0,0
Poa arctica,Poa arctica R. Br.,Poa arctica ,+,+,+,+,+,+,0,0,0,0,0,0,0,0,0,0,0,0,0,0,0,0,0,0,0,0,0,0,0,0,0,0,0,0,0,0,0,0,0,0,0,0,0,0,0,0,0,0,0,0,0,0,0,0,0,0,0,0,0,0,0,0,0,0,0,0,0,0,0,0,0,0,0,0,0,0,0,0,0,0,0,0,0,0,0,0,0,0,0,0,0,0,0,0,0,0,0,0,0,0,0,0,0,0,0,0,0,0,0,0,0,0,0,0,0,0,0,0,0
Polemonium acutiflorum,Polemonium acutiflorum Willd.,Polemonium acutiflorum,+,0,0,0,0,0,0,0,0,0,0,0,0,0,0,0,0,0,0,0,0,0,0,0,0,0,0,0,0,0,0,0,0,0,0,0,0,0,0,0,0,0,0,0,0,0,0,0,0,0,0,0,0,0,0,0,0,0,0,0,0,0,0,0,0,0,0,0,0,0,0,0,0,0,0,0,0,0,0,0,0,0,0,0,0,0,0,0,0,0,0,0,0,0,0,0,0,0,0,0,0,0,0,0,0,0,0,0,0,0,0,0,0,0,0,0,0,0,0
Ranunculus propinquus,Ranunculus subborealis s. subborealis Tzvelev,Ranunculus propinquus,0,r,0,0,0,0,0,0,0,0,0,0,0,0,0,0,0,0,0,0,0,0,0,0,0,0,0,0,0,0,0,0,0,0,0,0,0,0,0,0,0,0,0,0,0,0,0,0,0,0,0,0,0,0,0,0,0,0,0,0,0,0,0,0,0,0,0,0,0,0,0,0,0,0,0,0,0,0,0,0,0,0,0,0,0,0,0,0,0,0,0,0,0,0,0,0,0,0,0,0,0,0,0,0,0,0,0,0,0,0,0,0,0,0,0,0,0,0,0
Rubus chamaemorus,Rubus chamaemorus L.,Rubus chamaemorus,4,3,2a,2b,3,2b,2a,2b,2a,2b,2b,2b,2b,2b,2a,2b,1,3,2b,2b,2a,1,2a,1,1,1,2a,1,2a,2a,2a,2a,2b,2a,1,2a,2a,2a,2b,2a,2a,2b,1,2a,2b,2a,2a,2a,2b,2b,1,1,1,2a,2a,+,1,1,1,+,+,1,2a,2a,1,2b,2a,1,1,+,1,1,1,1,1,1,1,1,1,1,2a,+,+,+,+,2a,1,3,2b,2a,+,2a,2b,2a,2a,1,2a,+,2a,1,3,2b,2b,3,2a,+,1,1,1,1,2b,1,2a,+,1,1,1,2a,2a
Salix arctica,Salix arctica Pall.,Salix arctica ,+,0,0,0,0,+,0,0,0,0,0,0,0,0,0,0,0,0,0,0,0,0,0,0,0,0,0,0,0,0,0,0,0,0,0,0,0,0,0,0,0,0,0,0,0,0,0,0,0,0,0,0,0,0,0,0,0,0,0,0,0,0,0,0,0,0,0,0,0,0,0,0,0,0,0,0,0,0,0,0,0,0,0,0,0,0,0,0,0,0,0,0,0,0,0,0,0,0,0,0,0,0,0,0,0,0,0,0,0,0,0,0,0,0,0,0,0,0,0
Salix myrsinites,Salix myrsinites L.,Salix myrsinites,0,0,0,0,0,0,0,0,0,0,0,0,0,0,0,0,0,0,0,0,0,0,0,0,0,r,0,0,0,0,0,0,0,0,0,0,0,0,0,0,0,0,0,0,0,0,0,0,0,0,0,0,0,0,0,0,0,0,0,0,0,0,0,0,0,0,0,0,0,0,0,0,0,0,0,0,0,0,0,0,0,0,0,0,0,0,0,0,0,0,0,0,0,0,0,0,0,0,0,0,0,0,0,0,0,0,0,0,0,0,0,0,0,0,0,0,0,0,0
Salix polaris,Salix polaris Wahlenb.,Salix polaris ,1,1,0,r,+,0,0,0,0,0,0,0,0,0,0,0,0,0,0,0,0,0,0,0,0,0,0,0,0,0,0,0,0,0,0,0,0,0,0,0,0,0,0,0,0,0,0,0,0,0,0,0,0,0,0,0,0,0,0,0,0,0,0,0,0,0,0,0,0,0,0,0,0,0,0,0,0,0,0,0,0,0,0,0,0,0,0,0,0,0,0,0,0,0,0,0,0,0,0,0,0,0,0,0,0,0,0,0,0,0,0,0,0,0,0,0,0,0,0
Salix reptans,Salix reptans Rupr.,Salix reptans ,0,0,r,0,0,+,r,0,0,0,0,0,0,0,0,0,0,0,0,0,0,0,0,0,0,0,0,0,0,0,0,0,0,0,0,0,0,0,0,0,r,0,0,0,0,0,0,0,0,0,0,0,0,0,0,0,0,0,0,0,0,0,0,0,0,0,0,0,0,0,0,0,0,0,0,0,0,0,0,0,0,0,0,0,0,0,0,0,0,0,0,0,0,0,0,0,0,0,0,0,0,0,0,0,0,0,0,0,0,0,0,0,0,0,0,0,0,0,0
Saxifraga foliolosa,Micranthes foliolosa (R. Br.) Gornall,Saxifraga foliolosa ,+,+,0,0,+,0,0,0,0,0,0,0,0,0,0,0,0,0,0,0,0,0,0,0,0,0,0,0,0,0,0,0,0,0,0,0,0,0,0,0,0,0,0,0,0,0,0,0,0,0,0,0,0,0,0,0,0,0,0,0,0,0,0,0,0,0,0,0,0,0,0,0,0,0,0,0,0,0,0,0,0,0,0,0,0,0,0,0,0,0,0,0,0,0,0,0,0,0,0,0,0,0,0,0,0,0,0,0,0,0,0,0,0,0,0,0,0,0,0
Saxifraga hirculus,Saxifraga hirculus L.,Saxifraga hirculus ,+,0,0,0,0,0,0,0,0,0,0,0,0,0,0,0,0,0,0,0,0,0,0,0,0,0,0,0,0,0,0,0,0,0,0,0,0,0,0,0,0,0,0,0,0,0,0,0,0,0,0,0,0,0,0,0,0,0,0,0,0,0,0,0,0,0,0,0,0,0,0,0,0,0,0,0,0,0,0,0,0,0,0,0,0,0,0,0,0,0,0,0,0,0,0,0,0,0,0,0,0,0,0,0,0,0,0,0,0,0,0,0,0,0,0,0,0,0,0
Stellaria peduncularis,Stellaria longipes taxon peduncularis ,Stellaria peduncularis,+,+,0,0,0,0,0,0,0,0,0,0,0,0,0,0,0,0,0,0,0,0,0,0,0,0,0,0,0,0,0,0,0,0,0,0,0,0,0,0,0,0,0,0,0,0,0,0,0,0,0,0,0,0,0,0,0,0,0,0,0,0,0,0,0,0,0,0,0,0,0,0,0,0,0,0,0,0,0,0,0,0,0,0,0,0,0,0,0,0,0,0,0,0,0,0,0,0,0,0,0,0,0,0,0,0,0,0,0,0,0,0,0,0,0,0,0,0,0
Tephroseris atropurpurea,Tephroseris atropurpurea (Ledeb.) Holub,Tephroseris atropurpurea ,+,+,r,+,+,+,0,0,0,0,0,0,0,0,0,0,0,0,0,0,0,0,0,0,0,0,0,0,0,0,0,0,0,0,0,0,0,0,0,0,0,0,0,0,0,0,0,0,0,0,0,0,0,0,0,0,0,0,0,0,0,0,0,0,0,0,0,0,0,0,0,0,0,0,0,0,0,0,0,0,0,0,0,0,0,0,0,0,0,0,0,0,0,0,0,0,0,0,0,0,0,0,0,0,0,0,0,0,0,0,0,0,0,0,0,0,0,0,0
Vaccinium uliginosum,Vaccinium uliginosum L.,Vaccinium uliginosum,0,0,0,0,0,0,0,0,0,0,+,+,+,1,2a,+,1,+,2a,+,0,0,0,0,0,0,0,0,0,r,0,1,+,0,+,1,+,0,0,1,1,+,0,0,0,1,+,+,1,r,1,+,0,0,1,1,+,r,+,r,+,+,r,r,+,+,+,2a,2a,1,0,0,0,0,0,0,0,0,0,1,+,+,+,+,2a,1,1,1,2a,1,1,+,r,+,+,1,2a,1,+,1,+,1,2a,0,0,1,2a,2a,2a,1,+,1,r,1,+,r,0,+,r
Vaccinium vitis-idaea,Vaccinium vitis-idaea L.,Vaccinium vitis-idaea,0,0,0,0,0,+,1,2b,1,1,1,1,+,+,1,+,2a,2a,2a,1,+,1,1,1,1,2a,+,1,1,+,+,1,1,1,+,1,+,+,+,+,+,+,1,1,1,1,1,+,1,1,1,1,2a,2b,+,1,+,1,2a,+,1,+,1,+,1,1,+,1,2a,+,2a,2a,2a,2a,2a,2a,2a,2a,2a,1,1,1,2a,2a,1,1,2a,1,1,2a,1,2a,1,2b,2b,+,2b,1,1,1,+,2a,2a,2b,1,1,1,1,+,+,2a,1,2a,2b,+,+,+,1,1
Aulacomnium palustre,Aulacomnium palustre (Hedw.) Schwaegr.,Aulacomnium palustre ,0,0,r,0,0,r,0,0,0,0,0,0,0,0,0,0,0,0,+,0,0,0,0,0,0,0,0,0,0,0,0,0,0,0,0,0,0,0,0,0,0,0,0,0,0,0,0,0,0,0,0,0,0,0,0,0,0,0,0,0,0,0,0,0,0,0,0,0,0,0,0,0,0,0,0,0,0,0,0,0,0,0,0,0,0,0,0,0,0,0,0,0,0,0,0,0,0,0,0,0,0,0,0,0,0,0,0,0,0,0,0,0,0,0,0,0,0,0,0
Aulacomnium turgidum,Aulacomnium turgidum (Wahlenb.) Schwaegr.,Aulacomnium turgidum ,0,0,0,0,0,0,0,0,0,0,0,0,0,0,0,0,0,0,0,0,0,+,0,+,0,2a,0,0,0,0,0,0,0,0,0,0,0,0,0,0,0,0,0,0,0,0,0,0,0,0,+,0,0,0,0,0,0,r,r,+,0,0,0,0,r,r,0,0,0,0,0,0,0,0,0,0,0,0,0,0,0,0,0,0,0,1,+,0,0,+,0,0,0,0,0,0,0,0,0,+,0,0,0,1,0,0,1,+,0,0,1,+,0,0,0,0,0,1,0
Bryum species,Bryum species ,Bryum sp.,0,0,+,0,0,+,0,0,0,0,0,0,0,0,0,0,0,0,0,0,0,0,0,0,0,0,0,0,0,0,0,0,0,0,0,0,0,0,0,0,0,0,0,0,0,0,0,0,0,0,0,0,0,0,0,0,0,0,0,0,0,0,0,0,0,0,0,0,0,0,0,0,0,0,0,0,0,0,0,0,0,0,0,0,0,0,0,0,0,0,0,0,0,0,0,0,0,0,0,0,0,0,0,0,0,0,0,0,0,0,0,0,0,0,0,0,0,0,0
Bryum wrightii,Bryum wrightii Sull.,Bryum wrightii,+,+,0,0,0,0,0,0,0,0,0,0,0,0,0,0,0,0,0,0,0,0,0,0,0,0,0,0,0,0,0,0,0,0,0,0,0,0,0,0,0,0,0,0,0,0,0,0,0,0,0,0,0,0,0,0,0,0,0,0,0,0,0,0,0,0,0,0,0,0,0,0,0,0,0,0,0,0,0,0,0,0,0,0,0,0,0,0,0,0,0,0,0,0,0,0,0,0,0,0,0,0,0,0,0,0,0,0,0,0,0,0,0,0,0,0,0,0,0
Calliergon stramineum,Calliergon stramineum (Dicks. ex Brid.) Kindb.,Calliergon stramineum ,0,0,0,0,0,0,0,0,0,0,0,0,0,0,0,0,0,0,+,0,0,0,0,0,0,0,0,0,0,0,0,0,0,0,0,0,0,0,0,0,0,0,0,0,0,0,0,0,0,0,0,0,0,0,0,0,0,0,0,0,0,0,0,0,0,0,0,0,0,0,0,0,0,0,0,0,0,0,0,0,0,0,0,0,0,0,0,0,0,0,0,0,0,0,0,0,0,0,0,0,0,0,0,0,0,0,0,0,0,0,0,0,0,0,0,0,0,0,0
Dicranum elongatum,Dicranum elongatum Schleich. ex Schwaegr.,Dicranum elongatum ,1,+,2a,+,+,2b,+,2a,2a,2b,2a,2b,2b,2b,3,3,3,3,2a,2a,+,1,+,1,+,1,+,+,+,+,1,1,1,+,+,+,+,+,+,1,1,1,1,2a,2a,2a,2a,+,1,1,1,+,1,0,1,+,+,+,2a,+,+,+,+,+,0,0,0,2a,1,0,0,2a,0,1,+,+,0,0,0,2b,1,1,2a,+,2a,2a,+,1,2a,1,+,2a,2a,2a,1,+,+,+,+,+,+,+,+,2a,+,2a,1,+,0,0,2a,1,+,1,+,+,+,+,+
Dicranum laevidens,Dicranum spadiceum J. E. Zetterst.,Dicranum laevidens,1,+,0,0,0,0,0,0,0,0,0,0,0,0,0,0,0,0,0,0,0,0,0,0,0,0,0,0,0,0,0,0,0,0,0,0,0,0,0,0,0,0,0,0,0,0,0,0,0,0,0,0,0,0,0,0,0,0,0,0,0,0,0,0,0,0,0,0,0,0,0,0,0,0,0,0,0,0,0,0,0,0,0,0,0,0,0,0,0,0,0,0,0,0,0,0,0,0,0,0,0,0,0,0,0,0,0,0,0,0,0,0,0,0,0,0,0,0,0
Dicranum majus,Dicranum majus Turner,Dicranum majus ,0,0,0,0,0,0,r,0,0,0,0,0,0,0,0,0,0,0,0,+,0,0,0,0,0,0,0,0,0,0,0,0,0,0,0,0,0,0,0,0,0,0,+,0,0,0,0,0,0,0,0,0,0,0,0,0,0,0,0,0,0,0,0,0,0,0,0,0,0,0,0,0,0,0,0,0,0,0,0,0,0,0,0,0,0,0,0,0,0,0,0,0,0,0,0,0,0,0,0,0,0,0,0,0,0,0,0,0,0,0,0,+,0,0,0,0,0,0,0
Ditrichum flexicaule,Ditrichum flexicaule (Schwaegr.) Hampe,Ditrichum flexicaule ,1,+,0,0,0,2b,0,0,0,0,0,0,0,0,0,0,0,0,0,0,0,0,0,0,0,0,0,0,0,0,0,0,0,0,0,0,0,0,0,0,0,0,0,0,0,0,0,0,0,0,0,0,0,0,0,0,0,0,0,0,0,0,0,0,0,0,0,0,0,0,0,0,0,0,0,0,0,0,0,0,0,0,0,0,0,0,0,0,0,0,0,0,0,0,0,0,0,0,0,0,0,0,0,+,0,0,0,0,0,0,0,0,0,0,0,0,0,0,0
Hylocomium splendens,Hylocomium splendens (Hedw.) Schimp.,Hylocomium splendens,+,+,0,+,0,0,0,0,0,0,0,0,0,0,0,0,0,0,0,0,0,0,0,0,0,0,0,0,0,0,0,0,0,0,0,0,0,0,0,0,0,0,0,0,0,0,0,0,0,0,r,0,0,1,r,0,0,0,0,0,0,0,0,0,+,0,0,0,0,0,+,0,+,0,r,0,0,1,0,0,0,0,0,0,0,0,0,0,0,0,0,0,0,0,0,0,0,0,0,0,0,+,0,0,0,0,0,0,0,0,+,1,0,0,0,0,0,0,0
Leptobryum pyriforme,Leptobryum pyriforme (Hedw.) Wils.,Leptobryum pyriforme ,0,0,0,r,+,0,0,0,0,0,0,0,0,0,0,0,0,0,0,0,0,0,0,0,0,0,0,0,0,0,0,0,0,0,0,0,0,0,0,0,0,0,0,0,0,0,0,0,0,0,0,0,0,0,0,0,0,0,0,0,0,0,0,0,0,0,0,0,0,0,0,0,0,0,0,0,0,0,0,0,0,0,0,0,0,0,0,0,0,0,0,0,0,0,0,0,0,0,0,0,0,0,0,0,0,0,0,0,0,0,0,0,0,0,0,0,0,0,0
Mnium blyttii,Mnium blyttii Bruch & Schimp.,Mnium blyttii ,0,0,0,0,0,0,0,0,0,0,0,0,0,0,0,0,0,0,r,0,0,0,0,0,0,0,0,0,0,0,0,0,0,0,0,0,0,0,0,0,0,0,0,0,0,0,0,0,0,0,0,0,0,0,0,0,0,0,0,0,0,0,0,0,0,0,0,0,0,0,0,0,0,0,0,0,0,0,0,0,0,0,0,0,0,0,0,0,0,0,0,0,0,0,0,0,0,0,0,0,0,0,0,0,0,0,0,0,0,0,0,0,0,0,0,0,0,0,0
Pleurozium schreberi,Pleurozium schreberi (Willdenow ex Brid.) Mitt.,Pleurozium schreberi ,0,0,0,0,0,0,0,0,0,0,0,0,0,0,0,0,0,0,+,+,0,+,0,r,r,1,0,0,0,0,r,+,0,+,+,0,0,+,0,0,0,0,1,0,0,0,+,0,0,0,0,r,1,2a,2a,+,+,+,+,+,1,+,1,1,2a,2a,1,0,+,0,1,1,1,1,1,1,1,1,1,0,0,0,0,0,0,2b,+,+,0,2a,0,1,2a,+,r,0,0,0,0,0,0,2a,2a,1,1,0,1,+,0,0,+,1,1,0,0,0,0,2b,0
Pohlia cruda,Pohlia cruda (Hedw.) Lindb.,Pohlia cruda ,0,+,0,0,0,0,0,0,0,0,0,0,0,0,0,0,0,0,0,0,0,0,0,0,0,0,0,0,0,0,0,0,0,0,0,0,0,0,0,0,0,0,0,0,0,0,0,0,0,0,0,0,0,0,0,0,0,0,0,0,0,0,0,0,0,0,0,0,0,0,0,0,0,0,0,0,0,0,0,0,0,0,0,0,0,0,0,0,0,0,0,0,0,0,0,0,0,0,0,0,0,r,0,0,0,0,0,0,0,0,0,0,0,0,0,0,0,0,0
Pohlia nutans,Pohlia nutans (Hedw.) Lindb.,Pohlia nutans,0,0,0,+,0,0,0,0,0,0,0,+,0,0,0,0,0,0,+,0,0,0,0,0,0,0,0,0,0,0,0,0,0,0,0,0,0,0,0,0,0,0,0,0,0,0,0,0,0,0,0,0,0,0,0,0,0,0,0,0,0,0,0,0,0,0,r,0,0,0,0,0,0,0,0,0,0,0,0,0,0,0,0,0,0,0,0,0,0,0,0,0,0,0,0,0,0,0,0,0,0,0,0,0,0,0,0,0,0,0,0,0,0,0,0,0,0,0,0
Polytrichastrum fragile,Polytrichastrum alpinum (Hedw.) G. L. Sm.,Polytrichastrum fragile ,0,0,0,0,0,0,+,0,0,0,0,0,0,0,0,0,0,0,+,0,0,0,0,0,0,0,0,0,0,0,0,0,0,0,0,0,0,0,0,0,0,0,0,0,0,0,0,0,0,0,0,0,0,0,0,0,0,0,0,0,0,0,0,0,0,0,0,0,0,0,0,0,0,0,0,0,0,0,0,0,0,0,0,0,0,0,0,+,0,0,0,0,0,0,0,0,0,0,0,0,0,0,0,0,0,0,0,0,0,0,0,0,0,0,0,0,0,0,0
Polytrichum hyperboreum,Polytrichum hyperboreum R. Br.,Polytrichum hyperboreum,2b,2a,+,1,+,+,+,+,0,0,0,0,0,0,0,0,0,0,+,1,+,+,+,0,0,0,+,+,0,0,+,+,+,+,1,+,+,+,0,0,+,+,1,1,+,+,1,+,+,+,+,+,+,+,+,+,+,+,+,1,+,+,1,+,+,+,+,+,+,+,+,+,+,+,+,+,+,0,0,2a,0,0,0,0,0,0,0,0,0,0,0,0,+,0,0,0,0,0,0,0,0,+,1,0,1,0,0,0,0,0,0,+,0,+,0,0,0,0,0
Polytrichum jensenii,Polytrichum jensenii I. Hagen,Polytrichum jensenii,0,0,0,0,0,0,0,0,0,0,0,+,0,r,0,0,0,0,+,0,0,0,0,0,0,0,0,0,0,0,0,0,0,0,0,0,0,0,+,0,0,0,0,0,0,0,0,0,0,0,0,0,0,0,0,r,0,0,0,0,0,0,0,0,0,0,0,0,0,0,0,0,0,0,0,0,0,0,+,0,0,0,0,0,0,0,0,0,0,0,0,0,0,0,+,0,0,0,0,0,+,+,0,+,0,0,0,0,0,0,0,+,0,0,0,0,0,0,0
Polytrichum strictum,Polytrichum strictum Menzies ex Brid.,Polytrichum strictum ,2b,2b,2a,3,3,2b,+,2a,1,1,2a,1,1,+,2a,1,2a,1,2a,2a,+,1,0,+,+,0,2a,+,+,0,+,+,+,+,+,+,+,+,0,1,+,+,1,+,+,+,+,+,+,+,+,+,0,0,0,+,0,0,r,+,0,0,0,0,0,0,1,0,0,0,0,0,0,0,0,0,0,0,0,0,0,0,1,0,2a,1,+,1,+,0,+,+,r,1,+,+,1,+,+,+,1,+,2a,1,+,2a,0,0,+,+,1,+,1,0,0,0,0,+,+
Sphagnum balticum,Sphagnum balticum (Russ.) C. Jens.,Sphagnum balticum,0,0,0,0,0,0,0,1,0,0,0,0,0,1,1,+,0,0,2a,+,0,0,0,0,0,0,0,0,0,0,0,+,0,0,0,0,0,0,0,0,0,0,+,0,0,2a,2a,0,0,0,0,0,0,0,0,0,0,0,0,0,0,0,0,0,0,0,0,0,0,0,0,0,0,0,0,0,0,0,0,0,0,0,0,0,0,+,0,2b,0,0,0,0,0,0,0,0,0,0,0,0,0,+,0,0,0,0,1,0,0,0,2a,+,0,0,0,0,0,+,0
Sphagnum fimbriatum,Sphagnum fimbriatum Wils.,Sphagnum fimbriatum ,0,0,0,0,0,0,0,0,0,0,0,+,0,0,0,0,0,0,0,0,0,0,0,0,0,0,0,0,0,0,0,0,0,0,0,0,0,0,0,0,0,0,0,0,0,0,+,0,0,0,0,0,0,0,0,0,0,0,0,0,0,0,0,0,0,0,0,0,0,0,0,0,0,0,0,0,0,0,0,0,0,0,0,0,0,0,0,0,0,0,0,0,0,0,0,0,0,0,0,0,0,0,0,0,0,0,0,0,0,0,0,0,0,0,0,0,0,0,0
Sphagnum fuscum,Sphagnum fuscum (Schimp.) Klinggr.,Sphagnum fuscum ,0,0,0,0,0,0,0,0,0,0,0,+,0,0,0,0,0,0,0,0,0,r,+,0,2a,0,0,0,0,1,0,0,+,0,0,0,2a,1,+,0,1,1,0,0,0,0,0,0,1,1,1,2a,+,0,1,+,0,+,1,+,0,0,0,0,1,2a,0,+,2a,+,+,+,+,+,+,+,+,+,+,0,0,0,0,2a,0,0,0,0,+,+,+,+,+,0,+,0,1,0,1,0,+,2b,0,0,0,0,0,2a,+,+,0,0,+,0,+,0,0,1,1
Sphagnum russowii,Sphagnum russowii Warnst.,Sphagnum russowii ,0,+,0,+,0,0,0,0,0,0,0,0,0,0,0,0,0,0,0,+,0,0,0,0,0,0,0,0,0,0,+,0,0,+,0,0,0,0,0,0,0,2a,0,0,0,0,+,0,0,0,0,0,1,0,0,1,+,0,0,0,0,0,0,0,+,+,2a,1,0,0,2a,0,2a,2a,2b,0,2b,2b,+,0,0,0,0,0,0,0,0,0,0,0,0,0,+,0,1,0,+,0,0,0,2b,1,1,2a,+,0,0,0,0,0,1,2a,0,0,0,0,0,1,+
Sphagnum squarrosum,Sphagnum squarrosum Crome,Sphagnum squarrosum ,0,+,0,0,0,0,0,0,0,0,0,0,0,0,0,0,0,0,0,0,0,0,0,0,0,0,0,0,0,0,0,0,0,0,0,0,0,0,0,0,0,0,0,0,0,0,0,0,0,0,0,0,0,0,0,0,0,0,0,0,0,0,0,0,0,0,0,0,0,0,0,0,0,0,0,0,0,0,0,0,0,0,0,0,0,0,0,0,0,0,0,0,0,0,0,0,0,0,0,0,0,0,0,0,0,0,0,0,0,0,0,0,0,0,0,0,0,0,0
Warnstorfia fluitans,Warnstorfia fluitans (Hedw.) Loeske,Warnstorfia fluitans ,0,0,0,0,0,0,0,0,0,0,0,0,0,r,0,0,0,0,0,0,0,0,0,0,0,0,0,0,0,0,0,0,0,0,0,0,0,0,0,0,0,0,0,0,0,0,0,0,0,0,0,0,0,0,0,0,0,0,0,0,0,0,0,0,0,0,0,0,0,0,0,0,0,0,0,0,0,0,0,0,0,0,0,0,0,0,0,0,0,0,0,0,0,0,0,0,0,0,0,0,0,0,0,0,0,0,0,0,0,0,0,0,0,0,0,0,0,0,0
Lophozia species,Lophozia species ,Lophozia sp.,3,3,1,+,1,2a,+,0,0,0,0,0,0,0,0,0,0,0,0,0,+,+,+,+,0,0,1,+,+,0,0,0,0,0,0,0,0,0,0,0,0,0,0,0,0,0,0,0,0,0,0,0,0,0,0,0,0,0,0,0,0,0,0,0,0,0,0,0,0,0,0,0,0,0,0,0,0,0,0,0,0,0,0,0,0,0,0,0,0,0,0,0,0,0,0,0,0,0,0,0,0,0,0,0,0,0,0,0,0,0,0,0,0,0,0,0,0,0,0
Sphenolobus minutus,Sphenolobus minutus (Schreb.) Berggr.,Sphenolobus minutus ,+,+,+,+,+,+,+,+,+,+,+,1,+,+,+,+,1,+,1,0,+,+,+,+,+,+,+,+,+,+,+,1,+,+,+,+,+,+,+,+,+,+,+,1,+,+,+,+,+,+,+,+,+,+,+,+,0,0,0,0,0,0,0,0,+,+,0,0,0,0,+,+,+,+,+,+,+,+,+,0,0,0,0,0,0,+,0,0,0,0,0,+,+,0,+,0,0,0,0,+,+,0,0,0,+,0,0,+,0,0,0,+,0,0,0,+,0,+,+
Gowardia nigricans,Gowardia nigricans (Ach.) P.Halonen,Alectoria nigricans ,+,+,+,r,+,+,+,r,+,+,+,r,+,0,r,+,+,r,r,+,+,0,+,+,+,+,+,2a,1,0,0,0,+,0,+,+,1,0,0,r,r,+,1,+,+,1,+,r,r,r,0,+,0,0,0,0,0,+,r,r,+,0,0,0,0,0,0,0,0,+,0,0,0,0,0,0,0,0,0,0,r,r,0,0,0,1,0,+,+,0,0,+,r,0,+,+,0,+,0,r,0,0,0,0,+,0,0,+,+,+,+,1,+,+,r,+,+,r,+
Alectoria ochroleuca,Alectoria ochroleuca (Hoffm.) Massal.,Alectoria ochroleuca,0,0,0,0,r,0,0,0,0,0,0,0,0,0,0,0,0,0,0,0,0,0,0,0,0,0,0,0,0,0,0,0,0,0,0,0,0,0,0,0,0,0,0,0,0,0,0,0,0,0,0,0,0,0,0,0,0,0,0,0,0,0,0,0,0,0,0,r,0,0,0,0,0,0,0,0,0,0,0,0,0,0,0,0,0,0,0,0,0,0,+,r,0,0,+,r,0,+,0,0,0,0,0,0,r,0,0,r,0,r,0,0,0,0,0,+,r,0,0
Bryocaulon divergens,Bryocaulon divergens (Ach.) K?rnefelt,Bryocaulon divergens ,+,+,+,+,+,1,r,0,+,+,+,r,+,0,0,r,r,r,r,0,+,0,1,r,0,0,+,1,+,0,0,0,0,0,+,+,+,+,0,+,1,+,1,+,+,1,+,+,+,+,0,0,0,0,0,0,0,+,0,r,0,0,0,0,0,0,0,0,0,0,0,0,0,0,0,0,0,0,0,+,r,+,+,+,+,2a,1,+,2a,0,+,r,0,r,+,+,0,+,0,+,0,0,0,+,+,0,2a,1,+,+,+,1,+,+,+,+,+,0,0
Bryoria nitidula,Bryoria nitidula (Th. Fr.) Brodo & Hawksw.,Bryoria nitidula ,0,0,0,0,0,+,+,0,0,0,0,0,0,0,0,0,0,0,0,0,0,0,0,0,0,0,0,0,0,0,0,0,0,0,0,0,0,0,0,0,0,0,0,0,r,0,0,0,0,0,0,0,0,0,0,0,0,0,0,0,0,0,0,0,0,0,0,0,0,0,0,0,0,0,0,0,0,0,0,0,0,0,0,0,0,0,0,0,r,0,0,0,0,0,+,0,0,+,0,0,0,0,0,0,0,0,0,r,0,r,0,+,0,0,r,r,+,0,0
Cetraria islandica,Cetraria islandica (L.) Ach.,Cetraria islandica s. l.,+,+,+,+,+,+,1,+,r,+,+,+,+,+,+,+,+,1,+,1,+,1,+,2a,+,+,+,1,+,+,2a,1,2a,2a,1,1,1,+,1,+,1,1,1,+,+,1,1,1,+,+,+,1,1,1,+,+,+,+,+,+,1,1,1,1,1,+,r,+,+,+,1,1,1,1,1,1,1,1,1,+,+,+,+,+,+,1,+,+,+,1,1,+,1,0,1,+,+,+,1,+,r,+,+,+,1,+,+,1,1,1,2a,1,+,1,+,+,+,2a,1
Cetrariella delisei,Cetrariella delisei (Bory ex Schaer.) K?rnef.,Cetrariella delisei ,0,0,0,0,0,0,0,r,+,+,r,+,+,1,+,+,+,+,r,0,0,0,0,0,r,0,0,r,0,0,1,+,r,1,0,+,+,0,0,0,r,1,+,0,0,0,+,+,r,0,0,r,0,0,0,0,0,0,0,0,0,0,0,0,0,0,0,0,0,0,0,0,0,0,0,0,0,0,0,0,0,0,0,0,0,2a,0,1,0,0,1,0,0,r,+,1,+,0,+,0,0,+,0,0,0,0,2a,0,+,+,0,0,0,0,0,0,0,0,+
Cetrariella fastigiata,Cetrariella fastigiata (Bory ex Schaerer) K?rnefelt & Thell,Cetrariella fastigiata ,0,0,0,0,0,0,0,0,r,0,r,0,r,0,r,0,r,0,0,0,0,0,0,0,0,0,0,0,0,0,0,0,0,0,0,0,0,0,0,0,0,r,0,0,0,0,0,0,0,0,0,0,0,0,0,0,0,0,0,0,0,0,0,0,0,0,0,0,0,0,0,0,0,0,0,0,0,0,0,0,0,0,0,0,0,0,0,0,0,0,0,0,0,r,+,+,0,0,0,0,0,r,0,0,0,0,0,0,0,0,0,0,0,0,0,0,0,0,+
Cladonia amaurocraea,Cladonia amaurocraea (Fl?rke) Schaer.,Cladonia amaurocraea ,1,1,1,1,1,1,+,+,r,+,+,+,r,r,+,r,+,r,1,1,+,+,+,1,+,+,+,+,+,+,+,+,+,r,r,r,r,+,1,+,+,+,1,1,+,+,+,0,+,+,r,1,1,2a,+,+,+,r,+,+,1,+,+,+,+,1,+,+,+,+,1,1,1,1,1,1,1,1,1,0,+,+,+,+,+,2a,0,+,r,2a,1,+,1,+,1,1,1,+,+,+,+,2a,2a,1,+,1,1,+,0,+,2a,1,+,+,+,0,r,2a,1
Cladonia arbuscula s. lat.,Cladonia arbuscula s. lat. (Wallr.) Hale & W.Culb.,Cladonia arbuscula s. l.,1,+,2b,1,2a,2a,2b,2a,1,2a,2a,1,2a,1,1,+,1,+,2a,2b,3,3,2b,2a,4,2a,2b,3,3,4,3,3,4,3,3,2a,2a,2a,3,3,2b,2b,2a,2a,2a,3,2b,3,3,2b,2a,3,3,2b,2b,3,2b,3,2b,3,2b,2b,3,2b,3,2b,2a,3,2b,2b,3,3,3,3,3,3,3,3,3,2a,1,1,2a,1,+,2b,1,1,1,3,2a,2a,2b,+,2b,2b,2b,2a,3,2a,2b,3,3,2a,2b,2a,2a,2b,3,3,2a,2a,2b,2b,4,4,3,2b,3
Cladonia bellidiflora,Cladonia bellidiflora (Ach.) Schaer.,Cladonia bellidiflora ,+,1,+,1,+,+,+,1,r,r,0,+,r,r,r,r,+,+,1,+,r,0,r,+,r,r,r,r,r,0,0,r,0,0,r,r,r,0,r,0,0,r,+,+,+,0,+,r,r,r,r,+,0,0,0,0,r,0,0,0,r,0,0,0,0,0,0,0,0,0,0,0,0,0,0,0,0,0,0,+,0,+,+,0,0,+,+,+,+,+,+,+,+,+,+,r,r,0,+,r,0,0,0,0,+,r,+,0,0,0,0,0,0,0,0,r,0,0,0
Cladonia cenotea,Cladonia cenotea (Ach.) Schaerer,Cladonia cenotea ,+,0,0,0,0,0,0,0,0,0,0,0,0,0,0,0,0,0,0,r,0,0,0,0,0,0,0,0,0,0,0,0,0,0,0,0,r,0,0,0,0,0,0,0,0,0,0,0,0,0,r,0,r,0,r,0,r,0,0,0,0,0,0,0,0,r,0,0,0,0,r,r,r,r,r,r,r,r,r,0,r,+,0,0,0,0,0,0,+,0,0,r,r,0,r,r,r,+,+,1,r,0,+,r,r,0,0,0,r,0,0,+,0,r,0,0,0,r,r
Cladonia chlorophaea,Cladonia chlorophaea (Somm.) Spreng.,Cladonia chlorophaea ,0,0,0,0,0,0,0,0,r,0,0,0,0,0,0,0,0,r,0,r,0,0,0,0,0,0,0,0,0,0,0,0,0,0,0,0,0,0,0,0,0,0,0,0,0,0,0,0,0,0,r,0,r,0,r,0,0,0,0,0,0,0,0,0,0,0,0,0,0,0,r,r,r,r,r,r,r,r,r,0,r,0,0,0,0,0,0,0,0,0,0,r,r,0,0,0,0,+,0,0,0,0,0,r,0,0,0,0,0,0,0,0,0,0,0,0,0,0,r
Cladonia coccifera s. lat.,Cladonia coccifera s. lat. (L.) Willd.,Cladonia coccifera ,+,+,+,+,+,+,+,+,r,r,r,r,+,+,+,r,1,r,+,r,r,0,r,0,r,0,r,0,r,0,0,0,+,0,r,0,0,0,0,0,r,r,+,+,+,+,+,r,r,r,r,+,0,0,0,0,0,0,0,0,0,0,0,0,0,0,0,0,0,0,0,0,0,0,0,0,0,0,0,1,+,+,+,r,0,+,1,1,+,0,+,+,r,1,0,r,r,1,+,+,0,r,+,r,+,r,0,0,0,0,0,0,0,0,r,0,r,0,0
Cladonia coniocraea,Cladonia coniocraea (Fl?rke) Spreng.,Cladonia coniocraea,0,0,0,0,0,0,0,0,0,0,0,0,0,0,r,0,0,0,0,0,0,0,0,0,0,0,0,0,0,0,0,0,0,0,0,0,0,0,0,0,0,0,0,0,0,0,0,0,0,0,0,0,0,0,0,0,0,0,0,0,0,0,0,0,0,0,0,0,0,0,0,0,0,0,0,0,0,0,0,0,0,0,0,0,0,0,0,0,0,0,0,0,0,0,0,0,0,0,0,0,0,0,0,0,0,0,0,0,0,0,0,0,0,0,0,0,0,0,0
Cladonia cornuta,Cladonia cornuta (L.) Hoffm.,Cladonia cornuta subsp. cornuta,+,+,0,0,0,+,0,0,r,0,0,0,0,0,0,0,0,0,r,0,0,0,0,0,0,0,0,0,0,0,0,r,0,0,0,0,r,0,0,0,0,0,0,0,0,0,0,0,0,0,+,0,+,+,+,0,0,0,0,0,0,0,0,0,0,+,0,0,0,0,+,0,+,+,+,r,+,0,r,0,+,0,0,0,0,0,0,0,0,0,0,1,+,+,+,r,r,+,+,r,+,+,1,r,1,+,0,0,0,0,0,0,0,0,0,0,0,0,+
Cladonia crispata s. lat.,Cladonia crispata s. lat. (Ach.) Flot.,Cladonia crispata var. cetrariiformis,0,+,0,0,+,+,+,+,r,0,+,0,0,0,0,0,r,r,r,0,+,+,+,+,+,+,+,+,+,0,0,r,0,0,r,0,r,+,0,r,+,r,+,+,+,0,+,+,+,+,0,r,0,0,0,0,0,0,0,0,0,0,0,0,0,0,0,0,0,0,0,0,0,0,0,0,0,0,0,0,0,0,0,0,0,0,0,0,0,0,0,0,0,0,0,0,0,0,0,0,0,0,0,0,0,0,0,0,0,0,0,0,0,0,0,0,0,0,0
Cladonia gracilis s. lat.,Cladonia gracilis s. lat. (L.) Willd.,Cladonia gracilis subsp. elongata ,+,+,1,1,1,1,1,1,r,r,r,r,+,+,+,+,r,+,1,+,1,1,1,2a,1,2a,1,1,1,+,+,1,+,+,1,+,+,+,1,+,+,+,+,+,+,1,+,+,+,+,+,+,1,1,1,+,+,+,+,+,r,1,+,+,1,+,+,+,+,1,+,1,1,1,2a,+,0,1,+,+,+,+,+,+,+,1,1,+,+,1,0,2a,2a,+,1,+,+,1,+,+,1,+,+,+,+,+,2a,+,+,+,1,1,+,+,+,+,+,2a,1
Cladonia luteoalba,Cladonia luteoalba Wheld. & Wils.,Cladonia luteoalba ,0,r,0,0,0,0,0,0,0,0,0,0,0,0,r,0,r,0,0,0,0,0,0,0,0,0,0,0,0,0,0,0,0,0,0,0,0,0,0,0,0,0,0,0,0,0,0,0,0,0,0,0,0,0,0,0,0,0,0,0,0,0,0,0,0,0,0,0,0,0,0,0,0,0,0,0,0,0,0,0,0,0,0,0,r,0,0,0,0,0,0,0,0,0,0,0,0,0,0,0,0,0,0,0,0,0,0,0,0,0,0,0,0,0,0,0,0,0,0
Cladonia macroceras,Cladonia macroceras (Fl?rke) Ahti,Cladonia macroceras,0,0,0,0,0,0,+,0,0,0,0,0,0,0,0,0,0,0,0,0,0,0,0,0,0,0,0,0,0,0,0,0,0,0,0,0,0,0,0,0,0,0,0,0,0,0,0,0,0,0,0,0,0,0,0,0,0,0,0,0,0,0,0,0,0,0,0,0,0,0,0,0,0,0,0,0,0,0,0,0,0,0,0,0,0,0,0,0,0,0,0,0,0,0,0,0,0,0,0,0,0,0,0,0,0,0,0,0,0,0,0,0,0,0,0,0,0,0,0
Cladonia macrophylla,Cladonia macrophylla (Schaerer) Stenh.,Cladonia macrophylla ,0,0,0,0,+,0,0,0,0,0,0,0,r,0,0,0,r,0,0,r,0,0,0,0,0,0,0,0,0,0,0,0,0,0,0,0,0,0,0,0,0,0,0,r,r,0,0,0,0,0,0,r,0,0,0,0,0,0,0,0,0,0,0,0,0,0,0,0,0,0,0,0,0,0,0,0,0,0,0,+,0,0,0,0,0,+,0,0,0,0,0,0,0,0,r,r,0,1,0,0,r,r,+,r,+,0,0,0,0,0,0,0,0,0,0,0,0,0,0
Cladonia pleurota,Cladonia pleurota (Fl?rke) Schaer.,Cladonia pleurota ,0,+,+,1,+,r,0,+,r,0,0,r,0,+,r,0,1,0,+,+,0,0,0,0,r,0,0,0,0,0,0,0,0,0,0,0,r,0,0,0,0,r,+,r,r,+,0,r,0,0,r,0,0,0,r,0,0,0,0,0,r,0,0,0,0,0,0,0,0,0,0,0,0,0,0,0,0,0,0,1,+,0,+,r,+,+,+,0,r,0,0,r,+,1,+,0,0,2a,+,1,+,r,+,+,+,0,0,0,r,0,0,0,0,0,0,0,0,0,r
Cladonia pocillum,Cladonia pocillum (Ach.) O.Rich,Cladonia pocillum,0,0,0,0,0,0,r,0,0,0,0,0,0,0,0,0,0,0,0,0,0,0,0,0,0,0,0,0,0,0,0,0,0,0,0,0,0,0,0,0,0,0,0,0,0,0,0,0,0,0,0,0,0,0,0,0,0,0,0,0,0,0,0,0,0,0,0,0,0,0,0,0,0,0,0,0,0,0,0,0,0,0,0,0,0,0,0,0,0,0,0,0,0,0,0,0,0,0,0,0,0,0,0,0,0,0,0,0,0,0,0,0,0,0,0,0,0,0,0
Cladonia rangiferina,Cladonia rangiferina (L.) Nyl.,Cladonia rangiferina,0,0,0,0,+,0,1,2a,+,+,+,+,+,+,+,r,+,+,1,2a,2b,3,2b,2b,2a,2b,2a,2b,+,3,3,3,2b,3,3,3,3,3,2b,3,2b,2b,2b,+,+,2b,2a,3,2b,2b,2b,2b,3,3,2a,3,2b,2b,2b,2b,3,4,3,3,2b,2b,2b,2a,2b,2a,2a,2a,2b,2b,2a,2b,2a,2a,+,0,0,0,0,0,0,0,0,0,0,0,0,0,0,0,0,0,0,0,0,0,0,0,0,0,0,0,0,0,0,0,0,0,0,0,0,0,0,0,0
Cladonia scabriuscula,Cladonia scabriuscula (Delise in Duby) Nyl.,Cladonia scabriuscula ,0,0,0,0,0,0,0,0,0,0,0,0,0,0,r,0,0,0,0,0,0,0,0,0,0,0,0,0,0,0,0,0,0,0,0,0,0,0,0,0,0,0,0,0,0,0,0,0,0,0,0,0,0,0,0,0,0,0,0,0,0,0,0,0,0,0,0,0,0,0,0,0,0,0,0,0,0,0,0,0,0,0,0,0,0,0,0,0,0,0,0,0,0,0,0,0,0,0,0,0,r,0,0,0,0,0,0,0,0,0,0,0,0,0,0,0,0,0,0
Cladonia squamosa s. lat.,Cladonia squamosa s. lat. Hoffm.,Cladonia squamosa var. squamosa,0,+,+,+,+,+,r,1,r,r,0,r,r,r,+,r,+,r,+,0,r,r,0,r,0,r,r,0,r,0,0,0,0,0,0,0,0,0,0,0,0,r,0,+,0,0,0,0,r,r,+,+,0,r,0,0,0,0,0,0,0,0,0,0,0,0,0,0,0,0,0,0,0,0,0,0,0,0,0,+,+,0,0,0,0,0,+,0,0,0,+,+,r,0,r,0,0,1,r,+,0,0,+,0,0,0,0,0,0,0,0,0,0,0,0,0,0,0,r
Cladonia stellaris,Cladonia stellaris (Opiz) Pouzar & Vezda,Cladonia stellaris ,0,0,0,0,0,0,0,0,0,0,0,0,0,0,r,0,0,0,0,r,0,0,0,0,0,0,0,0,0,0,+,r,0,+,1,+,+,2b,0,r,r,r,1,0,0,+,+,2a,r,r,r,r,+,0,0,+,r,0,r,0,+,0,0,0,+,r,r,+,1,1,0,0,+,0,r,0,0,0,0,0,0,0,0,0,0,0,0,0,0,0,0,0,0,0,0,0,0,0,0,0,0,0,0,0,0,0,0,0,0,0,0,0,0,0,0,0,0,0,0
Cladonia subfurcata,Cladonia subfurcata (Nyl.) Arn.,Cladonia subfurcata ,+,0,+,+,+,+,0,r,+,+,1,+,1,1,+,r,1,+,+,+,+,r,+,r,r,0,+,r,+,0,1,r,+,+,+,r,+,+,0,+,0,0,0,0,+,0,0,0,0,0,0,r,+,0,0,0,r,r,r,0,+,r,r,0,r,0,0,0,0,0,+,+,+,+,+,+,+,+,+,+,r,0,0,0,0,0,0,0,r,0,0,+,+,0,+,+,r,0,+,r,0,r,0,+,1,0,0,+,0,0,0,0,r,+,+,+,r,+,+
Cladonia sulphurina,Cladonia sulphurina (Michx.) Fr.,Cladonia sulphurina ,0,r,+,1,+,r,0,+,0,r,0,r,r,r,r,r,1,0,+,0,0,0,0,0,0,0,0,0,0,0,0,0,0,0,0,0,r,0,0,0,0,r,0,r,0,+,0,0,0,0,r,0,r,+,r,0,0,0,0,0,0,0,0,0,0,+,0,0,0,r,r,0,+,0,0,0,0,0,+,+,+,0,+,0,r,1,+,0,+,0,0,+,r,1,+,+,r,2a,+,0,+,+,1,r,+,0,0,0,0,0,0,0,0,0,0,0,0,0,+
Cladonia uncialis,Cladonia uncialis (L.) Wigg.,Cladonia uncialis ,+,+,1,1,+,1,2a,+,r,0,r,0,0,0,0,0,+,0,+,+,r,+,+,+,1,0,+,+,+,+,+,+,1,+,+,+,+,+,1,1,+,1,2a,+,1,1,1,+,+,+,r,1,r,+,1,+,0,r,r,r,0,0,0,0,r,r,0,0,0,0,r,r,r,r,r,r,r,r,r,0,0,0,0,0,0,0,0,0,0,0,0,0,0,0,0,0,0,0,0,0,0,0,0,0,0,0,0,0,0,0,0,0,0,0,0,0,0,0,0
Dactylina arctica,Dactylina arctica (Richardson) Nyl.,Dactylina arctica ,0,r,0,0,1,0,0,0,0,0,0,0,0,0,0,0,0,0,0,0,0,0,0,0,0,1,+,+,0,0,0,0,0,0,0,0,0,0,0,0,0,0,0,0,0,0,0,0,0,0,0,0,0,0,0,0,0,0,0,0,0,0,0,0,0,0,0,0,0,0,0,0,0,0,0,0,0,0,0,0,0,0,0,0,0,0,0,0,r,0,0,0,0,0,0,0,0,0,0,0,0,0,0,0,0,0,0,0,0,0,0,0,0,0,0,0,0,0,0
Flavocetraria cucullata,Flavocetraria cucullata (Bell.) K?rnefelt & Thell,Flavocetraria cucullata,0,+,0,r,0,r,0,+,+,0,+,0,0,0,r,0,0,0,+,+,0,r,0,r,0,1,0,+,0,0,0,0,0,0,+,0,0,0,0,0,0,0,1,0,0,0,0,0,r,0,r,0,1,1,1,1,2a,2a,2a,1,1,2a,1,2a,1,2a,0,1,1,2a,1,1,1,1,1,1,1,1,1,+,0,0,0,0,0,1,+,+,1,0,1,+,1,1,1,+,+,2a,1,+,+,1,0,1,2a,0,+,+,+,+,1,1,+,1,+,+,+,1,1
Flavocetraria nivalis,Flavocetraria nivalis (L.) K?rnefelt & Thell,Flavocetraria nivalis ,0,0,0,1,2a,0,+,+,2b,2b,2b,2a,3,2a,2a,2a,2a,2a,+,2a,2b,+,2b,+,r,+,2b,3,3,1,1,+,r,0,1,3,3,1,1,r,+,2a,0,2b,2b,2a,2a,2a,+,2a,+,2b,0,r,1,+,r,1,1,+,+,0,1,r,0,0,r,1,+,2a,0,+,1,1,0,r,0,0,+,+,2b,2a,2b,3,1,1,1,1,2b,1,2a,2a,1,2b,2b,2b,+,3,2b,3,+,2a,2a,+,2b,2b,1,1,1,1,0,2a,1,+,1,1,2b,+,2a
Icmadophila ericetorum,Icmadophila ericetorum (L.) Zahlbr.,Icmadophila ericetorum ,0,0,0,0,0,0,0,0,r,r,r,r,r,r,r,r,+,0,0,+,0,0,0,0,0,0,0,0,0,0,0,0,0,0,r,0,0,0,0,0,0,0,0,0,r,0,r,0,0,0,0,0,0,0,0,0,0,0,0,0,0,0,0,0,0,0,0,0,0,0,0,0,0,0,0,0,0,0,0,0,0,0,0,0,0,0,0,0,0,0,0,0,0,0,0,0,0,0,0,0,0,0,0,0,0,0,0,0,0,0,0,0,0,0,0,0,0,0,0
Ochrolechia androgyna,Ochrolechia androgyna (Hoffm.) Arn.,Ochrolechia androgyna ,0,+,2a,+,2a,1,2a,2a,3,2b,2b,2b,2b,2b,3,2b,2b,2a,2a,+,0,0,+,0,+,+,0,0,+,0,0,0,0,0,0,0,0,0,0,0,0,2a,2a,2b,2a,1,1,r,+,+,0,+,r,0,+,0,0,0,0,0,0,0,0,0,0,0,0,0,0,0,0,0,0,0,+,0,0,0,0,0,0,0,0,0,0,0,0,0,0,0,0,0,0,0,0,0,0,0,0,0,0,0,0,0,0,0,0,0,0,0,0,0,0,0,0,0,0,0,0
Ochrolechia frigida,Ochrolechia frigida (Sw.) Lynge,Ochrolechia frigida ,0,r,2a,0,1,+,2a,2b,2a,2a,2a,2a,2a,2a,2a,1,2a,2a,2a,1,0,0,0,0,0,r,0,0,0,0,+,+,+,0,r,r,+,+,+,r,+,1,2b,2b,2a,+,+,1,2a,1,2a,+,+,0,+,0,0,0,r,0,r,0,r,0,0,r,0,0,r,0,0,+,0,r,+,0,0,0,r,0,0,0,0,0,0,0,0,0,0,0,0,0,0,0,0,0,0,0,0,0,0,0,0,0,0,0,0,0,0,0,0,0,0,0,0,0,0,0,0
Ochrolechia inaequatula,Ochrolechia inaequatula (Nyl.) Zahlbr.,Ochrolechia inaequatula,2b,2a,+,2a,2a,1,0,+,1,+,+,1,1,2a,+,2a,+,2a,+,0,+,+,+,+,+,0,+,+,1,0,0,0,0,0,0,0,0,0,+,r,1,+,0,1,1,1,1,0,2a,+,1,0,0,0,+,0,0,0,0,0,0,0,0,0,0,0,0,0,0,0,0,0,0,0,0,0,0,0,0,0,0,0,0,0,0,0,0,0,0,0,0,0,0,0,0,0,0,0,0,0,0,0,0,0,0,0,0,0,0,0,0,0,0,0,0,0,0,0,0
Unknown Fungus,Unknown Fungus,Omphalina hudsoniana ,1,+,r,+,+,r,0,+,+,r,r,0,0,r,+,0,+,+,+,r,0,0,0,0,0,+,0,0,r,0,0,r,0,0,0,0,0,0,0,0,0,0,0,0,+,0,0,r,r,r,0,+,0,0,0,0,0,0,0,0,0,0,0,0,0,0,0,0,0,0,0,0,0,0,0,0,0,0,0,+,+,+,0,r,0,0,0,0,r,0,0,0,0,r,0,r,0,0,0,r,r,0,0,0,r,0,0,0,0,0,0,0,0,0,0,0,0,0,r
Unknown Fungus,Unknown Fungus,Omphalina umbellifera ,0,0,0,0,0,0,0,0,0,0,0,0,r,0,0,0,0,r,0,0,0,0,0,0,0,0,0,0,0,0,0,0,0,0,0,0,0,0,0,0,0,0,0,0,0,0,0,0,0,0,0,0,0,0,0,0,0,0,0,0,0,0,0,0,0,0,0,0,0,0,0,r,0,0,0,0,0,0,0,0,0,0,0,r,r,0,0,0,0,0,0,0,0,r,r,0,0,0,0,0,0,0,0,0,0,0,0,0,0,0,0,0,0,0,0,0,0,0,0
Parmelia omphalodes s. lat.,Parmelia omphalodes s. lat. (L.) Ach.,Parmelia omphalodes ,+,+,0,0,0,0,0,0,0,0,0,0,0,0,0,0,0,0,0,0,0,0,0,0,0,0,0,0,0,0,0,0,0,0,0,0,0,0,0,0,0,0,0,0,0,0,0,0,0,0,0,0,0,0,0,0,0,0,0,0,0,0,0,0,0,0,0,0,0,0,0,0,0,0,0,0,0,0,0,0,0,0,0,0,0,0,0,0,0,0,0,0,0,0,0,0,0,0,0,0,0,0,0,0,0,0,0,0,0,0,0,0,0,0,0,0,0,0,0
Peltigera aphthosa,Peltigera aphthosa (L.) Willd.,Peltigera aphthosa ,r,0,0,0,0,0,0,0,0,0,0,0,0,0,0,0,0,0,0,0,0,0,0,0,0,0,0,0,0,0,0,0,0,0,0,0,0,0,0,0,0,0,0,0,0,0,0,0,0,0,0,0,0,+,+,0,0,0,0,r,0,0,0,0,1,+,0,0,0,0,0,0,0,0,0,0,0,0,0,0,0,0,0,0,0,0,0,0,0,0,0,0,0,0,0,0,0,0,0,0,0,0,0,0,0,0,0,0,0,0,0,0,0,0,0,0,0,0,0
Peltigera polydactylon,Peltigera polydactylon (Neck.) Hoffm.,Peltigera polydactylon ,0,r,0,0,0,0,0,0,0,0,0,0,0,0,0,0,0,0,0,0,0,0,0,0,0,0,0,0,0,0,0,0,0,0,0,0,0,0,0,0,0,0,0,0,0,0,0,0,0,0,0,0,0,+,0,0,0,0,0,0,0,0,0,0,0,+,0,0,0,0,0,0,0,0,0,0,0,0,0,0,0,0,0,0,0,0,0,0,0,0,0,0,0,0,0,0,0,0,0,0,0,0,0,0,0,0,0,0,0,0,0,0,0,0,0,0,0,0,0
Peltigera ponojensis,Peltigera ponojensis Gyelnik,Peltigera ponojensis,0,0,0,0,0,0,0,0,0,0,0,0,0,0,0,0,0,0,0,r,0,0,0,0,0,0,0,0,0,0,0,0,0,0,0,0,0,0,0,0,0,0,0,0,0,0,0,0,0,0,0,0,0,0,0,0,0,0,0,0,0,0,0,0,0,0,0,0,0,0,0,0,0,0,0,0,0,0,0,0,0,0,0,0,0,0,0,0,0,0,0,0,0,0,0,0,0,0,0,0,0,0,0,0,0,0,0,0,0,0,0,0,0,0,0,0,0,0,0
Peltigera scabrosa,Peltigera scabrosa Th. Fr.,Peltigera scabrosa ,0,0,0,0,0,0,0,0,0,0,0,0,0,0,0,0,0,0,0,0,0,0,0,+,r,+,0,0,0,0,0,0,0,+,r,r,0,r,r,0,0,0,0,0,0,0,0,0,0,0,0,0,+,1,+,0,r,0,0,r,0,0,0,0,+,+,0,0,0,0,+,+,+,+,+,+,+,+,+,0,+,0,0,0,0,0,0,+,0,0,0,0,0,0,0,0,r,0,0,0,0,0,0,0,0,0,0,0,0,0,+,+,0,0,0,0,0,+,0
Pertusaria dactylina,Pertusaria dactylina (Ach.) Nyl.,Pertusaria dactylina ,0,0,0,0,0,0,r,0,0,0,0,0,0,0,0,0,0,0,0,0,0,0,0,0,0,0,0,0,0,0,0,0,0,0,0,0,0,0,0,0,0,0,0,0,0,0,0,0,0,0,0,0,r,0,0,0,0,0,0,0,0,0,0,0,0,0,0,0,0,0,0,0,0,0,0,0,0,0,0,1,r,+,+,0,r,1,0,0,0,0,0,+,r,+,r,r,0,+,r,1,r,0,+,r,r,r,0,0,0,0,0,0,0,0,r,0,0,0,0
Pertusaria oculata,Pertusaria oculata (Dicks.) Th. Fr.,Pertusaria oculata ,0,0,0,0,0,0,r,0,0,0,0,0,0,0,0,0,0,0,0,0,0,0,0,0,0,0,0,0,0,0,0,0,0,0,0,0,0,0,0,0,0,0,0,0,0,0,0,0,0,0,0,0,0,0,0,0,0,0,0,0,0,0,0,0,0,0,0,0,0,0,0,0,0,0,0,0,0,0,0,0,0,0,0,0,0,0,0,0,0,0,0,0,0,0,0,0,0,0,0,0,0,0,0,0,0,0,0,0,0,0,0,0,0,0,0,0,0,0,0
Pertusaria panyrga,Pertusaria panyrga (Ach.) A. Massal.,Pertusaria panyrga,0,0,0,0,r,0,0,0,0,0,0,0,0,0,0,0,0,0,0,0,0,0,0,0,0,0,0,0,0,0,0,0,0,0,0,0,0,0,0,0,0,0,0,0,0,0,0,0,0,0,0,0,0,0,0,0,0,0,0,0,0,0,0,0,0,0,0,0,0,0,0,0,0,0,0,0,0,0,0,0,0,0,0,0,0,0,0,0,0,0,0,0,0,0,0,0,0,0,0,0,0,0,0,0,0,0,0,0,0,0,0,0,0,0,0,0,0,0,0
Sphaerophorus globosus,Sphaerophorus globosus (Huds.) Vain.,Sphaerophorus globosus ,1,2a,2a,2a,2a,2b,2a,1,1,1,1,+,2a,1,1,1,+,+,2a,+,+,r,+,1,+,1,+,+,+,0,+,+,1,+,+,+,+,+,1,r,+,1,1,2a,1,1,1,+,1,+,r,+,0,+,r,r,0,r,0,0,0,0,0,0,+,0,0,0,0,0,0,0,1,0,+,0,0,0,0,0,0,0,0,0,0,0,0,0,0,0,0,0,0,0,0,0,0,0,0,0,0,0,0,0,0,0,0,0,0,0,0,0,0,0,0,0,0,0,0
Thamnolia vermicularis s. vermicularis,Thamnolia vermicularis s. vermicularis (Sw.) Schaer.,Thamnolia vermicularis,+,+,+,+,+,+,+,0,r,r,+,0,r,0,0,0,r,0,r,0,+,1,+,r,+,+,+,+,1,0,0,0,+,+,+,+,+,+,+,+,r,+,+,+,1,+,0,r,r,r,0,0,0,0,0,0,r,+,+,+,r,r,+,+,+,0,0,0,0,0,0,0,0,0,+,r,0,0,0,0,0,0,0,0,0,0,0,0,0,0,0,0,0,0,0,0,0,0,0,0,0,0,0,0,0,0,0,0,0,0,0,0,0,0,0,0,0,0,0
Tuckermanopsis inermis,Tuckermanopsis inermis (Nyl.) Krog,Tuckermanniopsis inermis,+,r,0,+,0,0,0,r,r,0,r,r,0,0,0,r,0,0,r,0,0,r,r,r,r,+,0,r,r,0,+,0,0,0,+,r,+,r,0,0,0,r,0,0,0,0,0,0,0,0,0,0,0,0,0,0,0,0,0,0,0,0,0,0,0,0,0,0,0,0,0,0,0,0,0,0,0,0,0,0,0,0,0,0,0,0,0,0,0,0,0,0,0,0,0,0,0,0,0,0,0,0,0,0,0,0,0,0,0,0,0,0,0,0,0,0,0,0,0
Carex concolor,Carex concolor R. Br.,Carex concolor,0,0,0,0,0,0,0,0,0,0,0,0,0,0,0,0,0,0,0,0,0,0,0,0,0,0,0,0,0,0,0,0,0,0,0,0,0,0,0,0,0,0,0,0,0,0,+,0,0,0,0,0,0,0,0,0,0,0,0,0,0,0,0,0,0,0,0,0,0,0,0,0,0,0,0,0,0,0,0,0,0,0,0,0,0,0,0,0,0,0,0,0,0,0,0,0,0,0,0,0,0,0,0,0,0,0,0,0,0,0,+,+,0,0,0,0,0,0,0
Carex rotundata,Carex rotundata Wahlenb.,Carex rotundata ,0,0,0,0,0,0,0,0,0,0,0,0,0,0,0,0,0,0,0,0,0,0,0,0,0,0,0,0,0,0,0,+,0,0,0,1,0,0,0,0,0,0,0,0,0,0,0,0,0,0,0,0,0,0,0,0,0,0,0,0,0,0,0,0,0,0,0,0,0,0,0,0,0,0,0,0,0,0,0,0,0,0,0,0,0,0,0,+,0,0,0,0,0,0,0,0,0,r,0,0,0,0,0,0,0,0,0,0,0,0,0,0,0,0,r,0,0,0,0
Ledum decumbens,Rhododendron tomentosum s. decumbens (Aiton) Elven & D.F. Murray,Ledum decumbens ,0,0,0,0,0,0,0,0,0,0,0,0,0,0,0,0,0,0,0,0,0,0,0,0,0,0,0,0,0,+,0,r,+,0,0,0,1,+,r,r,r,1,2a,1,1,1,1,r,+,1,r,1,2b,3,2b,2b,2b,1,1,+,+,1,2a,+,2b,2b,2b,1,2b,2a,2b,4,3,2a,2b,1,2a,2b,3,1,2b,2b,2a,3,3,2a,1,2a,2a,2a,1,3,3,2a,3,2b,3,3,2b,2b,3,3,3,3,3,+,+,1,1,1,2b,2a,2a,2b,+,1,1,2a,2b
Salix glauca,Salix glauca L.,Salix glauca,0,0,0,0,0,0,0,0,0,0,0,0,0,0,0,0,0,0,0,0,0,0,0,0,0,0,0,0,0,r,0,0,0,0,0,0,0,0,0,0,0,0,0,0,0,0,0,0,0,0,0,0,r,+,r,r,0,0,0,0,0,0,0,0,r,r,+,+,r,0,+,0,1,r,r,0,r,r,0,0,+,0,0,0,0,0,0,+,0,0,0,0,0,0,0,0,0,0,0,+,0,0,0,0,0,+,0,0,0,0,0,0,0,0,0,0,0,0,0
Dicranum acutifolium,Dicranum acutifolium (Lindb. & H. Arn.) C. Jens.,Dicranum acutifolium ,0,0,0,0,0,0,0,0,0,0,0,0,0,0,0,0,0,0,0,0,0,0,0,0,0,0,0,0,0,0,0,0,0,0,0,0,0,0,0,0,0,0,0,0,0,0,+,0,0,0,0,0,0,0,0,0,0,0,0,0,0,0,0,0,0,0,0,0,0,0,0,0,0,0,0,0,0,0,0,0,0,0,0,0,0,+,0,0,0,0,0,0,0,0,0,0,0,0,0,0,0,0,0,0,0,0,0,0,0,0,0,0,0,0,0,0,0,0,0
Dicranum species,Dicranum species,Dicranum flexicaule ,0,0,0,0,0,0,0,0,0,0,0,0,0,0,0,0,0,0,0,0,0,0,0,0,0,0,0,0,0,0,0,+,0,0,0,0,0,0,0,0,0,0,+,0,0,0,+,0,0,0,1,0,+,+,+,0,0,0,0,0,0,0,0,0,+,1,+,1,0,0,+,0,1,+,+,0,+,+,0,0,0,0,0,0,0,0,+,+,0,1,0,0,+,0,0,0,0,0,0,0,+,0,0,0,0,0,1,0,+,+,+,0,0,0,0,0,0,+,+
Hypnum lindbergii,Hypnum lindbergii Mitt.,Hypnum lindbergii,0,0,0,0,0,0,0,0,0,0,0,0,0,0,0,0,0,0,0,0,0,0,0,0,0,0,0,0,0,0,0,0,0,0,0,0,0,0,0,0,0,0,0,0,0,0,0,0,0,0,r,0,0,0,0,0,0,0,0,0,0,0,0,0,0,0,0,0,0,0,0,0,0,0,0,0,0,0,0,0,0,0,0,0,0,0,0,0,0,0,0,0,0,0,0,0,0,0,0,0,0,0,0,0,0,0,0,0,0,0,0,0,0,0,0,0,0,0,0
Oncophorus wahlenbergii,Oncophorus wahlenbergii Brid.,Oncophorus wahlenbergii ,0,0,0,0,0,0,0,0,0,0,0,0,0,0,0,0,0,0,0,0,0,0,0,0,0,0,0,0,0,0,0,0,0,0,0,0,0,0,0,0,0,0,0,0,0,0,0,+,0,0,0,0,0,0,0,0,0,0,0,0,0,0,0,0,0,0,0,0,0,0,+,0,0,0,0,0,0,0,+,0,0,0,0,0,0,0,0,0,0,0,0,0,0,0,0,0,0,0,0,0,0,0,0,0,0,r,0,+,0,0,0,0,0,0,0,0,0,0,0
Orthocaulis binsteadii,Orthocaulis binsteadii (Kaal.) H.Buch,Orthocaulis binsteadii ,0,0,0,0,0,0,0,0,0,0,0,0,0,0,0,0,0,0,0,0,0,0,0,0,0,0,0,0,0,0,0,0,0,0,0,0,0,0,0,0,0,0,+,0,0,0,0,0,0,0,0,0,0,0,0,0,0,0,0,0,0,0,0,0,0,0,0,0,0,0,0,0,0,0,0,0,0,0,0,0,0,0,0,0,0,0,0,0,0,0,0,0,0,0,0,0,0,0,0,0,0,0,0,0,0,0,0,0,0,0,0,0,0,0,0,0,0,0,0
Sanionia uncinata,Sanionia uncinata (Hedw.) Loeske,Sanionia uncinata ,0,0,0,0,0,0,0,0,0,0,0,0,0,0,0,0,0,0,0,0,0,0,0,0,0,0,0,0,0,0,+,0,0,+,0,0,0,0,0,0,0,0,+,0,0,0,0,0,0,0,0,0,0,0,0,0,0,0,0,0,0,0,0,0,0,0,0,0,0,0,0,0,0,0,0,0,0,0,0,0,0,0,0,0,0,0,0,0,0,0,0,0,0,0,0,0,0,0,0,0,0,0,0,0,0,0,0,0,0,0,0,0,0,0,0,0,0,0,0
Sphagnum lenense,Sphagnum lenense H. Lindb. ex L.I. Savicz,Sphagnum lenense ,0,0,0,0,0,0,0,0,0,0,0,0,0,0,0,0,0,0,0,0,0,0,0,0,0,0,0,0,0,0,0,0,0,0,0,0,0,0,0,0,0,0,0,0,0,0,0,0,0,0,0,0,0,0,0,0,0,0,0,0,0,0,0,0,0,0,0,0,0,0,0,0,0,0,0,0,0,0,0,0,0,0,0,0,0,0,0,0,0,+,0,0,0,0,0,0,0,0,0,0,0,0,0,0,0,0,0,0,0,0,+,+,0,0,0,0,0,0,0
Cephalozia bicuspidata,Cephalozia bicuspidata (L.) Dumort.,Cephalozia bicuspidata ,0,0,0,0,0,0,0,0,0,0,0,0,0,0,0,0,0,0,0,0,0,0,0,0,0,0,0,0,0,0,0,0,0,0,0,0,0,0,0,0,0,0,+,0,0,0,0,0,0,0,0,0,0,0,0,0,0,0,0,0,0,0,0,0,0,0,0,0,0,0,0,0,0,0,0,0,0,0,0,0,0,0,0,0,0,0,0,0,0,0,0,0,0,0,0,0,0,0,0,0,0,0,0,0,0,0,0,0,0,0,0,0,0,0,0,0,0,0,0
Ptilidium ciliare,Ptilidium ciliare (L.) Hampe,Ptilidium ciliare ,0,0,0,0,0,0,0,0,0,0,0,0,0,0,0,0,0,0,0,0,0,0,0,0,0,0,0,0,0,0,+,0,0,0,0,+,0,0,0,0,0,0,0,0,0,0,0,+,0,0,0,0,0,+,0,0,r,0,0,0,0,0,0,0,0,0,0,+,0,0,0,0,+,0,1,0,0,0,0,1,+,0,0,0,0,0,0,+,+,0,0,0,0,2a,0,0,0,0,0,0,0,0,0,0,+,r,0,1,0,+,+,0,0,0,0,0,0,0,0
Unknown liverwort,Unknown liverwort,Liverworts,0,0,0,0,0,0,0,0,0,0,0,0,0,0,0,0,0,0,0,0,0,0,0,0,0,0,0,0,0,0,0,0,0,0,1,0,1,0,+,+,0,0,+,0,0,0,0,0,0,0,0,0,0,0,0,0,0,0,0,0,0,0,0,0,0,0,0,0,0,0,0,0,0,0,0,0,0,0,0,0,0,0,0,0,0,0,0,0,0,0,0,0,0,0,0,0,0,0,0,0,0,0,0,0,0,0,0,0,0,0,0,0,0,0,0,0,0,0,0
Arctocetraria andrejevii,Arctocetraria andrejevii (Oxner) K?rnefelt & Thell,Arctocetraria andrejevii ,0,0,0,0,0,0,0,0,0,0,0,0,0,0,0,0,0,0,0,0,0,0,0,0,0,0,0,0,0,0,+,0,0,0,0,0,0,0,0,0,0,0,0,0,0,0,0,r,0,0,0,0,0,0,0,0,0,0,0,0,0,0,0,0,0,0,0,0,0,0,0,0,0,0,0,0,0,0,0,0,0,0,0,0,0,0,0,1,0,0,0,0,0,0,0,0,0,0,0,0,0,0,0,0,0,0,1,0,0,0,0,0,0,0,0,0,0,0,0
Cladonia cornuta,Cladonia cornuta (L.) Hoffm.,Cladonia cornuta subsp. groenlandica ,0,0,0,0,0,0,0,0,0,0,0,0,0,0,0,0,0,0,0,0,0,0,0,0,0,0,0,0,0,0,0,0,0,0,0,0,0,0,0,0,0,0,0,0,0,0,0,0,0,0,+,0,0,0,0,0,0,0,0,0,0,0,0,0,0,r,0,0,0,0,0,0,r,0,0,0,0,0,0,0,0,0,0,0,0,0,0,0,0,0,0,+,r,0,r,0,0,0,0,r,0,0,0,r,0,0,0,0,0,0,0,0,0,0,0,0,0,0,0
Cladonia deformis,Cladonia deformis (L.) Hoffm.,Cladonia deformis,0,0,0,0,0,0,0,0,0,0,0,0,0,0,0,0,0,0,0,0,0,0,0,0,0,0,0,0,0,0,0,0,0,0,0,0,r,0,0,0,0,0,0,0,0,0,0,0,0,0,0,0,r,0,0,r,0,0,0,0,0,0,0,0,0,0,0,0,0,0,0,0,+,0,0,0,0,0,+,0,0,0,0,0,0,0,0,1,+,0,0,r,r,0,r,r,0,+,+,0,+,0,+,+,+,0,0,0,0,0,0,0,0,0,0,0,0,0,0
Cladonia grayi,Cladonia grayi G. Merr. ex Sandst.,Cladonia grayi ,0,0,0,0,0,0,0,0,0,0,0,0,0,0,0,0,0,0,0,0,0,0,0,0,0,0,0,0,0,0,0,0,0,0,0,0,r,0,0,0,0,0,0,0,0,0,0,0,0,0,0,0,0,0,0,0,0,0,0,0,0,0,0,0,0,0,0,0,0,0,0,0,0,0,0,0,0,0,0,0,0,0,0,0,0,0,0,0,0,0,0,0,0,0,0,0,0,0,0,0,0,0,0,0,0,0,0,0,0,0,0,0,0,0,0,0,0,0,0
Cladonia maxima,Cladonia maxima (Asah.) Ahti,Cladonia maxima ,0,0,0,0,0,0,0,0,0,0,0,0,0,0,0,0,0,0,0,0,0,0,0,0,0,0,0,0,0,0,+,0,0,0,0,0,0,0,0,0,0,0,0,0,0,0,0,0,0,0,0,0,0,+,0,r,0,0,0,0,r,0,0,0,0,0,0,0,0,0,0,0,+,0,+,0,0,0,0,0,0,0,0,0,0,0,0,0,0,0,0,0,0,0,0,0,0,0,0,r,0,0,0,0,0,0,0,1,0,0,0,0,0,0,0,0,0,0,0
Cladonia rei,Cladonia rei Schaer.,Cladonia rei ,0,0,0,0,0,0,0,0,0,0,0,0,0,0,0,0,0,0,0,0,0,0,0,0,0,0,0,0,0,0,0,0,0,0,0,0,r,0,0,0,0,0,+,0,0,0,0,0,0,0,0,0,0,0,0,0,0,0,0,0,0,0,0,0,0,r,0,0,0,0,0,0,0,0,0,0,0,0,0,0,0,0,0,0,0,+,+,+,0,0,0,r,r,0,0,0,0,0,0,0,0,0,0,0,0,0,0,+,0,0,0,+,0,0,0,0,0,0,0
Cladonia uliginosa,Cladonia uliginosa (Ahti) Ahti,Cladonia stricta var. uliginosa,0,0,0,0,0,0,0,0,0,0,0,0,0,0,0,0,0,0,0,0,0,0,0,0,0,0,0,0,0,0,r,0,0,0,0,0,0,0,0,0,0,0,0,0,0,0,0,0,0,0,0,0,0,0,0,0,0,0,0,0,0,0,0,0,0,0,0,0,0,0,0,0,0,0,0,0,0,0,0,0,0,0,0,0,0,0,0,0,0,0,0,0,0,0,0,0,0,0,0,0,0,0,0,0,0,0,0,0,0,0,0,0,0,0,0,0,0,0,0
Nephroma arcticum,Nephroma arcticum (L.) Torss.,Nephroma arcticum,0,0,0,0,0,0,0,0,0,0,0,0,0,0,0,0,0,0,0,0,0,0,0,0,0,0,0,0,0,0,0,0,0,0,0,0,0,0,0,0,0,0,0,0,0,0,0,0,0,0,0,0,0,0,0,0,0,0,0,0,0,0,0,0,+,0,r,0,0,0,+,0,+,0,+,0,0,0,0,0,0,0,0,0,0,0,0,0,0,0,0,0,0,0,0,0,0,0,0,0,0,0,0,0,0,0,0,+,0,0,0,+,0,0,0,0,0,0,0
Ochrolechia upsaliensis,Ochrolechia upsaliensis (L.) Massal.,Ochrolechia upsaliensis,0,0,0,0,0,0,0,0,0,0,0,0,0,0,0,0,0,0,0,0,0,0,0,0,0,0,0,0,0,0,0,0,0,0,0,0,0,0,0,0,0,0,0,0,0,0,+,0,0,0,0,0,0,0,0,0,0,0,0,0,0,0,0,0,0,0,0,0,0,0,0,0,0,0,0,0,0,0,0,0,0,0,0,0,0,0,0,0,0,0,0,0,0,0,0,0,0,0,0,0,0,0,0,0,0,0,0,0,0,0,0,0,0,0,0,0,0,0,0
Peltigera scabrosella,Peltigera scabrosella Holt.-Hartw.,Peltigera scabrosella,0,0,0,0,0,0,0,0,0,0,0,0,0,0,0,0,0,0,0,0,0,0,0,0,0,0,0,0,0,0,0,0,0,0,0,0,0,0,0,0,0,0,0,0,0,0,0,0,0,0,0,0,0,0,0,0,0,0,0,0,0,0,0,0,0,r,0,0,0,0,0,0,0,r,r,0,0,0,0,+,0,0,0,0,0,0,0,0,0,0,0,0,0,0,0,0,0,0,0,0,0,0,0,0,0,0,0,0,0,0,0,0,0,0,0,0,0,0,0
Stereocaulon alpinum,Stereocaulon alpinum Laur.,Stereocaulon alpinum ,0,0,0,0,0,0,0,0,0,0,0,0,0,0,0,0,0,0,0,0,0,0,0,0,0,0,0,0,0,0,0,0,0,r,0,0,0,0,0,0,0,0,0,0,0,0,0,0,0,0,0,0,0,0,0,0,0,0,0,0,0,0,0,0,0,0,0,0,0,0,0,0,0,0,0,0,0,0,0,0,0,0,0,0,0,0,0,0,0,0,0,0,0,0,0,0,0,0,0,0,0,0,0,0,0,0,0,0,0,0,0,0,0,0,0,0,0,0,0
Calamagrostis lapponica,Calamagrostis lapponica (Wahlenb.) Hartm.,Calamagrostis lapponica ,0,0,0,0,0,0,0,0,0,0,0,0,0,0,0,0,0,0,0,0,0,0,0,0,0,0,0,0,0,0,0,0,0,0,0,0,0,0,0,0,0,0,0,0,0,0,0,0,0,0,0,0,1,+,+,0,0,0,0,0,0,0,0,0,0,0,0,0,0,0,+,0,+,r,0,0,0,0,+,0,0,0,0,r,0,0,0,0,0,0,0,0,0,0,0,0,0,0,0,0,0,0,0,0,0,1,0,0,0,0,0,+,0,0,0,0,0,0,0
Carex globularis,Carex globularis L.,Carex globularis ,0,0,0,0,0,0,0,0,0,0,0,0,0,0,0,0,0,0,0,0,0,0,0,0,0,0,0,0,0,0,0,0,0,0,0,0,0,0,0,0,0,0,0,0,0,0,0,0,0,0,0,0,0,0,0,+,2a,1,2a,1,1,1,1,2a,3,2b,+,4,3,3,2b,1,0,0,+,2a,2b,3,2b,0,0,0,0,+,0,0,0,0,0,0,0,0,0,0,0,0,0,0,0,0,0,0,0,0,0,0,0,0,0,0,0,0,0,0,0,0,0,0,0
Chamaepericlymenum suecicum,Chamaepericlymenum suecicum (L.) Graebn.,Chamaepericlymenum suecicum,0,0,0,0,0,0,0,0,0,0,0,0,0,0,0,0,0,0,0,0,0,0,0,0,0,0,0,0,0,0,0,0,0,0,0,0,0,0,0,0,0,0,0,0,0,0,0,0,0,0,0,0,0,0,0,0,0,0,0,0,0,0,0,0,0,0,r,0,0,0,0,0,0,0,0,0,0,0,0,0,0,0,0,0,0,0,0,0,0,0,0,0,0,0,0,0,0,0,0,0,0,0,0,0,0,0,0,0,0,0,0,0,0,0,0,0,0,0,0
Equisetum arvense,Equisetum arvense L.,Equisetum arvense,0,0,0,0,0,0,0,0,0,0,0,0,0,0,0,0,0,0,0,0,0,0,0,0,0,0,0,0,0,0,0,0,0,0,0,0,0,0,0,0,0,0,0,0,0,0,0,0,0,0,0,0,+,0,0,0,0,0,0,0,0,0,0,0,0,0,+,0,0,0,0,0,r,0,0,0,0,0,0,0,+,0,0,+,0,0,0,0,0,0,0,0,0,0,0,0,0,0,0,0,0,0,0,0,0,1,0,0,0,0,0,0,0,0,0,0,0,0,0
Equisetum variegatum,Equisetum variegatum Schleich. ex Weber & Mohr,Equisetum variegatum,0,0,0,0,0,0,0,0,0,0,0,0,0,0,0,0,0,0,0,0,0,0,0,0,0,0,0,0,0,0,0,0,0,0,0,0,0,0,0,0,0,0,0,0,0,0,0,0,0,0,0,0,0,0,0,0,0,0,0,0,0,0,0,0,0,0,0,0,0,0,0,+,0,0,0,0,0,0,0,0,0,+,+,+,0,0,0,0,0,0,0,0,0,0,0,0,0,0,0,0,0,0,0,0,0,0,0,0,0,0,0,0,0,0,0,0,0,0,0
Festuca ovina [s. ovina],Festuca ovina [s. ovina] L. ,Festuca ovina ,0,0,0,0,0,0,0,0,0,0,0,0,0,0,0,0,0,0,0,0,0,0,0,0,0,0,0,0,0,0,0,0,0,0,0,0,0,0,0,0,0,0,0,0,0,0,0,0,0,0,0,0,0,0,0,0,0,0,0,0,0,0,0,0,0,0,0,0,0,0,0,0,0,0,r,0,0,0,0,0,0,0,0,0,0,0,0,0,0,0,0,0,0,0,0,0,0,0,0,0,0,0,0,0,0,0,0,0,0,0,0,0,0,0,0,0,0,0,0
Oxycoccus microcarpus,Oxycoccus microcarpus Turcz. ex Rupr.,Oxycoccus microcarpus ,0,0,0,0,0,0,0,0,0,0,0,0,0,0,0,0,0,0,0,0,0,0,0,0,0,0,0,0,0,0,0,0,0,0,0,0,0,0,0,0,0,0,0,0,0,0,0,0,0,0,0,0,0,0,0,r,r,r,r,0,r,r,r,r,0,r,+,+,+,r,0,+,0,0,0,r,+,0,+,0,0,0,0,0,0,0,0,0,0,+,+,0,0,0,+,0,0,0,+,0,+,1,r,0,0,0,0,+,0,0,0,0,0,0,0,0,0,1,+
Petasites frigidus,Petasites frigidus (L.) Fr.,Petasites frigidus,0,0,0,0,0,0,0,0,0,0,0,0,0,0,0,0,0,0,0,0,0,0,0,0,0,0,0,0,0,0,0,0,0,0,0,0,0,0,0,0,0,0,0,0,0,0,0,0,0,0,0,0,0,0,0,0,0,0,0,0,0,0,0,0,0,0,0,0,0,0,0,0,0,0,+,0,0,0,0,0,0,0,0,0,0,0,0,0,0,0,0,0,0,0,0,0,0,0,0,0,0,0,0,0,0,0,0,0,0,0,0,0,0,0,0,0,0,0,0
Pinguicula villosa,Pinguicula villosa L.,Pinguicula villosa,0,0,0,0,0,0,0,0,0,0,0,0,0,0,0,0,0,0,0,0,0,0,0,0,0,0,0,0,0,0,0,0,0,0,0,0,0,0,0,0,0,0,0,0,0,0,0,0,0,0,0,0,0,0,0,0,0,0,0,0,0,0,0,0,0,0,0,0,r,0,0,0,0,0,0,0,0,0,0,0,0,0,0,0,0,0,0,0,0,+,0,0,0,0,0,0,0,0,0,0,0,0,0,0,0,0,0,0,0,0,0,0,0,0,0,0,0,0,0
Salix lanata,Salix lanata L.,Salix lanata,0,0,0,0,0,0,0,0,0,0,0,0,0,0,0,0,0,0,0,0,0,0,0,0,0,0,0,0,0,0,0,0,0,0,0,0,0,0,0,0,0,0,0,0,0,0,0,0,0,0,0,0,0,0,0,0,0,0,0,0,0,0,0,0,0,0,0,+,0,0,0,0,0,0,0,0,0,0,0,0,0,0,0,0,0,0,0,0,0,0,0,0,0,0,0,0,0,0,0,0,0,0,0,0,0,0,0,0,0,0,0,+,0,0,0,0,0,0,0
Salix phylicifolia,Salix phylicifolia L.,Salix phylicifolia,0,0,0,0,0,0,0,0,0,0,0,0,0,0,0,0,0,0,0,0,0,0,0,0,0,0,0,0,0,0,0,0,0,0,0,0,0,0,0,0,0,0,0,0,0,0,0,0,0,0,0,0,0,0,0,0,0,0,0,0,0,0,0,0,0,0,0,+,0,0,r,0,0,0,0,0,0,0,r,0,r,0,0,0,0,0,0,+,0,0,0,0,0,0,0,0,0,0,0,0,0,0,0,0,0,0,0,0,0,0,0,0,0,0,0,0,0,0,0
Dicranella species,Dicranella species ,Dicranella sp.,0,0,0,0,0,0,0,0,0,0,0,0,0,0,0,0,0,0,0,0,0,0,0,0,0,0,0,0,0,0,0,0,0,0,0,0,0,0,0,0,0,0,0,0,0,0,0,0,0,0,0,0,0,0,0,0,0,0,0,0,0,0,0,0,0,0,0,0,0,0,0,0,0,0,+,0,0,0,0,0,0,0,0,0,0,0,0,0,0,0,0,0,0,0,0,0,0,0,0,0,0,0,0,0,0,0,0,0,0,0,0,0,0,0,0,0,0,0,0
Dicranum bergeri,Dicranum undulatum Brid.,Dicranum bergeri ,0,0,0,0,0,0,0,0,0,0,0,0,0,0,0,0,0,0,0,0,0,0,0,0,0,0,0,0,0,0,0,0,0,0,0,0,0,0,0,0,0,0,0,0,0,0,0,0,0,0,0,0,0,0,0,+,0,0,0,0,0,0,0,0,0,0,0,0,0,+,0,0,0,0,0,0,0,0,0,0,0,0,0,0,0,0,0,0,0,0,0,0,0,0,0,0,0,0,0,0,0,0,0,0,0,0,0,0,0,0,0,0,0,0,0,0,0,0,0
Dicranum spadiceum,Dicranum spadiceum J. E. Zetterst.,Dicranum spadiceum,0,0,0,0,0,0,0,0,0,0,0,0,0,0,0,0,0,0,0,0,0,0,0,0,0,0,0,0,0,0,0,0,0,0,0,0,0,0,0,0,0,0,0,0,0,0,0,0,0,0,0,0,0,0,0,0,0,0,0,0,0,0,0,0,0,0,0,0,0,0,0,0,0,0,0,0,0,0,+,0,0,0,0,0,0,0,0,0,0,0,0,0,0,0,0,0,0,0,0,0,0,+,0,0,0,+,0,0,0,0,0,0,0,0,0,0,0,0,0
Hypnum species,Hypnum species ,Hypnum sp.,0,0,0,0,0,0,0,0,0,0,0,0,0,0,0,0,0,0,0,0,0,0,0,0,0,0,0,0,0,0,0,0,0,0,0,0,0,0,0,0,0,0,0,0,0,0,0,0,0,0,0,0,0,0,0,0,0,0,0,0,0,0,0,0,0,0,0,0,0,0,0,0,0,0,+,0,0,0,0,0,0,0,0,0,0,0,0,0,0,0,0,0,0,0,0,0,0,0,0,0,0,0,0,0,0,0,0,0,0,0,0,0,0,0,0,0,0,0,0
Polytrichum commune,Polytrichum commune Hedw.,Polytrichum commune,0,0,0,0,0,0,0,0,0,0,0,0,0,0,0,0,0,0,0,0,0,0,0,0,0,0,0,0,0,0,0,0,0,0,0,0,0,0,0,0,0,0,0,0,0,0,0,0,0,0,0,0,+,+,0,0,0,0,0,0,0,0,0,0,+,0,0,0,0,0,+,0,+,0,0,0,0,+,0,0,0,0,0,0,0,0,0,0,0,0,0,0,0,0,0,0,0,0,0,0,0,0,0,+,0,0,0,0,0,0,0,0,0,0,0,0,0,0,0
Anthelia juratzkana,Anthelia juratzkana (Limpr.) Trevis.,Anthelia juratzkana,0,0,0,0,0,0,0,0,0,0,0,0,0,0,0,0,0,0,0,0,0,0,0,0,0,0,0,0,0,0,0,0,0,0,0,0,0,0,0,0,0,0,0,0,0,0,0,0,0,0,0,0,0,0,0,0,0,0,0,0,0,0,0,0,0,0,0,0,0,0,0,0,0,0,+,0,0,0,0,0,0,0,0,0,0,0,0,0,0,0,0,0,0,0,0,0,0,0,0,0,0,0,0,0,0,0,0,0,0,0,0,0,0,0,0,0,0,0,0
Cladonia borealis,Cladonia borealis Stenroos,Cladonia borealis ,0,0,0,0,0,0,0,0,0,0,0,0,0,0,0,0,0,0,0,0,0,0,0,0,0,0,0,0,0,0,0,0,0,0,0,0,0,0,0,0,0,0,0,0,0,0,0,0,0,0,0,0,0,0,0,0,0,0,0,0,0,0,0,0,0,0,0,r,0,0,0,0,+,0,+,0,0,0,0,0,0,0,0,0,0,0,0,0,0,0,0,0,0,0,0,0,0,0,0,0,0,0,0,0,0,0,0,0,0,0,0,0,0,0,0,0,0,0,0
Cladonia crispata s. lat.,Cladonia crispata s. lat. (Ach.) Flot.,Cladonia crispata,0,0,0,0,0,0,0,0,0,0,0,0,0,0,0,0,0,0,0,0,0,0,0,0,0,0,0,0,0,0,0,0,0,0,0,0,0,0,0,0,0,0,0,0,0,0,0,0,0,0,0,0,+,0,0,0,0,0,0,0,0,0,0,0,0,0,0,0,0,0,0,0,r,0,0,0,0,0,0,0,0,0,0,0,0,1,+,1,0,+,1,0,0,0,0,r,r,0,0,0,0,0,r,0,r,0,0,1,0,r,0,0,0,0,0,0,0,0,0
Cladonia cyanipes,Cladonia cyanipes (Sommerf.) Nyl.,Cladonia cyanipes,0,0,0,0,0,0,0,0,0,0,0,0,0,0,0,0,0,0,0,0,0,0,0,0,0,0,0,0,0,0,0,0,0,0,0,0,0,0,0,0,0,0,0,0,0,0,0,0,0,0,0,0,0,r,0,0,0,0,0,0,0,0,0,0,0,0,0,0,0,0,0,0,0,0,r,0,r,0,r,0,0,0,0,0,0,0,0,0,0,0,0,0,0,0,0,0,0,0,0,0,0,0,0,0,0,0,0,0,0,0,0,0,0,0,0,0,0,0,0
Hypogymnia physodes,Hypogymnia physodes (L.) Nyl.,Hypogymnia physodes,0,0,0,0,0,0,0,0,0,0,0,0,0,0,0,0,0,0,0,0,0,0,0,0,0,0,0,0,0,0,0,0,0,0,0,0,0,0,0,0,0,0,0,0,0,0,0,0,0,0,0,0,0,0,0,0,0,0,0,0,0,0,0,0,0,0,0,0,0,0,+,0,0,0,0,0,0,0,0,+,r,0,0,+,+,+,0,0,0,0,0,r,r,0,0,0,0,0,0,+,0,0,0,0,0,r,r,0,0,0,0,0,0,0,0,0,0,0,0
Peltigera didactyla s.lat.,Peltigera didactyla s.lat. (With.) Laundon,Peltigera didactyla,0,0,0,0,0,0,0,0,0,0,0,0,0,0,0,0,0,0,0,0,0,0,0,0,0,0,0,0,0,0,0,0,0,0,0,0,0,0,0,0,0,0,0,0,0,0,0,0,0,0,0,0,0,0,0,0,0,0,0,0,0,0,0,0,0,0,0,0,0,0,0,0,0,0,r,0,0,0,0,0,0,0,0,0,0,0,0,0,0,0,0,0,0,0,0,0,0,0,0,0,0,0,0,0,0,0,0,0,0,0,0,0,0,0,0,0,0,0,0
Peltigera malacea,Peltigera malacea (Ach.) Funck,Peltigera malacea,0,0,0,0,0,0,0,0,0,0,0,0,0,0,0,0,0,0,0,0,0,0,0,0,0,0,0,0,0,0,0,0,0,0,0,0,0,0,0,0,0,0,0,0,0,0,0,0,0,0,0,0,0,0,0,0,0,0,0,0,0,0,0,0,+,0,0,0,0,0,0,0,+,0,0,0,0,0,0,0,0,0,0,0,0,0,0,0,0,0,0,0,0,0,0,0,0,0,0,0,0,0,0,0,0,0,0,0,0,0,0,0,0,0,0,0,0,0,0
Protopannaria pezizoides,Protopannaria pezizoides (Web.) P.M.Jorg. & S.Ekman,Protopannaria pezizioides,0,0,0,0,0,0,0,0,0,0,0,0,0,0,0,0,0,0,0,0,0,0,0,0,0,0,0,0,0,0,0,0,0,0,0,0,0,0,0,0,0,0,0,0,0,0,0,0,0,0,0,0,0,0,0,0,0,0,0,0,0,0,0,0,0,0,0,0,0,0,0,0,0,0,r,0,0,0,0,0,0,0,0,0,0,0,0,0,0,0,0,0,0,0,0,0,0,0,0,0,0,0,0,0,0,0,0,0,0,0,0,0,0,0,0,0,0,0,0
Baeothryon cespitosum,Trichophorum cespitosum [s. cespitosum] (L.) Schur ,Baeothryon cespitosum,0,0,0,0,0,0,0,0,0,0,0,0,0,0,0,0,0,0,0,0,0,0,0,0,0,0,0,0,0,0,0,0,0,0,0,0,0,0,0,0,0,0,0,0,0,0,0,0,0,0,0,0,0,0,0,0,0,0,0,0,0,0,0,0,0,0,0,0,0,0,0,0,0,0,0,0,0,0,0,0,0,0,0,0,0,0,0,0,0,0,0,0,0,0,0,0,0,0,0,0,0,0,0,0,0,0,0,0,0,0,0,+,0,0,0,0,0,0,0
Chamaedaphne calyculata,Chamaedaphne calyculata (L.) Moench,Chamaedaphne calyculata,0,0,0,0,0,0,0,0,0,0,0,0,0,0,0,0,0,0,0,0,0,0,0,0,0,0,0,0,0,0,0,0,0,0,0,0,0,0,0,0,0,0,0,0,0,0,0,0,0,0,0,0,0,0,0,0,0,0,0,0,0,0,0,0,0,0,0,0,0,0,0,0,0,0,0,0,0,0,0,0,0,0,0,0,0,0,0,0,0,0,0,0,0,0,0,0,0,+,0,0,0,r,0,0,0,0,0,0,0,0,0,0,0,0,0,0,0,0,0
Deschampsia borealis,Deschampsia sukatschewii s. borealis (Trautv.) Tzvelev,Deschampsia borealis ,0,0,0,0,0,0,0,0,0,0,0,0,0,0,0,0,0,0,0,0,0,0,0,0,0,0,0,0,0,0,0,0,0,0,0,0,0,0,0,0,0,0,0,0,0,0,0,0,0,0,0,0,0,0,0,0,0,0,0,0,0,0,0,0,0,0,0,0,0,0,0,0,0,0,0,0,0,0,0,0,0,0,0,0,0,0,0,0,0,0,0,0,0,0,0,0,0,0,0,0,0,0,0,0,0,0,+,0,0,0,0,0,0,0,0,0,0,0,0
Equisetum sylvaticum,Equisetum sylvaticum L.,Equisetum sylvaticum,0,0,0,0,0,0,0,0,0,0,0,0,0,0,0,0,0,0,0,0,0,0,0,0,0,0,0,0,0,0,0,0,0,0,0,0,0,0,0,0,0,0,0,0,0,0,0,0,0,0,0,0,0,0,0,0,0,0,0,0,0,0,0,0,0,0,0,0,0,0,0,0,0,0,0,0,0,0,0,0,+,0,0,+,0,0,0,0,0,0,0,0,0,0,0,0,0,0,0,0,0,0,0,0,0,0,0,0,0,0,0,0,0,0,0,0,0,0,0
Luzula wahlenbergii,Luzula wahlenbergii Rupr.,Luzula wahlenbergii,0,0,0,0,0,0,0,0,0,0,0,0,0,0,0,0,0,0,0,0,0,0,0,0,0,0,0,0,0,0,0,0,0,0,0,0,0,0,0,0,0,0,0,0,0,0,0,0,0,0,0,0,0,0,0,0,0,0,0,0,0,0,0,0,0,0,0,0,0,0,0,0,0,0,0,0,0,0,0,0,0,0,0,0,0,0,0,0,0,0,0,0,0,0,0,0,0,0,0,0,0,0,0,0,0,0,0,0,0,0,0,0,0,0,0,0,0,0,0
Lycopodium species,Lycopodium species,Lycopodium dubium ,0,0,0,0,0,0,0,0,0,0,0,0,0,0,0,0,0,0,0,0,0,0,0,0,0,0,0,0,0,0,0,0,0,0,0,0,0,0,0,0,0,0,0,0,0,0,0,0,0,0,0,0,0,0,0,0,0,0,0,0,0,0,0,0,0,0,0,0,0,0,0,0,0,0,0,0,0,0,0,0,0,0,0,0,0,0,0,0,0,0,0,0,0,0,0,0,0,0,0,0,0,0,0,0,0,0,0,0,0,0,0,0,0,0,0,0,0,0,0
Pedicularis labradorica,Pedicularis labradorica Wirsing,Pedicularis labradorica ,0,0,0,0,0,0,0,0,0,0,0,0,0,0,0,0,0,0,0,0,0,0,0,0,0,0,0,0,0,0,0,0,0,0,0,0,0,0,0,0,0,0,0,0,0,0,0,0,0,0,0,0,0,0,0,0,0,0,0,0,0,0,0,0,0,0,0,0,0,0,0,0,0,0,0,0,0,0,0,0,0,0,0,0,0,0,0,0,0,0,0,0,0,0,0,0,0,0,0,0,0,0,0,0,0,0,0,0,0,0,+,0,0,0,0,0,0,0,0
Poa alpigena,Poa pratensis s. alpigena (Lindm.) Hiitonen,Poa alpigena ,0,0,0,0,0,0,0,0,0,0,0,0,0,0,0,0,0,0,0,0,0,0,0,0,0,0,0,0,0,0,0,0,0,0,0,0,0,0,0,0,0,0,0,0,0,0,0,0,0,0,0,0,0,0,0,0,0,0,0,0,0,0,0,0,0,0,0,0,0,0,0,0,0,0,0,0,0,0,0,+,0,0,0,0,0,0,0,0,0,0,0,0,0,0,0,0,0,0,0,0,0,0,0,0,0,0,0,0,0,0,0,0,0,0,0,0,0,0,0
Trientalis europaea,Trientalis europaea L.,Trientalis europaea,0,0,0,0,0,0,0,0,0,0,0,0,0,0,0,0,0,0,0,0,0,0,0,0,0,0,0,0,0,0,0,0,0,0,0,0,0,0,0,0,0,0,0,0,0,0,0,0,0,0,0,0,0,0,0,0,0,0,0,0,0,0,0,0,0,0,0,0,0,0,0,0,0,0,0,0,0,0,0,0,0,0,0,0,0,0,0,0,0,0,0,0,0,0,0,0,0,0,0,0,0,0,0,0,0,0,0,0,0,0,0,0,0,0,0,0,0,0,0
Ceratodon purpureus,Ceratodon purpureus (Hedw.) Brid.,Ceratodon purpureus ,0,0,0,0,0,0,0,0,0,0,0,0,0,0,0,0,0,0,0,0,0,0,0,0,0,0,0,0,0,0,0,0,0,0,0,0,0,0,0,0,0,0,0,0,0,0,0,0,0,0,0,0,0,0,0,0,0,0,0,0,0,0,0,0,0,0,0,0,0,0,0,0,0,0,0,0,0,0,0,0,0,0,0,0,0,0,0,0,0,0,0,0,0,0,0,0,0,0,0,0,0,0,0,0,0,0,+,0,0,0,0,0,0,0,0,0,0,0,0
Dicranum groenlandicum,Dicranum groenlandicum Brid.,Dicranum groenlandicum ,0,0,0,0,0,0,0,0,0,0,0,0,0,0,0,0,0,0,0,0,0,0,0,0,0,0,0,0,0,0,0,0,0,0,0,0,0,0,0,0,0,0,0,0,0,0,0,0,0,0,0,0,0,0,0,0,0,0,0,0,0,0,0,0,0,0,0,0,0,0,0,0,0,0,0,0,0,0,0,0,0,0,0,0,0,+,0,+,0,0,0,0,0,0,0,0,0,0,0,0,0,0,0,0,0,0,0,0,0,0,0,0,0,0,0,0,0,0,0
Sphagnum aongstroemii,Sphagnum aongstroemii C. Hart.,Sphagnum aongstroemii ,0,0,0,0,0,0,0,0,0,0,0,0,0,0,0,0,0,0,0,0,0,0,0,0,0,0,0,0,0,0,0,0,0,0,0,0,0,0,0,0,0,0,0,0,0,0,0,0,0,0,0,0,0,0,0,0,0,0,0,0,0,0,0,0,0,0,0,0,0,0,0,0,0,0,0,0,0,0,0,0,0,0,0,0,0,0,0,0,0,0,0,0,0,0,0,0,0,0,0,0,0,0,0,0,0,0,0,0,0,0,+,+,0,0,0,0,0,0,0
Tetraplodon mnioides,Tetraplodon mnioides (Swartz ex Hedw.) Bruch & Schimp.,Tetraplodon mnioides,0,0,0,0,0,0,0,0,0,0,0,0,0,0,0,0,0,0,0,0,0,0,0,0,0,0,0,0,0,0,0,0,0,0,0,0,0,0,0,0,0,0,0,0,0,0,0,0,0,0,0,0,0,0,0,0,0,0,0,0,0,0,0,0,0,0,0,0,0,0,0,0,0,0,0,0,0,0,0,0,+,0,0,0,0,0,0,0,0,0,0,0,0,0,0,0,0,0,0,0,0,0,0,0,0,0,0,0,0,0,0,0,0,0,0,0,0,0,0
Lophozia ventricosa,Lophozia ventricosa (Dicks.) Dumort.,Lophozia ventricosa ,0,0,0,0,0,0,0,0,0,0,0,0,0,0,0,0,0,0,0,0,0,0,0,0,0,0,0,0,0,0,0,0,0,0,0,0,0,0,0,0,0,0,0,0,0,0,0,0,0,0,0,0,0,0,0,0,0,0,0,0,0,0,0,0,0,0,0,0,0,0,0,0,0,0,0,0,0,0,0,0,0,0,0,0,0,0,0,0,0,0,0,0,0,0,0,0,0,0,0,0,0,0,0,0,0,0,0,0,0,0,0,0,0,0,0,0,0,0,0
Solenostoma species,Solenostoma species ,Solenostoma sp.,0,0,0,0,0,0,0,0,0,0,0,0,0,0,0,0,0,0,0,0,0,0,0,0,0,0,0,0,0,0,0,0,0,0,0,0,0,0,0,0,0,0,0,0,0,0,0,0,0,0,0,0,0,0,0,0,0,0,0,0,0,0,0,0,0,0,0,0,0,0,0,0,0,0,0,0,0,0,0,0,0,0,0,0,0,0,0,+,0,0,0,0,0,0,0,0,0,0,0,0,r,0,0,0,0,0,0,0,0,0,0,0,0,0,0,0,0,0,0
Unknown liverwort,Unknown liverwort,Unknown liverwort,0,0,0,0,0,0,0,0,0,0,0,0,0,0,0,0,0,0,0,0,0,0,0,0,0,0,0,0,0,0,0,0,0,0,0,0,0,0,0,0,0,0,0,0,0,0,0,0,0,0,0,0,0,0,0,0,0,0,0,0,0,0,0,0,0,0,0,0,0,0,0,0,0,0,0,0,0,0,0,0,1,0,0,+,0,0,0,0,0,0,0,0,0,0,0,0,0,0,0,0,0,0,0,0,0,0,0,0,0,0,0,0,0,0,0,0,0,0,0
Arctocetraria nigricascens,Arctocetraria nigricascens (Nyl.) Elenkin,Arctocetraria nigricascens ,0,0,0,0,0,0,0,0,0,0,0,0,0,0,0,0,0,0,0,0,0,0,0,0,0,0,0,0,0,0,0,0,0,0,0,0,0,0,0,0,0,0,0,0,0,0,0,0,0,0,0,0,0,0,0,0,0,0,0,0,0,0,0,0,0,0,0,0,0,0,0,0,0,0,0,0,0,0,0,0,0,0,0,0,0,0,0,0,0,0,0,0,0,0,0,0,0,0,0,0,0,0,0,0,0,0,0,0,0,0,0,+,0,0,0,0,0,0,0
Cetraria laevigata,Cetraria laevigata Rass.,Cetraria laevigata ,0,0,0,0,0,0,0,0,0,0,0,0,0,0,0,0,0,0,0,0,0,0,0,0,0,0,0,0,0,0,0,0,0,0,0,0,0,0,0,0,0,0,0,0,0,0,0,0,0,0,0,0,0,0,0,0,0,0,0,0,0,0,0,0,0,0,0,0,0,0,0,0,0,0,0,0,0,0,0,0,0,0,0,0,0,0,+,0,0,0,0,0,0,0,0,0,0,0,0,0,0,0,0,0,0,0,+,0,0,0,0,0,0,0,0,0,0,0,0
Cladonia coniocraea,Cladonia coniocraea (Fl?rke) Spreng.,Cladonia coniocraea ,0,0,0,0,0,0,0,0,0,0,0,0,0,0,0,0,0,0,0,0,0,0,0,0,0,0,0,0,0,0,0,0,0,0,0,0,0,0,0,0,0,0,0,0,0,0,0,0,0,0,0,0,0,0,0,0,0,0,0,0,0,0,0,0,0,0,0,0,0,0,0,0,0,0,0,0,0,0,0,0,0,0,0,0,0,0,0,0,0,0,0,0,0,0,0,0,0,0,0,0,0,0,0,0,0,0,0,0,0,0,0,0,0,0,0,0,0,0,0
Cladonia cyanipes,Cladonia cyanipes (Sommerf.) Nyl.,Cladonia cyanipes ,0,0,0,0,0,0,0,0,0,0,0,0,0,0,0,0,0,0,0,0,0,0,0,0,0,0,0,0,0,0,0,0,0,0,0,0,0,0,0,0,0,0,0,0,0,0,0,0,0,0,0,0,0,0,0,0,0,0,0,0,0,0,0,0,0,0,0,0,0,0,0,0,0,0,0,0,0,0,0,0,0,0,0,0,0,1,0,0,0,0,0,0,0,0,0,r,0,0,0,0,0,0,0,0,0,0,0,0,0,0,0,0,0,0,0,0,0,0,0
Cladonia decorticata,Cladonia decorticata (Fl?rke) Sprengel,Cladonia decorticata,0,0,0,0,0,0,0,0,0,0,0,0,0,0,0,0,0,0,0,0,0,0,0,0,0,0,0,0,0,0,0,0,0,0,0,0,0,0,0,0,0,0,0,0,0,0,0,0,0,0,0,0,0,0,0,0,0,0,0,0,0,0,0,0,0,0,0,0,0,0,0,0,0,0,0,0,0,0,0,0,0,0,0,0,0,0,0,0,0,0,0,0,0,0,0,0,0,0,0,0,0,0,0,0,0,0,0,0,0,0,0,0,0,0,0,0,0,0,0
Cladonia fimbriata,Cladonia fimbriata (L.) Fr.,Cladonia fimbriata,0,0,0,0,0,0,0,0,0,0,0,0,0,0,0,0,0,0,0,0,0,0,0,0,0,0,0,0,0,0,0,0,0,0,0,0,0,0,0,0,0,0,0,0,0,0,0,0,0,0,0,0,0,0,0,0,0,0,0,0,0,0,0,0,0,0,0,0,0,0,0,0,0,0,0,0,0,0,0,0,0,0,0,0,0,0,0,0,0,0,0,0,0,0,0,0,0,0,0,0,0,0,0,0,0,r,0,0,0,0,+,0,0,0,0,0,0,0,0
Cladonia macroceras,Cladonia macroceras (Fl?rke) Ahti,Cladonia macroceras ,0,0,0,0,0,0,0,0,0,0,0,0,0,0,0,0,0,0,0,0,0,0,0,0,0,0,0,0,0,0,0,0,0,0,0,0,0,0,0,0,0,0,0,0,0,0,0,0,0,0,0,0,0,0,0,0,0,0,0,0,0,0,0,0,0,0,0,0,0,0,0,0,0,0,0,0,0,0,0,0,0,0,0,0,0,0,0,0,0,0,0,0,0,0,0,0,0,0,0,0,0,0,0,0,0,0,0,0,0,0,0,0,0,0,0,0,0,0,0
Cladonia ochrochlora,Cladonia ochrochlora Fl?rke,Cladonia ochrochlora,0,0,0,0,0,0,0,0,0,0,0,0,0,0,0,0,0,0,0,0,0,0,0,0,0,0,0,0,0,0,0,0,0,0,0,0,0,0,0,0,0,0,0,0,0,0,0,0,0,0,0,0,0,0,0,0,0,0,0,0,0,0,0,0,0,0,0,0,0,0,0,0,0,0,0,0,0,0,0,0,0,0,0,0,0,0,0,0,0,0,+,0,0,0,0,0,0,0,0,0,0,0,0,0,0,0,0,0,0,0,0,0,0,0,0,0,0,0,0
Cladonia phyllophora,Cladonia phyllophora Hoffm.,Cladonia phyllophora ,0,0,0,0,0,0,0,0,0,0,0,0,0,0,0,0,0,0,0,0,0,0,0,0,0,0,0,0,0,0,0,0,0,0,0,0,0,0,0,0,0,0,0,0,0,0,0,0,0,0,0,0,0,0,0,0,0,0,0,0,0,0,0,0,0,0,0,0,0,0,0,0,0,0,0,0,0,0,0,0,0,0,0,0,0,0,0,0,0,0,0,0,0,0,0,0,0,0,0,0,0,0,0,0,0,0,0,0,0,0,0,0,0,0,0,0,0,0,0
Cladonia rangiferina,Cladonia rangiferina (L.) Nyl.,Cladonia rangiferina ,0,0,0,0,0,0,0,0,0,0,0,0,0,0,0,0,0,0,0,0,0,0,0,0,0,0,0,0,0,0,0,0,0,0,0,0,0,0,0,0,0,0,0,0,0,0,0,0,0,0,0,0,3,3,2a,3,2b,2b,2b,2b,3,4,3,3,2b,2b,2b,2a,2b,2a,2a,2a,2b,2b,2a,2b,2a,2a,+,1,+,+,+,1,+,3,1,1,+,1,2a,+,2a,+,2b,2b,3,2a,3,+,2a,2b,2b,2a,2b,1,2a,2b,2b,2b,2b,2b,2b,2b,2b,2a,2b,2b,3
Cladonia stellaris,Cladonia stellaris (Opiz) Pouzar & Vezda,Cladonia stellaris,0,0,0,0,0,0,0,0,0,0,0,0,0,0,0,0,0,0,0,0,0,0,0,0,0,0,0,0,0,0,0,0,0,0,0,0,0,0,0,0,0,0,0,0,0,0,0,0,0,0,0,0,+,0,0,+,r,0,r,0,+,0,0,0,+,r,r,+,1,1,0,0,+,0,r,0,0,0,0,0,0,0,0,0,0,+,0,0,0,0,0,r,0,0,+,2a,1,1,2a,0,0,+,0,0,+,0,0,1,r,r,0,+,0,0,0,+,r,0,+
Cladonia uncialis,Cladonia uncialis (L.) Wigg.,Cladonia uncialis ssp. uncialis,0,0,0,0,0,0,0,0,0,0,0,0,0,0,0,0,0,0,0,0,0,0,0,0,0,0,0,0,0,0,0,0,0,0,0,0,0,0,0,0,0,0,0,0,0,0,0,0,0,0,0,0,0,0,0,0,0,0,0,0,0,0,0,0,0,0,0,0,0,0,0,0,0,0,0,0,0,0,0,1,r,0,0,+,0,+,+,+,+,0,1,2a,1,+,0,0,r,0,+,r,0,0,+,+,0,0,1,0,+,+,+,1,+,+,+,r,r,+,r
Icmadophila ericetorum,Icmadophila ericetorum (L.) Zahlbr.,Icmadophila ericetorum,0,0,0,0,0,0,0,0,0,0,0,0,0,0,0,0,0,0,0,0,0,0,0,0,0,0,0,0,0,0,0,0,0,0,0,0,0,0,0,0,0,0,0,0,0,0,0,0,0,0,0,0,0,0,0,0,0,0,0,0,0,0,0,0,0,0,0,0,0,0,0,0,0,0,0,0,0,0,0,+,+,r,0,+,r,0,+,+,r,0,+,0,+,1,+,1,0,1,r,0,0,r,r,0,r,0,0,0,0,0,0,+,0,0,0,r,0,0,0
Lecidea species,Lecidea species ,Lecidea sp.,0,0,0,0,0,0,0,0,0,0,0,0,0,0,0,0,0,0,0,0,0,0,0,0,0,0,0,0,0,0,0,0,0,0,0,0,0,0,0,0,0,0,0,0,0,0,0,0,0,0,0,0,0,0,0,0,0,0,0,0,0,0,0,0,0,0,0,0,0,0,0,0,0,0,0,0,0,0,0,0,0,0,0,0,0,0,0,0,r,0,0,r,0,0,0,0,0,0,0,0,0,0,0,0,0,0,0,0,0,0,0,0,0,0,0,0,0,0,0
Ochrolechia androgyna,Ochrolechia androgyna (Hoffm.) Arn.,Ochrolechia androgyna,0,0,0,0,0,0,0,0,0,0,0,0,0,0,0,0,0,0,0,0,0,0,0,0,0,0,0,0,0,0,0,0,0,0,0,0,0,0,0,0,0,0,0,0,0,0,0,0,0,0,0,0,r,0,+,0,0,0,0,0,0,0,0,0,0,0,0,0,0,0,0,0,0,0,+,0,0,0,0,1,+,2a,2a,2a,1,1,1,+,+,+,+,+,0,1,+,+,0,2a,0,+,0,0,0,0,0,0,0,0,0,0,+,0,0,0,0,0,0,0,0
Ochrolechia frigida,Ochrolechia frigida (Sw.) Lynge,Ochrolechia frigida,0,0,0,0,0,0,0,0,0,0,0,0,0,0,0,0,0,0,0,0,0,0,0,0,0,0,0,0,0,0,0,0,0,0,0,0,0,0,0,0,0,0,0,0,0,0,0,0,0,0,0,0,+,0,+,0,0,0,r,0,r,0,r,0,0,r,0,0,r,0,0,+,0,r,+,0,0,0,r,1,1,0,2a,1,1,1,1,1,1,+,+,+,+,1,+,+,+,1,+,+,r,r,+,r,r,0,+,0,0,+,0,0,0,0,r,r,0,0,r
Ochrolechia inaequatula,Ochrolechia inaequatula (Nyl.) Zahlbr.,Ochrolechia inaequatula ,0,0,0,0,0,0,0,0,0,0,0,0,0,0,0,0,0,0,0,0,0,0,0,0,0,0,0,0,0,0,0,0,0,0,0,0,0,0,0,0,0,0,0,0,0,0,0,0,0,0,0,0,0,0,0,0,0,0,0,0,0,0,0,0,0,0,0,0,0,0,0,0,0,0,0,0,0,0,0,0,2a,2a,2a,0,1,1,1,+,0,0,0,+,+,1,0,0,0,2a,+,1,0,0,0,r,0,0,0,0,0,0,0,0,0,0,0,0,0,0,0
Ochrolechia upsaliensis,Ochrolechia upsaliensis (L.) Massal.,Ochrolechia upsaliensis ,0,0,0,0,0,0,0,0,0,0,0,0,0,0,0,0,0,0,0,0,0,0,0,0,0,0,0,0,0,0,0,0,0,0,0,0,0,0,0,0,0,0,0,0,0,0,0,0,0,0,0,0,0,0,0,0,0,0,0,0,0,0,0,0,0,0,0,0,0,0,0,0,0,0,0,0,0,0,0,0,0,0,0,0,0,0,+,+,0,0,0,0,0,0,0,0,0,0,0,0,0,0,0,0,0,0,0,0,0,0,0,0,0,0,0,0,0,0,0
Peltigera aphthosa,Peltigera aphthosa (L.) Willd.,Peltigera aphthosa,0,0,0,0,0,0,0,0,0,0,0,0,0,0,0,0,0,0,0,0,0,0,0,0,0,0,0,0,0,0,0,0,0,0,0,0,0,0,0,0,0,0,0,0,0,0,0,0,0,0,0,0,0,0,0,0,0,0,0,0,0,0,0,0,0,0,0,0,0,0,0,0,0,0,0,0,0,0,0,0,0,0,0,0,0,+,0,0,0,0,0,0,0,0,0,0,0,0,0,0,0,0,0,0,0,0,0,0,0,0,0,0,0,0,0,0,0,0,0
Peltigera polydactylon,Peltigera polydactylon (Neck.) Hoffm.,Peltigera polydactylon,0,0,0,0,0,0,0,0,0,0,0,0,0,0,0,0,0,0,0,0,0,0,0,0,0,0,0,0,0,0,0,0,0,0,0,0,0,0,0,0,0,0,0,0,0,0,0,0,0,0,0,0,0,0,0,0,0,0,0,0,0,0,0,0,0,0,0,0,0,0,0,0,0,0,0,0,0,0,0,0,+,0,0,0,0,0,0,+,0,0,0,0,0,0,0,0,0,0,0,0,0,0,r,0,0,0,0,0,0,0,0,0,0,0,0,0,0,0,0
Pertusaria bryontha,Pertusaria bryontha (Ach.) Nyl.,Pertusaria bryontha,0,0,0,0,0,0,0,0,0,0,0,0,0,0,0,0,0,0,0,0,0,0,0,0,0,0,0,0,0,0,0,0,0,0,0,0,0,0,0,0,0,0,0,0,0,0,0,0,0,0,0,0,0,0,0,0,0,0,0,0,0,0,0,0,0,0,0,0,0,0,0,0,0,0,0,0,0,0,0,0,0,0,0,0,0,0,0,0,0,0,0,0,0,0,0,0,0,0,0,0,0,0,0,0,0,0,0,0,0,0,0,0,0,0,0,0,0,0,0
Pertusaria panyrga,Pertusaria panyrga (Ach.) A. Massal.,Pertusaria panyrga ,0,0,0,0,0,0,0,0,0,0,0,0,0,0,0,0,0,0,0,0,0,0,0,0,0,0,0,0,0,0,0,0,0,0,0,0,0,0,0,0,0,0,0,0,0,0,0,0,0,0,0,0,0,0,0,0,0,0,0,0,0,0,0,0,0,0,0,0,0,0,0,0,0,0,0,0,0,0,0,0,0,0,0,0,0,0,0,0,0,0,0,0,0,0,0,0,0,0,0,0,0,0,+,0,0,0,0,0,0,0,0,0,0,0,0,0,0,0,0
Sphaerophorus globosus,Sphaerophorus globosus (Huds.) Vain.,Sphaerophorus globosus,0,0,0,0,0,0,0,0,0,0,0,0,0,0,0,0,0,0,0,0,0,0,0,0,0,0,0,0,0,0,0,0,0,0,0,0,0,0,0,0,0,0,0,0,0,0,0,0,0,0,0,0,0,+,r,r,0,r,0,0,0,0,0,0,+,0,0,0,0,0,0,0,1,0,+,0,0,0,0,1,1,1,2a,+,+,+,1,1,+,+,1,+,+,1,r,0,0,0,0,r,0,0,0,1,+,+,1,r,+,+,0,+,0,0,r,0,0,+,0
Stereocaulon paschale,Stereocaulon paschale (L.) Hoffm.,Stereocaulon paschale ,0,0,0,0,0,0,0,0,0,0,0,0,0,0,0,0,0,0,0,0,0,0,0,0,0,0,0,0,0,0,0,0,0,0,0,0,0,0,0,0,0,0,0,0,0,0,0,0,0,0,0,0,0,0,0,0,0,0,0,0,0,0,0,0,0,0,0,0,0,0,0,0,0,0,0,0,0,0,0,0,0,0,0,0,0,0,0,0,0,0,0,0,0,0,0,0,0,0,0,0,0,0,0,0,0,0,0,0,0,0,0,+,0,0,0,0,0,0,0
Thamnolia vermicularis s. vermicularis,Thamnolia vermicularis s. vermicularis (Sw.) Schaer.,Thamnolia vermicularis var. vermicularis,0,0,0,0,0,0,0,0,0,0,0,0,0,0,0,0,0,0,0,0,0,0,0,0,0,0,0,0,0,0,0,0,0,0,0,0,0,0,0,0,0,0,0,0,0,0,0,0,0,0,0,0,0,0,0,0,0,0,0,0,0,0,0,0,0,0,0,0,0,0,0,0,0,0,0,0,0,0,0,0,0,0,0,0,0,1,+,0,+,0,+,+,+,+,r,0,0,0,0,0,0,0,0,0,+,0,+,+,0,0,1,1,+,r,+,r,r,0,0
Varicellaria rhodocarpa,Varicellaria rhodocarpa Nyl.,Varicellaria rhodocarpa,0,0,0,0,0,0,0,0,0,0,0,0,0,0,0,0,0,0,0,0,0,0,0,0,0,0,0,0,0,0,0,0,0,0,0,0,0,0,0,0,0,0,0,0,0,0,0,0,0,0,0,0,0,0,0,0,0,0,0,0,0,0,0,0,0,0,0,0,0,0,0,0,0,0,0,0,0,0,0,0,0,0,0,0,0,+,0,0,0,0,0,0,0,0,0,0,0,0,0,0,0,0,0,0,0,0,0,0,0,0,0,0,0,0,0,0,0,0,0
